category,resource,absolute_file,line,target_function,arg_index,operation,cvisualizer_expressions,cvisualizer_values,cvisualizer_syntax_values,cvisualizer_statuses,legacy_raw_expressions,legacy_values,legacy_statuses,legacy_llm_backwalk,legacy_provenance
both_unresolved,forkproc,/home/chukyu/t-dif/src/dif400d/dif400Deque.c,95,pmf_forkprocdup_H,1,FORKPROC,(char *)dupname,,,"{""EXTERNAL"": 1}",(char *)dupname,,"{""UNRESOLVED"": 1}",True,t-dif/src/dif400d/dif400Deque.c:4303 pmf_forkprocdup_H arg 1
both_unresolved,forkproc,/home/chukyu/t-dif/src/libdif/difSVRep.c,198,pmf_forkprocbs_H,1,FORKPROC,cpuname,,,"{""UNREACHABLE"": 1}",,,{},False,
both_unresolved,forkproc,/home/chukyu/t-dif/src/libdifP/difOpRep.c,93,pmf_forkproc_H,1,FORKPROC,P_NAME,,,"{""UNREACHABLE"": 1}",,,{},False,
both_unresolved,forkproc,/home/chukyu/t-dif/tool/diftest/diftest101.c,57,pmf_forkproc_H,1,FORKPROC,proc,,,"{""EXTERNAL"": 1}",,,{},False,
both_unresolved,forkproc,/home/chukyu/t-dif/tool/diftest/diftest900.c,45,pmf_forkproc_H,1,FORKPROC,proc,,,"{""EXTERNAL"": 1}",,,{},False,
both_unresolved,forkproc,/home/chukyu/t-dxi/src/dxi400d/dxi400d_main.c,278,pmf_forkprocbs_H,1,FORKPROC,cpname,,,"{""EXTERNAL"": 1}",cpname,,"{""UNRESOLVED"": 1}",True,t-dxi/src/dxi400d/dxi400d_main.c:10723 pmf_forkprocbs_H arg 1
both_unresolved,forkproc,/home/chukyu/t-dxi/src/dxi400d/dxi400d_main.c,296,pmf_forkprocbs_H,1,FORKPROC,cpname,,,"{""EXTERNAL"": 1}",cpname,,"{""UNRESOLVED"": 1}",True,t-dxi/src/dxi400d/dxi400d_main.c:11646 pmf_forkprocbs_H arg 1
both_unresolved,forkproc,/home/chukyu/t-dxi/src/libdxiinside/dxi_dblcirreq.c,100,pmf_forkproc_H,1,FORKPROC,prcname,,,"{""EXTERNAL"": 1, ""UNREACHABLE"": 1}",,,{},False,
both_unresolved,forkproc,/home/chukyu/t-dyn/src/dyn591/dyn591CsvLoad.c,432,pmf_forkproc_H,1,FORKPROC,cProcName,,,"{""EXTERNAL"": 1}",cProcName,,"{""UNRESOLVED"": 1}",True,t-dyn/src/dyn591/dyn591CsvLoad.c:14847 pmf_forkproc_H arg 1
both_unresolved,forkproc,/home/chukyu/t-dyn/src/dyn600/dyn600MainProc.c,1262,pmf_forkprocbs_H,1,FORKPROC,rcpuname,,,"{""EXTERNAL"": 1}",rcpuname,,"{""UNRESOLVED"": 1}",True,t-dyn/src/dyn600/dyn600MainProc.c:48969 pmf_forkprocbs_H arg 1
both_unresolved,forkproc,/home/chukyu/t-dyn/src/libDynDspCom/LibDynDspCom.c,151,pmf_forkproc_H,1,FORKPROC,PROC_NAME,,,"{""UNREACHABLE"": 1}",,,{},False,
both_unresolved,forkproc,/home/chukyu/t-dyn/src/libDynDspCom/LibDynDspCom.c,212,pmf_forkproc_H,1,FORKPROC,PROC_NAME,,,"{""UNREACHABLE"": 1}",,,{},False,
both_unresolved,forkproc,/home/chukyu/t-dyn/src/libDynDspCom/LibDynDspCom.c,285,pmf_forkproc_H,1,FORKPROC,PROC_NAME,,,"{""UNREACHABLE"": 1}",,,{},False,
both_unresolved,forkproc,/home/chukyu/t-dyn/src/libDynDspCom/LibDynDspCom.c,343,pmf_forkproc_H,1,FORKPROC,PROC_NAME,,,"{""UNREACHABLE"": 1}",,,{},False,
both_unresolved,forkproc,/home/chukyu/t-dyn/src/libDynDspCom/LibDynDspCom.c,398,pmf_forkproc_H,1,FORKPROC,PROC_NAME,,,"{""UNREACHABLE"": 1}",,,{},False,
both_unresolved,forkproc,/home/chukyu/t-dyn/src/libDynDspCom/LibDynDspCom.c,443,pmf_forkproc_H,1,FORKPROC,PROC_NAME,,,"{""UNREACHABLE"": 1}",,,{},False,
both_unresolved,forkproc,/home/chukyu/t-dyn/src/libDynDspCom/LibDynDspCom.c,491,pmf_forkproc_H,1,FORKPROC,PROC_NAME,,,"{""UNREACHABLE"": 1}",,,{},False,
both_unresolved,forkproc,/home/chukyu/t-dyn/src/libDynDspCom/LibDynDspCom.c,528,pmf_forkproc_H,1,FORKPROC,PROC_NAME,,,"{""UNREACHABLE"": 1}",,,{},False,
both_unresolved,forkproc,/home/chukyu/t-dyn/src/libDynDspCom/LibDynDspCom.c,565,pmf_forkproc_H,1,FORKPROC,PROC_NAME,,,"{""UNREACHABLE"": 1}",,,{},False,
both_unresolved,forkproc,/home/chukyu/t-dyn/src/libDynDspCom/LibDynDspCom.c,602,pmf_forkproc_H,1,FORKPROC,PROC_NAME,,,"{""UNREACHABLE"": 1}",,,{},False,
both_unresolved,forkproc,/home/chukyu/t-dyn/src/libDynDspCom/LibDynDspCom.c,666,pmf_forkproc_H,1,FORKPROC,PROC_NAME,,,"{""UNREACHABLE"": 1}",,,{},False,
both_unresolved,forkproc,/home/chukyu/t-dyn/src/libDynDspCom/LibDynDspCom.c,706,pmf_forkproc_H,1,FORKPROC,PROC_NAME,,,"{""UNREACHABLE"": 1}",,,{},False,
both_unresolved,forkproc,/home/chukyu/t-dyn/src/libDynDspCom/LibDynDspCom.c,756,pmf_forkproc_H,1,FORKPROC,PROC_NAME,,,"{""UNREACHABLE"": 1}",,,{},False,
both_unresolved,forkproc,/home/chukyu/t-dyn/src/libDynDspCom/LibDynDspCom.c,793,pmf_forkproc_H,1,FORKPROC,PROC_NAME,,,"{""UNREACHABLE"": 1}",,,{},False,
both_unresolved,forkproc,/home/chukyu/t-dyn/src/libDynDspCom/LibDynDspCom.c,836,pmf_forkproc_H,1,FORKPROC,PROC_NAME,,,"{""UNREACHABLE"": 1}",,,{},False,
both_unresolved,forkproc,/home/chukyu/t-dyn/src/libDynDspCom/LibDynDspCom.c,873,pmf_forkproc_H,1,FORKPROC,PROC_NAME,,,"{""UNREACHABLE"": 1}",,,{},False,
both_unresolved,forkproc,/home/chukyu/t-dyn/src/libDynDspCom/LibDynDspCom.c,930,pmf_forkproc_H,1,FORKPROC,PROC_NAME,,,"{""UNREACHABLE"": 1}",,,{},False,
both_unresolved,forkproc,/home/chukyu/t-dyn/src/libDynDspCom/LibDynDspCom.c,967,pmf_forkproc_H,1,FORKPROC,PROC_NAME,,,"{""UNREACHABLE"": 1}",,,{},False,
both_unresolved,forkproc,/home/chukyu/t-dyn/src/libDynDspCom/LibDynDspCom.c,1000,pmf_forkproc_H,1,FORKPROC,PROC_NAME,,,"{""UNREACHABLE"": 1}",,,{},False,
both_unresolved,forkproc,/home/chukyu/t-dyn/src/libDynDspCom/LibDynDspCom.c,1034,pmf_forkproc_H,1,FORKPROC,PROC_NAME,,,"{""UNREACHABLE"": 1}",,,{},False,
both_unresolved,forkproc,/home/chukyu/t-dyn/src/libDynDspCom/LibDynDspCom.c,1530,pmf_forkproc_H,1,FORKPROC,PROC_NAME_RELAY,,,"{""UNREACHABLE"": 1}",,,{},False,
both_unresolved,forkproc,/home/chukyu/t-dyn/src/libDynDspCom/LibDynDspCom.c,1557,pmf_forkproc_H,1,FORKPROC,PROC_NAME_RELAY,,,"{""UNREACHABLE"": 1}",,,{},False,
cvisualizer_resolved_only,forkproc,/home/chukyu/t-dyn/src/libDynRe/DynReEneLib.c,78,pmf_forkproc_H,1,FORKPROC,PROC_NAME,dyn600,dyn600,"{""EXACT"": 1, ""UNREACHABLE"": 1}",,,{},False,
cvisualizer_resolved_only,forkproc,/home/chukyu/t-dyn/src/libDynRe/DynReEneLib.c,174,pmf_forkproc_H,1,FORKPROC,PROC_NAME,dyn600,dyn600,"{""EXACT"": 1, ""UNREACHABLE"": 1}",,,{},False,
cvisualizer_resolved_only,forkproc,/home/chukyu/t-dyn/src/libDynRe/DynReEneLib.c,222,pmf_forkproc_H,1,FORKPROC,PROC_NAME,dyn600,dyn600,"{""EXACT"": 1, ""UNREACHABLE"": 1}",,,{},False,
cvisualizer_resolved_only,forkproc,/home/chukyu/t-dyn/src/libDynRe/DynReEneLib.c,282,pmf_forkproc_H,1,FORKPROC,PROC_NAME,dyn600,dyn600,"{""EXACT"": 1, ""UNREACHABLE"": 1}",,,{},False,
cvisualizer_resolved_only,forkproc,/home/chukyu/t-dyn/src/libDynRe/DynReEneLib.c,342,pmf_forkproc_H,1,FORKPROC,PROC_NAME,dyn600,dyn600,"{""EXACT"": 1, ""UNREACHABLE"": 1}",,,{},False,
cvisualizer_resolved_only,forkproc,/home/chukyu/t-dyn/src/libDynRe/DynReEneLib.c,401,pmf_forkproc_H,1,FORKPROC,PROC_NAME,dyn600,dyn600,"{""EXACT"": 1, ""UNREACHABLE"": 1}",,,{},False,
cvisualizer_resolved_only,forkproc,/home/chukyu/t-dyn/src/libDynRe/DynReEneLib.c,463,pmf_forkproc_H,1,FORKPROC,PROC_NAME,dyn600,dyn600,"{""EXACT"": 1, ""UNREACHABLE"": 1}",,,{},False,
cvisualizer_resolved_only,forkproc,/home/chukyu/t-dyn/src/libDynRe/DynReEneLib.c,513,pmf_forkproc_H,1,FORKPROC,PROC_NAME,dyn600,dyn600,"{""EXACT"": 1, ""UNREACHABLE"": 1}",,,{},False,
cvisualizer_resolved_only,forkproc,/home/chukyu/t-dyn/src/libDynRe/DynReEneLib.c,564,pmf_forkproc_H,1,FORKPROC,PROC_NAME,dyn600,dyn600,"{""EXACT"": 1, ""UNREACHABLE"": 1}",,,{},False,
cvisualizer_resolved_only,forkproc,/home/chukyu/t-dyn/src/libDynRe/DynReEneLib.c,611,pmf_forkproc_H,1,FORKPROC,PROC_NAME,dyn600,dyn600,"{""EXACT"": 1, ""UNREACHABLE"": 1}",,,{},False,
cvisualizer_resolved_only,forkproc,/home/chukyu/t-dyn/src/libDynRe/DynReEneLib.c,656,pmf_forkproc_H,1,FORKPROC,PROC_NAME,dyn600,dyn600,"{""EXACT"": 1, ""UNREACHABLE"": 1}",,,{},False,
both_unresolved,forkproc,/home/chukyu/t-dyn/src/libDynRe/DynReMsgSub.c,118,pmf_forkprocbs_H,1,FORKPROC,rcpuname,,,"{""EXTERNAL"": 1, ""UNREACHABLE"": 1}",,,{},False,
both_unresolved,forkproc,/home/chukyu/t-rep/src/msg200d/msg200dCsvRq.c,197,pmf_forkprocdup_H,1,FORKPROC,(char *)dupname,,,"{""EXTERNAL"": 1}",,,{},False,
both_unresolved,forkproc,/home/chukyu/t-svm/src/libSvmManSt/SvmManStReport.c,53,pmf_forkproc_H,1,FORKPROC,SVM350,,,"{""UNREACHABLE"": 1}",,,{},False,
both_unresolved,forkproc,/home/chukyu/t-svm/src/libsvm/SvmOpReport.c,232,pmf_forkproc_H,1,FORKPROC,proc_name,,,"{""UNREACHABLE"": 1}",,,{},False,
both_unresolved,forkproc,/home/chukyu/t-svm/src/svm500d/svm500Main.c,217,pmf_forkprocbs_H,1,FORKPROC,rcpuname,,,"{""EXTERNAL"": 1}",rcpuname,,"{""UNRESOLVED"": 1}",True,t-svm/src/svm500d/svm500Main.c:7649 pmf_forkprocbs_H arg 1
both_unresolved,forkproc,/home/chukyu/t-svm/tool/svmsetq/svmsetq.c,146,pmf_forkproc_H,1,FORKPROC,proc_name,,,"{""EXTERNAL"": 1}",,,{},False,
both_unresolved,forkproc,/home/chukyu/t-tmm/src/libtmm/TmmInput.c,169,pmf_forkprocbs_H,1,FORKPROC,mcs_a.cpuname,,,"{""UNREACHABLE"": 1}",,,{},False,
both_unresolved,forkproc,/home/chukyu/t-tmm/src/libtmm/TmmInput.c,183,pmf_forkprocbs_H,1,FORKPROC,mcs_b.cpuname,,,"{""UNREACHABLE"": 1}",,,{},False,
both_unresolved,forkproc,/home/chukyu/t-tmm/src/libtmm/TmmInput.c,267,pmf_forkprocbs_H,1,FORKPROC,mcs_b.cpuname,,,"{""UNREACHABLE"": 1}",,,{},False,
both_unresolved,forkproc,/home/chukyu/t-tmm/src/libtmm/TmmInput.c,294,pmf_forkprocbs_H,1,FORKPROC,mcs_a.cpuname,,,"{""UNREACHABLE"": 1}",,,{},False,
both_unresolved,forkproc,/home/chukyu/t-tmm/src/libtmm/TmmInput.c,314,pmf_forkprocbs_H,1,FORKPROC,kds_b.cpuname,,,"{""UNREACHABLE"": 1}",,,{},False,
both_unresolved,forkproc,/home/chukyu/t-tmm/src/libtmm/TmmInput.c,334,pmf_forkprocbs_H,1,FORKPROC,kds_a.cpuname,,,"{""UNREACHABLE"": 1}",,,{},False,
both_unresolved,forkproc,/home/chukyu/t-tmm/src/libtmm/TmmInput.c,352,pmf_forkprocbs_H,1,FORKPROC,dms.cpuname,,,"{""UNREACHABLE"": 1}",,,{},False,
both_unresolved,forkproc,/home/chukyu/t-tmm/src/libtmm/TmmInput.c,379,pmf_forkprocbs_H,1,FORKPROC,dms.cpuname,,,"{""UNREACHABLE"": 1}",,,{},False,
both_unresolved,forkproc,/home/chukyu/t-tmm/src/libtmm/TmmInput.c,394,pmf_forkprocbs_H,1,FORKPROC,tmcs.cpuname,,,"{""UNREACHABLE"": 1}",,,{},False,
both_unresolved,forkproc,/home/chukyu/t-tmm/src/libtmm/TmmInput.c,455,pmf_forkprocbs_H,1,FORKPROC,mcs_a.cpuname,,,"{""UNREACHABLE"": 1}",,,{},False,
both_unresolved,forkproc,/home/chukyu/t-tmm/src/libtmm/TmmInput.c,472,pmf_forkprocbs_H,1,FORKPROC,mcs_b.cpuname,,,"{""UNREACHABLE"": 1}",,,{},False,
both_unresolved,forkproc,/home/chukyu/t-tmm/src/libtmm/TmmInput.c,490,pmf_forkprocbs_H,1,FORKPROC,mcs_a.cpuname,,,"{""UNREACHABLE"": 1}",,,{},False,
both_unresolved,forkproc,/home/chukyu/t-tmm/src/libtmm/TmmInput.c,504,pmf_forkprocbs_H,1,FORKPROC,mcs_b.cpuname,,,"{""UNREACHABLE"": 1}",,,{},False,
both_unresolved,forkproc,/home/chukyu/t-tmm/src/libtmm/TmmInputK.c,105,pmf_forkprocbs_H,1,FORKPROC,kds_a.cpuname,,,"{""UNREACHABLE"": 1}",,,{},False,
both_unresolved,forkproc,/home/chukyu/t-tmm/src/libtmm/TmmInputK.c,115,pmf_forkprocbs_H,1,FORKPROC,kds_b.cpuname,,,"{""UNREACHABLE"": 1}",,,{},False,
both_unresolved,forkproc,/home/chukyu/t-tmm/src/tmm000/tmm000_deamon.c,56,pmf_forkproc_H,1,FORKPROC,tmm000_prc[cpukind][i].prgname,,,"{""EXTERNAL"": 1}",,,{},False,
both_unresolved,forkproc,/home/chukyu/t-tmm/src/tmm200d/tmm200d_trans.c,297,pmf_forkprocbs_H,1,FORKPROC,name1,,,"{""UNREACHABLE"": 1}",,,{},False,
both_unresolved,forkproc,/home/chukyu/t-tmm/src/tmm200d/tmm200d_trans.c,340,pmf_forkprocbs_H,1,FORKPROC,name2,,,"{""UNREACHABLE"": 1}",,,{},False,
legacy_resolved_only,mfs_file,/home/chukyu/t-cha/src/cha001/cha001ClrCaseMan.c,106,mpf_mfs_readrecm,1,READREC,&sCaseManFcb,,,"{""UNREACHABLE"": 1}",&sCaseManFcb; ChaCaseManageNo,2836,"{""ADDED"": 1, ""OK_MACRO"": 1}",False,t-cha/src/cha001/cha001ClrCaseMan.c:3381 mpf_mfs_openm_H arg 2 > t-cha/src/cha001/cha001ClrCaseMan.c:3630 mpf_mfs_readrecm handle 1
legacy_resolved_only,mfs_file,/home/chukyu/t-cha/src/cha001/cha001ClrCaseMan.c,147,mpf_mfs_writerecm,1,WRITEREC,&sCaseManFcb,,,"{""UNREACHABLE"": 1}",&sCaseManFcb; ChaCaseManageNo,2836,"{""ADDED"": 1, ""OK_MACRO"": 1}",False,t-cha/src/cha001/cha001ClrCaseMan.c:3381 mpf_mfs_openm_H arg 2 > t-cha/src/cha001/cha001ClrCaseMan.c:4904 mpf_mfs_writerecm handle 1
legacy_resolved_only,mfs_file,/home/chukyu/t-cha/src/cha001/cha001Main.c,171,mpf_mfs_readrecm,1,READREC,&recman_fcb,,,"{""UNREACHABLE"": 1}",&recman_fcb; ChaRecManageNo,2839,"{""ADDED"": 1, ""OK_MACRO"": 1}",False,t-cha/src/cha001/cha001Main.c:5511 mpf_mfs_openm_H arg 2 > t-cha/src/cha001/cha001Main.c:5769 mpf_mfs_readrecm handle 1
legacy_resolved_only,mfs_file,/home/chukyu/t-cha/src/cha001/cha001Main.c,177,mpf_mfs_writerecm,1,WRITEREC,&recman_fcb,,,"{""UNREACHABLE"": 1}",&recman_fcb; ChaRecManageNo,2839,"{""ADDED"": 1, ""OK_MACRO"": 1}",False,t-cha/src/cha001/cha001Main.c:5511 mpf_mfs_openm_H arg 2 > t-cha/src/cha001/cha001Main.c:6023 mpf_mfs_writerecm handle 1
legacy_resolved_only,mfs_file,/home/chukyu/t-cha/src/cha001/cha001Main.c,227,mpf_mfs_readrecm,1,READREC,&recman_fcb,,,"{""UNREACHABLE"": 1}",&recman_fcb; ChaRecManageNo,2839,"{""ADDED"": 1, ""OK_MACRO"": 1}",False,t-cha/src/cha001/cha001Main.c:7406 mpf_mfs_openm_H arg 2 > t-cha/src/cha001/cha001Main.c:7572 mpf_mfs_readrecm handle 1
legacy_resolved_only,mfs_file,/home/chukyu/t-cha/src/cha001/cha001Main.c,283,mpf_mfs_writerecm,1,WRITEREC,&recman_fcb,,,"{""UNREACHABLE"": 1}",&recman_fcb; ChaRecManageNo,2839,"{""ADDED"": 1, ""OK_MACRO"": 1}",False,t-cha/src/cha001/cha001Main.c:9414 mpf_mfs_openm_H arg 2 > t-cha/src/cha001/cha001Main.c:9581 mpf_mfs_writerecm handle 1
legacy_resolved_only,mfs_file,/home/chukyu/t-cha/src/cha001/cha001Main.c,356,mpf_mfs_readrecm,1,READREC,&recman_fcb,,,"{""UNREACHABLE"": 1}",&recman_fcb; ChaRecManageNo,2839,"{""ADDED"": 1, ""OK_MACRO"": 1}",False,t-cha/src/cha001/cha001Main.c:11894 mpf_mfs_openm_H arg 2 > t-cha/src/cha001/cha001Main.c:12060 mpf_mfs_readrecm handle 1
legacy_resolved_only,mfs_file,/home/chukyu/t-cha/src/cha001/cha001Main.c,384,mpf_mfs_writerecm,1,WRITEREC,&recman_fcb,,,"{""UNREACHABLE"": 1}",&recman_fcb; ChaRecManageNo,2839,"{""ADDED"": 1, ""OK_MACRO"": 1}",False,t-cha/src/cha001/cha001Main.c:12887 mpf_mfs_openm_H arg 2 > t-cha/src/cha001/cha001Main.c:13054 mpf_mfs_writerecm handle 1
both_unresolved,mfs_file,/home/chukyu/t-cha/src/cha001/cha001ModeInit.c,102,mpf_mfs_copyrec,2,COPYREC_FROM,iOpenFileNo,,,"{""EXTERNAL"": 1}",iOpenFileNo,,"{""UNRESOLVED"": 1}",True,t-cha/src/cha001/cha001ModeInit.c:4170 mpf_mfs_copyrec arg 2
both_unresolved,mfs_file,/home/chukyu/t-cha/src/cha001/cha001ModeInit.c,118,mpf_mfs_copyrec,2,COPYREC_FROM,iOpenFileNo,,,"{""EXTERNAL"": 1}",iOpenFileNo,,"{""UNRESOLVED"": 1}",True,t-cha/src/cha001/cha001ModeInit.c:5003 mpf_mfs_copyrec arg 2
legacy_resolved_only,mfs_file,/home/chukyu/t-cha/src/cha001/cha001Update.c,227,mpf_mfs_writerecm,1,WRITEREC,&holman_fcb,,,"{""UNREACHABLE"": 1}",&holman_fcb; ChaHoleManageNo,2819,"{""ADDED"": 1, ""OK_MACRO"": 1}",False,t-cha/src/cha001/cha001Update.c:7487 mpf_mfs_openm_H arg 2 > t-cha/src/cha001/cha001Update.c:8016 mpf_mfs_writerecm handle 1
both_unresolved,mfs_file,/home/chukyu/t-cha/src/cha100d/cha100dMain.c,54,mpf_mfs_readrecm,1,READREC,&onlman_fcb,,,"{""UNREACHABLE"": 1}",,,{},False,
legacy_resolved_only,mfs_file,/home/chukyu/t-cha/src/cha100d/cha100dMain.c,229,mpf_mfs_readrecm,1,READREC,&onlman_fcb,,,"{""UNREACHABLE"": 1}",&onlman_fcb; ChaOnlineManageNo,2802,"{""ADDED"": 1, ""OK_MACRO"": 1}",False,t-cha/src/cha100d/cha100dMain.c:6732 mpf_mfs_openm_H arg 2 > t-cha/src/cha100d/cha100dMain.c:6910 mpf_mfs_readrecm handle 1
legacy_resolved_only,mfs_file,/home/chukyu/t-cha/src/cha101d/cha101dMain.c,197,mpf_mfs_readrecm,1,READREC,&recman_fcb,,,"{""UNREACHABLE"": 1}",&recman_fcb; ChaRecManageNo,2839,"{""ADDED"": 1, ""OK_MACRO"": 1}",False,t-cha/src/cha101d/cha101dMain.c:6195 mpf_mfs_openm_H arg 2 > t-cha/src/cha101d/cha101dMain.c:6367 mpf_mfs_readrecm handle 1
legacy_resolved_only,mfs_file,/home/chukyu/t-cha/src/cha101d/cha101dMain.c,255,mpf_mfs_writerecm,1,WRITEREC,&onlman_fcb,,,"{""UNREACHABLE"": 1}",&onlman_fcb; ChaOnlineManageNo,2802,"{""ADDED"": 1, ""OK_MACRO"": 1}",False,t-cha/src/cha101d/cha101dMain.c:8067 mpf_mfs_openm_H arg 2 > t-cha/src/cha101d/cha101dMain.c:8240 mpf_mfs_writerecm handle 1
legacy_resolved_only,mfs_file,/home/chukyu/t-cha/src/cha101d/cha101dMain.c,266,mpf_mfs_readrecm,1,READREC,&holman_fcb,,,"{""UNREACHABLE"": 1}",&holman_fcb; ChaHoleManageNo,2819,"{""ADDED"": 1, ""OK_MACRO"": 1}",False,t-cha/src/cha101d/cha101dMain.c:8428 mpf_mfs_openm_H arg 2 > t-cha/src/cha101d/cha101dMain.c:8597 mpf_mfs_readrecm handle 1
legacy_resolved_only,mfs_file,/home/chukyu/t-cha/src/cha101d/cha101dMain.c,268,mpf_mfs_writerecm,1,WRITEREC,&holman_fcb,,,"{""UNREACHABLE"": 1}",&holman_fcb; ChaHoleManageNo,2819,"{""ADDED"": 1, ""OK_MACRO"": 1}",False,t-cha/src/cha101d/cha101dMain.c:8428 mpf_mfs_openm_H arg 2 > t-cha/src/cha101d/cha101dMain.c:8695 mpf_mfs_writerecm handle 1
legacy_resolved_only,mfs_file,/home/chukyu/t-cha/src/cha101d/cha101dMain.c,282,mpf_mfs_writerecm,1,WRITEREC,&holman_fcb,,,"{""UNREACHABLE"": 1}",&holman_fcb; ChaHoleManageNo,2819,"{""ADDED"": 1, ""OK_MACRO"": 1}",False,t-cha/src/cha101d/cha101dMain.c:8428 mpf_mfs_openm_H arg 2 > t-cha/src/cha101d/cha101dMain.c:9091 mpf_mfs_writerecm handle 1
legacy_resolved_only,mfs_file,/home/chukyu/t-cha/src/cha101d/cha101dSVSave.c,56,mpf_mfs_readrecm,1,READREC,&svdef_fcb,,,"{""UNREACHABLE"": 1}",&svdef_fcb; ChaRecSVDefNo,2853,"{""ADDED"": 1, ""OK_MACRO"": 1}",False,t-cha/src/cha101d/cha101dSVSave.c:1755 mpf_mfs_openm_H arg 2 > t-cha/src/cha101d/cha101dSVSave.c:1912 mpf_mfs_readrecm handle 1
legacy_resolved_only,mfs_file,/home/chukyu/t-cha/src/cha101d/cha101dSVSave.c,65,mpf_mfs_readrecm,1,READREC,&svidx_fcb,,,"{""UNREACHABLE"": 1}",&svidx_fcb; ChaRecSVIdxNo,2854,"{""ADDED"": 1, ""OK_MACRO"": 1}",False,t-cha/src/cha101d/cha101dSVSave.c:2044 mpf_mfs_openm_H arg 2 > t-cha/src/cha101d/cha101dSVSave.c:2201 mpf_mfs_readrecm handle 1
both_unresolved,mfs_file,/home/chukyu/t-cha/src/cha101d/cha101dSVSave.c,133,mpf_mfs_open_H,2,OPEN_LOCK,iOpenFileNo,,,"{""UNREACHABLE"": 1}",,,{},False,
both_unresolved,mfs_file,/home/chukyu/t-cha/src/cha101d/cha101dSVSave.c,133,mpf_mfs_open_H,2,READ,,,,{},iOpenFileNo,,"{""UNRESOLVED"": 1}",True,t-cha/src/cha101d/cha101dSVSave.c:4977 mpf_mfs_open_H arg 2
both_unresolved,mfs_file,/home/chukyu/t-cha/src/cha101d/cha101dSVSave.c,224,mpf_mfs_writerecm,1,WRITEREC,&onlsv_fcb,,,"{""UNREACHABLE"": 1}",&onlsv_fcb,,"{""UNRESOLVED"": 1}",True,t-cha/src/cha101d/cha101dSVSave.c:4977 mpf_mfs_open_H arg 2 > t-cha/src/cha101d/cha101dSVSave.c:8091 mpf_mfs_writerecm handle 1
legacy_resolved_only,mfs_file,/home/chukyu/t-cha/src/cha101d/cha101dSVSave.c,229,mpf_mfs_writerecm,1,WRITEREC,&worksv_fcb,,,"{""UNREACHABLE"": 1}",&worksv_fcb; ChaOnlWorkSVNo,2814,"{""ADDED"": 1, ""OK_MACRO"": 1}",False,t-cha/src/cha101d/cha101dSVSave.c:5485 mpf_mfs_openm_H arg 2 > t-cha/src/cha101d/cha101dSVSave.c:8248 mpf_mfs_writerecm handle 1
legacy_resolved_only,mfs_file,/home/chukyu/t-cha/src/cha101d/cha101dTMSave.c,67,mpf_mfs_readrecm,1,READREC,&tmdef_fcb,,,"{""UNREACHABLE"": 1}",&tmdef_fcb; ChaRecTMDefNo,2837,"{""ADDED"": 1, ""OK_MACRO"": 1}",False,t-cha/src/cha101d/cha101dTMSave.c:2854 mpf_mfs_openm_H arg 2 > t-cha/src/cha101d/cha101dTMSave.c:3011 mpf_mfs_readrecm handle 1
legacy_resolved_only,mfs_file,/home/chukyu/t-cha/src/cha101d/cha101dTMSave.c,76,mpf_mfs_readrecm,1,READREC,&tmidx_fcb,,,"{""UNREACHABLE"": 1}",&tmidx_fcb; ChaRecTMIdxNo,2838,"{""ADDED"": 1, ""OK_MACRO"": 1}",False,t-cha/src/cha101d/cha101dTMSave.c:3143 mpf_mfs_openm_H arg 2 > t-cha/src/cha101d/cha101dTMSave.c:3300 mpf_mfs_readrecm handle 1
both_unresolved,mfs_file,/home/chukyu/t-cha/src/cha101d/cha101dTMSave.c,321,mpf_mfs_open_H,2,OPEN_LOCK,iOpenFileNo,,,"{""UNREACHABLE"": 1}",,,{},False,
both_unresolved,mfs_file,/home/chukyu/t-cha/src/cha101d/cha101dTMSave.c,321,mpf_mfs_open_H,2,READ,,,,{},iOpenFileNo,,"{""UNRESOLVED"": 1}",True,t-cha/src/cha101d/cha101dTMSave.c:12612 mpf_mfs_open_H arg 2
both_unresolved,mfs_file,/home/chukyu/t-cha/src/cha101d/cha101dTMSave.c,350,mpf_mfs_writerecm,1,WRITEREC,&onltm_fcb,,,"{""UNREACHABLE"": 1}",&onltm_fcb,,"{""UNRESOLVED"": 1}",True,t-cha/src/cha101d/cha101dTMSave.c:12612 mpf_mfs_open_H arg 2 > t-cha/src/cha101d/cha101dTMSave.c:13580 mpf_mfs_writerecm handle 1
legacy_resolved_only,mfs_file,/home/chukyu/t-cha/src/cha101d/cha101dTMSave.c,365,mpf_mfs_writerecm,1,WRITEREC,&worktm_fcb,,,"{""UNREACHABLE"": 1}",&worktm_fcb; ChaOnlWorkTMNo,2820,"{""ADDED"": 1, ""OK_MACRO"": 1}",False,t-cha/src/cha101d/cha101dTMSave.c:13010 mpf_mfs_openm_H arg 2 > t-cha/src/cha101d/cha101dTMSave.c:14117 mpf_mfs_writerecm handle 1
both_unresolved,mfs_file,/home/chukyu/t-cha/src/cha101d/cha101dTMSave.c,383,mpf_mfs_writerecm,1,WRITEREC,&onltm_fcb,,,"{""UNREACHABLE"": 1}",&onltm_fcb,,"{""UNRESOLVED"": 1}",True,t-cha/src/cha101d/cha101dTMSave.c:12612 mpf_mfs_open_H arg 2 > t-cha/src/cha101d/cha101dTMSave.c:14786 mpf_mfs_writerecm handle 1
legacy_resolved_only,mfs_file,/home/chukyu/t-cha/src/cha120/cha120DayChg.c,55,mpf_mfs_readrecm,1,READREC,&recman_fcb,,,"{""UNREACHABLE"": 1}",&recman_fcb; ChaRecManageNo,2839,"{""ADDED"": 1, ""OK_MACRO"": 1}",False,t-cha/src/cha120/cha120DayChg.c:1670 mpf_mfs_openm_H arg 2 > t-cha/src/cha120/cha120DayChg.c:1837 mpf_mfs_readrecm handle 1
legacy_resolved_only,mfs_file,/home/chukyu/t-cha/src/cha120/cha120DayChg.c,89,mpf_mfs_writerecm,1,WRITEREC,&recman_fcb,,,"{""UNREACHABLE"": 1}",&recman_fcb; ChaRecManageNo,2839,"{""ADDED"": 1, ""OK_MACRO"": 1}",False,t-cha/src/cha120/cha120DayChg.c:1670 mpf_mfs_openm_H arg 2 > t-cha/src/cha120/cha120DayChg.c:2919 mpf_mfs_writerecm handle 1
legacy_resolved_only,mfs_file,/home/chukyu/t-cha/src/cha200d/cha200dCom.c,82,mpf_mfs_getrecm,1,GETREC,&PictMan_idx,,,"{""UNREACHABLE"": 1}",&PictMan_idx; ChaPictManageNo,2823,"{""ADDED"": 1, ""OK_MACRO"": 1}",False,t-cha/src/cha200d/cha200dCom.c:2183 mpf_mfs_openm_H arg 2 > t-cha/src/cha200d/cha200dCom.c:2513 mpf_mfs_getrecm handle 1
legacy_resolved_only,mfs_file,/home/chukyu/t-cha/src/cha200d/cha200dCom.c,112,mpf_mfs_getrecm,1,GETREC,&PictDat_idx,,,"{""UNREACHABLE"": 1}",&PictDat_idx; ChaPictDataNo,2824,"{""ADDED"": 1, ""OK_MACRO"": 1}",False,t-cha/src/cha200d/cha200dCom.c:3179 mpf_mfs_openm_H arg 2 > t-cha/src/cha200d/cha200dCom.c:3498 mpf_mfs_getrecm handle 1
legacy_resolved_only,mfs_file,/home/chukyu/t-cha/src/cha200d/cha200dCom.c,551,mpf_mfs_getrecm,1,GETREC,&Tm_idx,,,"{""UNREACHABLE"": 1}",&Tm_idx; ChaRecTMDefNo,2837,"{""ADDED"": 1, ""OK_MACRO"": 1}",False,t-cha/src/cha200d/cha200dCom.c:18345 mpf_mfs_openm_H arg 2 > t-cha/src/cha200d/cha200dCom.c:18596 mpf_mfs_getrecm handle 1
legacy_resolved_only,mfs_file,/home/chukyu/t-cha/src/cha200d/cha200dProc.c,95,mpf_mfs_readrecm,1,READREC,&PictMan_idx,,,"{""UNREACHABLE"": 1}",&PictMan_idx; ChaPictManageNo,2823,"{""ADDED"": 1, ""OK_MACRO"": 1}",False,t-cha/src/cha200d/cha200dCom.c:2183 mpf_mfs_openm_H arg 2 > t-cha/src/cha200d/cha200dProc.c:3784 mpf_mfs_readrecm handle 1
legacy_resolved_only,mfs_file,/home/chukyu/t-cha/src/cha200d/cha200dProc.c,96,mpf_mfs_writerecm,1,WRITEREC,&PictMan_idx,,,"{""UNREACHABLE"": 1}",&PictMan_idx; ChaPictManageNo,2823,"{""ADDED"": 1, ""OK_MACRO"": 1}",False,t-cha/src/cha200d/cha200dCom.c:2183 mpf_mfs_openm_H arg 2 > t-cha/src/cha200d/cha200dProc.c:3835 mpf_mfs_writerecm handle 1
legacy_resolved_only,mfs_file,/home/chukyu/t-cha/src/cha200d/cha200dProc.c,175,mpf_mfs_readrecm,1,READREC,&PictMan_idx,,,"{""UNREACHABLE"": 1}",&PictMan_idx; ChaPictManageNo,2823,"{""ADDED"": 1, ""OK_MACRO"": 1}",False,t-cha/src/cha200d/cha200dCom.c:2183 mpf_mfs_openm_H arg 2 > t-cha/src/cha200d/cha200dProc.c:6913 mpf_mfs_readrecm handle 1
legacy_resolved_only,mfs_file,/home/chukyu/t-cha/src/cha200d/cha200dProc.c,176,mpf_mfs_writerecm,1,WRITEREC,&PictMan_idx,,,"{""UNREACHABLE"": 1}",&PictMan_idx; ChaPictManageNo,2823,"{""ADDED"": 1, ""OK_MACRO"": 1}",False,t-cha/src/cha200d/cha200dCom.c:2183 mpf_mfs_openm_H arg 2 > t-cha/src/cha200d/cha200dProc.c:6964 mpf_mfs_writerecm handle 1
legacy_resolved_only,mfs_file,/home/chukyu/t-cha/src/cha200d/cha200dProc.c,286,mpf_mfs_readrecm,1,READREC,&PictMan_idx,,,"{""UNREACHABLE"": 1}",&PictMan_idx; ChaPictManageNo,2823,"{""ADDED"": 1, ""OK_MACRO"": 1}",False,t-cha/src/cha200d/cha200dCom.c:2183 mpf_mfs_openm_H arg 2 > t-cha/src/cha200d/cha200dProc.c:11113 mpf_mfs_readrecm handle 1
legacy_resolved_only,mfs_file,/home/chukyu/t-cha/src/cha200d/cha200dProc.c,287,mpf_mfs_writerecm,1,WRITEREC,&PictMan_idx,,,"{""UNREACHABLE"": 1}",&PictMan_idx; ChaPictManageNo,2823,"{""ADDED"": 1, ""OK_MACRO"": 1}",False,t-cha/src/cha200d/cha200dCom.c:2183 mpf_mfs_openm_H arg 2 > t-cha/src/cha200d/cha200dProc.c:11164 mpf_mfs_writerecm handle 1
legacy_resolved_only,mfs_file,/home/chukyu/t-cha/src/cha200d/cha200dProc.c,400,mpf_mfs_readrecm,1,READREC,&PictMan_idx,,,"{""UNREACHABLE"": 1}",&PictMan_idx; ChaPictManageNo,2823,"{""ADDED"": 1, ""OK_MACRO"": 1}",False,t-cha/src/cha200d/cha200dCom.c:2183 mpf_mfs_openm_H arg 2 > t-cha/src/cha200d/cha200dProc.c:15427 mpf_mfs_readrecm handle 1
legacy_resolved_only,mfs_file,/home/chukyu/t-cha/src/cha200d/cha200dProc.c,401,mpf_mfs_writerecm,1,WRITEREC,&PictMan_idx,,,"{""UNREACHABLE"": 1}",&PictMan_idx; ChaPictManageNo,2823,"{""ADDED"": 1, ""OK_MACRO"": 1}",False,t-cha/src/cha200d/cha200dCom.c:2183 mpf_mfs_openm_H arg 2 > t-cha/src/cha200d/cha200dProc.c:15478 mpf_mfs_writerecm handle 1
legacy_resolved_only,mfs_file,/home/chukyu/t-cha/src/cha200d/cha200dProc.c,402,mpf_mfs_readrecm,1,READREC,&PictDat_idx,,,"{""UNREACHABLE"": 1}",&PictDat_idx; ChaPictDataNo,2824,"{""ADDED"": 1, ""OK_MACRO"": 1}",False,t-cha/src/cha200d/cha200dCom.c:3179 mpf_mfs_openm_H arg 2 > t-cha/src/cha200d/cha200dProc.c:15533 mpf_mfs_readrecm handle 1
legacy_resolved_only,mfs_file,/home/chukyu/t-cha/src/cha200d/cha200dProc.c,403,mpf_mfs_writerecm,1,WRITEREC,&PictDat_idx,,,"{""UNREACHABLE"": 1}",&PictDat_idx; ChaPictDataNo,2824,"{""ADDED"": 1, ""OK_MACRO"": 1}",False,t-cha/src/cha200d/cha200dCom.c:3179 mpf_mfs_openm_H arg 2 > t-cha/src/cha200d/cha200dProc.c:15584 mpf_mfs_writerecm handle 1
legacy_resolved_only,mfs_file,/home/chukyu/t-cha/src/cha200d/cha200dProc.c,532,mpf_mfs_readrecm,1,READREC,&PictMan_idx,,,"{""UNREACHABLE"": 1}",&PictMan_idx; ChaPictManageNo,2823,"{""ADDED"": 1, ""OK_MACRO"": 1}",False,t-cha/src/cha200d/cha200dCom.c:2183 mpf_mfs_openm_H arg 2 > t-cha/src/cha200d/cha200dProc.c:20442 mpf_mfs_readrecm handle 1
legacy_resolved_only,mfs_file,/home/chukyu/t-cha/src/cha200d/cha200dProc.c,533,mpf_mfs_writerecm,1,WRITEREC,&PictMan_idx,,,"{""UNREACHABLE"": 1}",&PictMan_idx; ChaPictManageNo,2823,"{""ADDED"": 1, ""OK_MACRO"": 1}",False,t-cha/src/cha200d/cha200dCom.c:2183 mpf_mfs_openm_H arg 2 > t-cha/src/cha200d/cha200dProc.c:20493 mpf_mfs_writerecm handle 1
legacy_resolved_only,mfs_file,/home/chukyu/t-cha/src/cha200d/cha200dProc.c,534,mpf_mfs_readrecm,1,READREC,&PictDat_idx,,,"{""UNREACHABLE"": 1}",&PictDat_idx; ChaPictDataNo,2824,"{""ADDED"": 1, ""OK_MACRO"": 1}",False,t-cha/src/cha200d/cha200dCom.c:3179 mpf_mfs_openm_H arg 2 > t-cha/src/cha200d/cha200dProc.c:20548 mpf_mfs_readrecm handle 1
legacy_resolved_only,mfs_file,/home/chukyu/t-cha/src/cha200d/cha200dProc.c,535,mpf_mfs_writerecm,1,WRITEREC,&PictDat_idx,,,"{""UNREACHABLE"": 1}",&PictDat_idx; ChaPictDataNo,2824,"{""ADDED"": 1, ""OK_MACRO"": 1}",False,t-cha/src/cha200d/cha200dCom.c:3179 mpf_mfs_openm_H arg 2 > t-cha/src/cha200d/cha200dProc.c:20599 mpf_mfs_writerecm handle 1
legacy_resolved_only,mfs_file,/home/chukyu/t-cha/src/cha200d/cha200dProc.c,666,mpf_mfs_readrecm,1,READREC,&PictDat_idx,,,"{""UNREACHABLE"": 1}",&PictDat_idx; ChaPictDataNo,2824,"{""ADDED"": 1, ""OK_MACRO"": 1}",False,t-cha/src/cha200d/cha200dCom.c:3179 mpf_mfs_openm_H arg 2 > t-cha/src/cha200d/cha200dProc.c:25771 mpf_mfs_readrecm handle 1
legacy_resolved_only,mfs_file,/home/chukyu/t-cha/src/cha200d/cha200dProc.c,667,mpf_mfs_writerecm,1,WRITEREC,&PictDat_idx,,,"{""UNREACHABLE"": 1}",&PictDat_idx; ChaPictDataNo,2824,"{""ADDED"": 1, ""OK_MACRO"": 1}",False,t-cha/src/cha200d/cha200dCom.c:3179 mpf_mfs_openm_H arg 2 > t-cha/src/cha200d/cha200dProc.c:25822 mpf_mfs_writerecm handle 1
legacy_resolved_only,mfs_file,/home/chukyu/t-cha/src/cha200d/cha200dProc.c,780,mpf_mfs_readrecm,1,READREC,&PictMan_idx,,,"{""UNREACHABLE"": 1}",&PictMan_idx; ChaPictManageNo,2823,"{""ADDED"": 1, ""OK_MACRO"": 1}",False,t-cha/src/cha200d/cha200dCom.c:2183 mpf_mfs_openm_H arg 2 > t-cha/src/cha200d/cha200dProc.c:30030 mpf_mfs_readrecm handle 1
legacy_resolved_only,mfs_file,/home/chukyu/t-cha/src/cha200d/cha200dProc.c,781,mpf_mfs_writerecm,1,WRITEREC,&PictMan_idx,,,"{""UNREACHABLE"": 1}",&PictMan_idx; ChaPictManageNo,2823,"{""ADDED"": 1, ""OK_MACRO"": 1}",False,t-cha/src/cha200d/cha200dCom.c:2183 mpf_mfs_openm_H arg 2 > t-cha/src/cha200d/cha200dProc.c:30081 mpf_mfs_writerecm handle 1
legacy_resolved_only,mfs_file,/home/chukyu/t-cha/src/cha200d/cha200dProc.c,782,mpf_mfs_readrecm,1,READREC,&PictDat_idx,,,"{""UNREACHABLE"": 1}",&PictDat_idx; ChaPictDataNo,2824,"{""ADDED"": 1, ""OK_MACRO"": 1}",False,t-cha/src/cha200d/cha200dCom.c:3179 mpf_mfs_openm_H arg 2 > t-cha/src/cha200d/cha200dProc.c:30136 mpf_mfs_readrecm handle 1
legacy_resolved_only,mfs_file,/home/chukyu/t-cha/src/cha200d/cha200dProc.c,783,mpf_mfs_writerecm,1,WRITEREC,&PictDat_idx,,,"{""UNREACHABLE"": 1}",&PictDat_idx; ChaPictDataNo,2824,"{""ADDED"": 1, ""OK_MACRO"": 1}",False,t-cha/src/cha200d/cha200dCom.c:3179 mpf_mfs_openm_H arg 2 > t-cha/src/cha200d/cha200dProc.c:30187 mpf_mfs_writerecm handle 1
legacy_resolved_only,mfs_file,/home/chukyu/t-cha/src/cha301/cha301Proc.c,852,mpf_mfs_readrecm,1,READREC,&recman_fcb,,,"{""UNREACHABLE"": 1}",&recman_fcb; ChaRecManageNo,2839,"{""ADDED"": 1, ""OK_MACRO"": 1}",False,t-cha/src/cha301/cha301Proc.c:30991 mpf_mfs_openm_H arg 2 > t-cha/src/cha301/cha301Proc.c:31199 mpf_mfs_readrecm handle 1
legacy_resolved_only,mfs_file,/home/chukyu/t-cha/src/cha400/cha400Main.c,262,mpf_mfs_readrecm,1,READREC,&Rec_idx,,,"{""UNREACHABLE"": 1}",&Rec_idx; ChaPictManageNo,2823,"{""ADDED"": 1, ""OK_MACRO"": 1}",False,t-cha/src/cha400/cha400Main.c:8874 mpf_mfs_openm_H arg 2 > t-cha/src/cha400/cha400Main.c:9054 mpf_mfs_readrecm handle 1
both_unresolved,mfs_file,/home/chukyu/t-cha/src/cha702/cha702Event.c,979,mpf_mfs_readrecm,1,READREC,&PictMan_idx,,,"{""UNREACHABLE"": 1}",,,{},False,
both_unresolved,mfs_file,/home/chukyu/t-cha/src/cha702/cha702Init.c,517,mpf_mfs_readrecm,1,READREC,&PictMan_idx,,,"{""UNREACHABLE"": 1}",,,{},False,
both_unresolved,mfs_file,/home/chukyu/t-cha/src/cha702/cha702Init.c,654,mpf_mfs_readrecm,1,READREC,&PictDat_idx,,,"{""UNREACHABLE"": 1}",,,{},False,
legacy_resolved_only,mfs_file,/home/chukyu/t-cha/src/cha900/cha900FileAccs.c,49,mpf_mfs_readrecm,1,READREC,&tmidx_fcb,,,"{""UNREACHABLE"": 1}",&tmidx_fcb; ChaRecTMIdxNo,2838,"{""ADDED"": 1, ""OK_MACRO"": 1}",False,t-cha/src/cha900/cha900FileAccs.c:1244 mpf_mfs_openm_H arg 2 > t-cha/src/cha900/cha900FileAccs.c:1608 mpf_mfs_readrecm handle 1
legacy_resolved_only,mfs_file,/home/chukyu/t-cha/src/cha900/cha900FileAccs.c,50,mpf_mfs_readrecm,1,READREC,&svidx_fcb,,,"{""UNREACHABLE"": 1}",&svidx_fcb; ChaRecSVIdxNo,2854,"{""ADDED"": 1, ""OK_MACRO"": 1}",False,t-cha/src/cha900/cha900FileAccs.c:1410 mpf_mfs_openm_H arg 2 > t-cha/src/cha900/cha900FileAccs.c:1658 mpf_mfs_readrecm handle 1
legacy_resolved_only,mfs_file,/home/chukyu/t-cha/src/cha900/cha900FileAccs.c,96,mpf_mfs_writerecm,1,WRITEREC,&tmdef_fcb,,,"{""UNREACHABLE"": 1}",&tmdef_fcb; ChaRecTMDefNo,2837,"{""ADDED"": 1, ""OK_MACRO"": 1}",False,t-cha/src/cha900/cha900FileAccs.c:2489 mpf_mfs_openm_H arg 2 > t-cha/src/cha900/cha900FileAccs.c:3193 mpf_mfs_writerecm handle 1
legacy_resolved_only,mfs_file,/home/chukyu/t-cha/src/cha900/cha900FileAccs.c,97,mpf_mfs_writerecm,1,WRITEREC,&tmidx_fcb,,,"{""UNREACHABLE"": 1}",&tmidx_fcb; ChaRecTMIdxNo,2838,"{""ADDED"": 1, ""OK_MACRO"": 1}",False,t-cha/src/cha900/cha900FileAccs.c:2656 mpf_mfs_openm_H arg 2 > t-cha/src/cha900/cha900FileAccs.c:3247 mpf_mfs_writerecm handle 1
legacy_resolved_only,mfs_file,/home/chukyu/t-cha/src/cha900/cha900FileAccs.c,98,mpf_mfs_writerecm,1,WRITEREC,&svdef_fcb,,,"{""UNREACHABLE"": 1}",&svdef_fcb; ChaRecSVDefNo,2853,"{""ADDED"": 1, ""OK_MACRO"": 1}",False,t-cha/src/cha900/cha900FileAccs.c:2823 mpf_mfs_openm_H arg 2 > t-cha/src/cha900/cha900FileAccs.c:3301 mpf_mfs_writerecm handle 1
legacy_resolved_only,mfs_file,/home/chukyu/t-cha/src/cha900/cha900FileAccs.c,99,mpf_mfs_writerecm,1,WRITEREC,&svidx_fcb,,,"{""UNREACHABLE"": 1}",&svidx_fcb; ChaRecSVIdxNo,2854,"{""ADDED"": 1, ""OK_MACRO"": 1}",False,t-cha/src/cha900/cha900FileAccs.c:2990 mpf_mfs_openm_H arg 2 > t-cha/src/cha900/cha900FileAccs.c:3355 mpf_mfs_writerecm handle 1
legacy_resolved_only,mfs_file,/home/chukyu/t-cha/src/cha900/cha900Fukan.c,98,mpf_mfs_writerecm,1,WRITEREC,&fukan_fcb,,,"{""UNREACHABLE"": 1}",&fukan_fcb; ChaFukanTMDefNo,2856,"{""ADDED"": 1, ""OK_MACRO"": 1}",False,t-cha/src/cha900/cha900Fukan.c:2945 mpf_mfs_openm_H arg 2 > t-cha/src/cha900/cha900Fukan.c:3118 mpf_mfs_writerecm handle 1
legacy_resolved_only,mfs_file,/home/chukyu/t-cha/src/cha900/cha900JYCre.c,98,mpf_mfs_writerecm,1,WRITEREC,&jydef_fcb,,,"{""UNREACHABLE"": 1}",&jydef_fcb; ChaRecJYDefNo,2855,"{""ADDED"": 1, ""OK_MACRO"": 1}",False,t-cha/src/cha900/cha900JYCre.c:2521 mpf_mfs_openm_H arg 2 > t-cha/src/cha900/cha900JYCre.c:2684 mpf_mfs_writerecm handle 1
both_unresolved,mfs_file,/home/chukyu/t-cha/src/libCha/ChaGetJisseki.c,70,mpf_mfs_readrecm,1,READREC,&recman_fcb,,,"{""UNREACHABLE"": 1}",,,{},False,
both_unresolved,mfs_file,/home/chukyu/t-cha/src/libCha/ChaGetJisseki.c,150,mpf_mfs_readrecm,1,READREC,&recman_fcb,,,"{""UNREACHABLE"": 1}",,,{},False,
both_unresolved,mfs_file,/home/chukyu/t-cha/src/libCha/ChaGetJisseki.c,513,mpf_mfs_readrecm,1,READREC,&pow_fcb,,,"{""UNREACHABLE"": 1}",,,{},False,
both_unresolved,mfs_file,/home/chukyu/t-cha/src/libCha/ChaGetJisseki.c,514,mpf_mfs_readrecm,1,READREC,&pow_fcb,,,"{""UNREACHABLE"": 1}",,,{},False,
both_unresolved,mfs_file,/home/chukyu/t-cha/src/libCha/ChaGetJisseki.c,515,mpf_mfs_readrecm,1,READREC,&pow_fcb,,,"{""UNREACHABLE"": 1}",,,{},False,
both_unresolved,mfs_file,/home/chukyu/t-cha/src/libCha/ChaGetJisseki.c,516,mpf_mfs_readrecm,1,READREC,&pow_fcb,,,"{""UNREACHABLE"": 1}",,,{},False,
both_unresolved,mfs_file,/home/chukyu/t-cha/src/libCha/ChaGetJisseki.c,626,mpf_mfs_readrecm,1,READREC,&avg_fcb,,,"{""UNREACHABLE"": 1}",,,{},False,
both_unresolved,mfs_file,/home/chukyu/t-cha/src/libCha/ChaGetJisseki.c,685,mpf_mfs_readrecm,1,READREC,&recman_fcb,,,"{""UNREACHABLE"": 1}",,,{},False,
both_unresolved,mfs_file,/home/chukyu/t-cha/src/libCha/ChaGetJisseki.c,817,mpf_mfs_readrecm,1,READREC,&pow_fcb,,,"{""UNREACHABLE"": 1}",,,{},False,
both_unresolved,mfs_file,/home/chukyu/t-cha/src/libCha/ChaGetJisseki.c,818,mpf_mfs_readrecm,1,READREC,&pow_fcb,,,"{""UNREACHABLE"": 1}",,,{},False,
both_unresolved,mfs_file,/home/chukyu/t-cha/src/libCha/ChaGetJisseki.c,819,mpf_mfs_readrecm,1,READREC,&pow_fcb,,,"{""UNREACHABLE"": 1}",,,{},False,
both_unresolved,mfs_file,/home/chukyu/t-cha/src/libCha/ChaGetJisseki.c,820,mpf_mfs_readrecm,1,READREC,&pow_fcb,,,"{""UNREACHABLE"": 1}",,,{},False,
both_unresolved,mfs_file,/home/chukyu/t-cha/src/libChaCom/ChaCase.c,504,mpf_mfs_open_H,2,OPEN_LOCK,fileNo,,,"{""UNREACHABLE"": 1}",,,{},False,
both_unresolved,mfs_file,/home/chukyu/t-cha/src/libChaCom/ChaCase.c,515,mpf_mfs_readrecm,1,READREC,&fcb,,,"{""UNREACHABLE"": 1}",,,{},False,
both_unresolved,mfs_file,/home/chukyu/t-cha/src/libChaCom/ChaCase.c,539,mpf_mfs_open_H,2,OPEN_LOCK,fileNo,,,"{""UNREACHABLE"": 1}",,,{},False,
both_unresolved,mfs_file,/home/chukyu/t-cha/src/libChaCom/ChaCase.c,546,mpf_mfs_writerecm,1,WRITEREC,&fcb,,,"{""UNREACHABLE"": 1}",,,{},False,
both_unresolved,mfs_file,/home/chukyu/t-cha/src/libChaCom/ChaCase.c,579,mpf_mfs_open_H,2,OPEN_LOCK,fileNo,,,"{""UNREACHABLE"": 1}",,,{},False,
both_unresolved,mfs_file,/home/chukyu/t-cha/src/libChaCom/ChaCase.c,588,mpf_mfs_readrecn,1,READREC,&fcb,,,"{""UNREACHABLE"": 1}",,,{},False,
both_unresolved,mfs_file,/home/chukyu/t-cha/src/libChaCom/ChaCase.c,653,mpf_mfs_open_H,2,OPEN_LOCK,fileNo,,,"{""UNREACHABLE"": 1}",,,{},False,
cvisualizer_resolved_only,mfs_file,/home/chukyu/t-cha/src/libChaCom/ChaCase.c,658,mpf_mfs_readrecn,1,READREC,&fcb,2818,2818,"{""EXACT"": 1, ""UNREACHABLE"": 1}",,,{},False,
both_unresolved,mfs_file,/home/chukyu/t-cha/src/libChaCom/ChaCase.c,664,mpf_mfs_open_H,2,OPEN_LOCK,fileNo,,,"{""UNREACHABLE"": 1}",,,{},False,
cvisualizer_resolved_only,mfs_file,/home/chukyu/t-cha/src/libChaCom/ChaCase.c,669,mpf_mfs_readrecn,1,READREC,&fcb,2818,2818,"{""EXACT"": 1, ""UNREACHABLE"": 1}",,,{},False,
both_unresolved,mfs_file,/home/chukyu/t-cha/src/libChaCom/ChaCase.c,703,mpf_mfs_openm_H,2,OPEN_LOCK,fileNo,,,"{""UNREACHABLE"": 1}",,,{},False,
both_unresolved,mfs_file,/home/chukyu/t-cha/src/libChaCom/ChaCase.c,708,mpf_mfs_readrecm,1,READREC,&fcb,,,"{""UNREACHABLE"": 1}",,,{},False,
both_unresolved,mfs_file,/home/chukyu/t-cha/src/libChaCom/ChaCase.c,799,mpf_mfs_open_H,2,OPEN_LOCK,fileNo,,,"{""UNREACHABLE"": 1}",,,{},False,
both_unresolved,mfs_file,/home/chukyu/t-cha/src/libChaCom/ChaCase.c,804,mpf_mfs_readrecn,1,READREC,&fcb,,,"{""EXTERNAL"": 1, ""UNREACHABLE"": 1}",,,{},False,
both_unresolved,mfs_file,/home/chukyu/t-cha/src/libChaCom/ChaCase.c,810,mpf_mfs_open_H,2,OPEN_LOCK,fileNo,,,"{""UNREACHABLE"": 1}",,,{},False,
both_unresolved,mfs_file,/home/chukyu/t-cha/src/libChaCom/ChaCase.c,815,mpf_mfs_readrecn,1,READREC,&fcb,,,"{""EXTERNAL"": 1, ""UNREACHABLE"": 1}",,,{},False,
both_unresolved,mfs_file,/home/chukyu/t-cha/src/libChaCom/ChaCase.c,849,mpf_mfs_openm_H,2,OPEN_LOCK,fileNo,,,"{""UNREACHABLE"": 1}",,,{},False,
both_unresolved,mfs_file,/home/chukyu/t-cha/src/libChaCom/ChaCase.c,854,mpf_mfs_readrecm,1,READREC,&fcb,,,"{""UNREACHABLE"": 1}",,,{},False,
both_unresolved,mfs_file,/home/chukyu/t-cha/src/libChaCom/ChaCase.c,912,mpf_mfs_open_H,2,OPEN_LOCK,fileNo,,,"{""UNREACHABLE"": 1}",,,{},False,
cvisualizer_resolved_only,mfs_file,/home/chukyu/t-cha/src/libChaCom/ChaCase.c,921,mpf_mfs_writerecn,1,WRITEREC,&fcb,0,,"{""EXACT"": 4, ""UNREACHABLE"": 1}",,,{},False,
both_unresolved,mfs_file,/home/chukyu/t-cha/src/libChaCom/ChaCaseCheck.c,48,mpf_mfs_readrecm,1,READREC,&caseman_fcb,,,"{""UNREACHABLE"": 1}",,,{},False,
both_unresolved,mfs_file,/home/chukyu/t-cha/src/libChaCom/ChaCaseCheck.c,112,mpf_mfs_readrecm,1,READREC,&caseman_fcb,,,"{""UNREACHABLE"": 1}",,,{},False,
both_unresolved,mfs_file,/home/chukyu/t-cha/src/libChaCom/ChaGet.c,357,mpf_mfs_readrecm,1,READREC,&fcb,,,"{""UNREACHABLE"": 1}",,,{},False,
both_unresolved,mfs_file,/home/chukyu/t-cha/src/libChaCom/ChaGet.c,625,mpf_mfs_readrecm,1,READREC,&fcb,,,"{""UNREACHABLE"": 1}",,,{},False,
both_unresolved,mfs_file,/home/chukyu/t-cha/src/libChaCom/ChaGet.c,865,mpf_mfs_readrecm,1,READREC,&fcb,,,"{""UNREACHABLE"": 1}",,,{},False,
both_unresolved,mfs_file,/home/chukyu/t-cha/src/libChaCom/ChaGet.c,874,mpf_mfs_readrecm,1,READREC,&fcb,,,"{""UNREACHABLE"": 1}",,,{},False,
both_unresolved,mfs_file,/home/chukyu/t-cha/src/libChaDlg/ChaDialog01CtlCB.c,75,mpf_mfs_readrecm,1,READREC,&fcb,,,"{""UNREACHABLE"": 1}",,,{},False,
both_unresolved,mfs_file,/home/chukyu/t-cha/src/libChaDlg/ChaDialog01Main.c,185,mpf_mfs_readrecm,1,READREC,&fcb,,,"{""UNREACHABLE"": 1}",,,{},False,
both_unresolved,mfs_file,/home/chukyu/t-cha/src/libChaDlg/ChaDialog05Main.c,370,mpf_mfs_readrecm,1,READREC,&Rec_idx,,,"{""UNREACHABLE"": 1}",,,{},False,
both_unresolved,mfs_file,/home/chukyu/t-cha/src/libChaDlg/ChaDialog05Main.c,1296,mpf_mfs_readrecm,1,READREC,&RecMan_idx,,,"{""UNREACHABLE"": 1}",,,{},False,
both_unresolved,mfs_file,/home/chukyu/t-cha/src/libChaDlg/ChaDialog06Main.c,279,mpf_mfs_readrecn,1,READREC,&Rec_idx,,,"{""UNREACHABLE"": 1}",,,{},False,
both_unresolved,mfs_file,/home/chukyu/t-cha/src/libChaDlg/ChaDialog11Com.c,211,mpf_mfs_readrecm,1,READREC,&PictMan_idx,,,"{""UNREACHABLE"": 1}",,,{},False,
both_unresolved,mfs_file,/home/chukyu/t-cha/src/libChaDlg/ChaDialog11Com.c,453,mpf_mfs_readrecm,1,READREC,&PictMan_idx,,,"{""UNREACHABLE"": 1}",,,{},False,
both_unresolved,mfs_file,/home/chukyu/t-cha/src/libChaDlg/ChaDialog11Main.c,281,mpf_mfs_open_H,2,OPEN_LOCK,fileNo,,,"{""UNREACHABLE"": 1}",,,{},False,
both_unresolved,mfs_file,/home/chukyu/t-cha/src/libChaDlg/ChaDialog11Main.c,286,mpf_mfs_readrecm,1,READREC,&fcb,,,"{""UNREACHABLE"": 1}",,,{},False,
both_unresolved,mfs_file,/home/chukyu/t-cha/src/libChaDlg/ChaDialog12Com.c,289,mpf_mfs_readrecm,1,READREC,&PictMan_idx,,,"{""UNREACHABLE"": 1}",,,{},False,
both_unresolved,mfs_file,/home/chukyu/t-cha/src/libChaDlg/ChaDialog12Com.c,581,mpf_mfs_readrecm,1,READREC,&fcb,,,"{""UNREACHABLE"": 1}",,,{},False,
both_unresolved,mfs_file,/home/chukyu/t-cha/src/libChaDlg/ChaDialog12Com.c,590,mpf_mfs_readrecm,1,READREC,&fcb,,,"{""UNREACHABLE"": 1}",,,{},False,
both_unresolved,mfs_file,/home/chukyu/t-cha/src/libChaDlg/ChaDialog12Main.c,366,mpf_mfs_readrecm,1,READREC,&JYDef_idx,,,"{""UNREACHABLE"": 1}",,,{},False,
both_unresolved,mfs_file,/home/chukyu/t-cha/src/libChaLrg/ChaLrgCom.c,64,mpf_mfs_readrecm,1,READREC,&RecMan_idx,,,"{""UNREACHABLE"": 1}",,,{},False,
both_unresolved,mfs_file,/home/chukyu/t-cha/src/libChaLrg/ChaLrgCom.c,288,mpf_mfs_open_H,2,OPEN_LOCK,kind,,,"{""UNREACHABLE"": 1}",,,{},False,
cvisualizer_resolved_only,mfs_file,/home/chukyu/t-cha/src/libChaLrg/ChaLrgCom.c,293,mpf_mfs_readrecn,1,READREC,&Rec_idx,2808; 2809; 2811; 2816; 2817; 2818,2808; 2809; 2811; 2816; 2817; 2818,"{""EXACT"": 6, ""UNREACHABLE"": 1}",,,{},False,
both_unresolved,mfs_file,/home/chukyu/t-cha/src/libChaLrg/ChaLrgCom.c,320,mpf_mfs_open_H,2,OPEN_LOCK,kind,,,"{""UNREACHABLE"": 1}",,,{},False,
both_unresolved,mfs_file,/home/chukyu/t-cha/src/libChaLrg/ChaLrgCom.c,325,mpf_mfs_readrecm,1,READREC,&Rec_idx,,,"{""UNREACHABLE"": 1}",,,{},False,
both_unresolved,mfs_file,/home/chukyu/t-cha/src/libChaLrg/ChaLrgCom.c,356,mpf_mfs_open_H,2,OPEN_LOCK,kind,,,"{""UNREACHABLE"": 1}",,,{},False,
both_unresolved,mfs_file,/home/chukyu/t-cha/src/libChaLrg/ChaLrgCom.c,361,mpf_mfs_readrecn,1,READREC,&Rec_idx,,,"{""UNREACHABLE"": 1}",,,{},False,
cvisualizer_resolved_only,mfs_file,/home/chukyu/t-cha/src/libChaLrg/ChaLrgCom.c,444,mpf_mfs_readrecn,1,READREC,&fcb,2820,2820,"{""EXACT"": 1, ""UNREACHABLE"": 1}",,,{},False,
cvisualizer_resolved_only,mfs_file,/home/chukyu/t-cha/src/libChaLrg/ChaLrgCom.c,446,mpf_mfs_readrecn,1,READREC,&fcb,2820,2820,"{""EXACT"": 1, ""UNREACHABLE"": 1}",,,{},False,
both_unresolved,mfs_file,/home/chukyu/t-cha/src/libChaLrg/ChaLrgCom.c,458,mpf_mfs_open_H,2,OPEN_LOCK,iOpenFileNo,,,"{""UNREACHABLE"": 1}",,,{},False,
cvisualizer_resolved_only,mfs_file,/home/chukyu/t-cha/src/libChaLrg/ChaLrgCom.c,470,mpf_mfs_readrecn,1,READREC,&fcb,0,0,"{""EXACT"": 1, ""UNREACHABLE"": 1}",,,{},False,
cvisualizer_resolved_only,mfs_file,/home/chukyu/t-cha/src/libChaLrg/ChaLrgCom.c,477,mpf_mfs_readrecn,1,READREC,&fcb,0,0,"{""EXACT"": 1, ""UNREACHABLE"": 1}",,,{},False,
both_unresolved,mfs_file,/home/chukyu/t-cha/src/libChaLrg/ChaLrgCom.c,657,mpf_mfs_open_H,2,OPEN_LOCK,iOpenFileNo,,,"{""UNREACHABLE"": 1}",,,{},False,
cvisualizer_resolved_only,mfs_file,/home/chukyu/t-cha/src/libChaLrg/ChaLrgCom.c,663,mpf_mfs_readrecn,1,READREC,&fcb,0,0,"{""EXACT"": 1, ""UNREACHABLE"": 1}",,,{},False,
both_unresolved,mfs_file,/home/chukyu/t-cha/src/libChaLrg/ChaLrgCom.c,711,mpf_mfs_readrecm,1,READREC,&fcbHo,,,"{""UNREACHABLE"": 1}",,,{},False,
both_unresolved,mfs_file,/home/chukyu/t-cha/src/libChaLrg/ChaLrgCom.c,923,mpf_mfs_readrecm,1,READREC,&recman_fcb,,,"{""UNREACHABLE"": 1}",,,{},False,
cvisualizer_resolved_only,mfs_file,/home/chukyu/t-cha/src/libChaLrg/ChaLrgCom.c,982,mpf_mfs_readrecn,1,READREC,&fcb,2814,2814,"{""EXACT"": 1, ""UNREACHABLE"": 1}",,,{},False,
cvisualizer_resolved_only,mfs_file,/home/chukyu/t-cha/src/libChaLrg/ChaLrgCom.c,984,mpf_mfs_readrecn,1,READREC,&fcb,2814,2814,"{""EXACT"": 1, ""UNREACHABLE"": 1}",,,{},False,
both_unresolved,mfs_file,/home/chukyu/t-cha/src/libChaLrg/ChaLrgCom.c,996,mpf_mfs_open_H,2,OPEN_LOCK,iOpenFileNo,,,"{""UNREACHABLE"": 1}",,,{},False,
cvisualizer_resolved_only,mfs_file,/home/chukyu/t-cha/src/libChaLrg/ChaLrgCom.c,1008,mpf_mfs_readrecn,1,READREC,&fcb,0,0,"{""EXACT"": 1, ""UNREACHABLE"": 1}",,,{},False,
cvisualizer_resolved_only,mfs_file,/home/chukyu/t-cha/src/libChaLrg/ChaLrgCom.c,1015,mpf_mfs_readrecn,1,READREC,&fcb,0,0,"{""EXACT"": 1, ""UNREACHABLE"": 1}",,,{},False,
both_unresolved,mfs_file,/home/chukyu/t-cha/src/libChaLrg/ChaLrgCom.c,1127,mpf_mfs_open_H,2,OPEN_LOCK,iOpenFileNo,,,"{""UNREACHABLE"": 1}",,,{},False,
cvisualizer_resolved_only,mfs_file,/home/chukyu/t-cha/src/libChaLrg/ChaLrgCom.c,1133,mpf_mfs_readrecn,1,READREC,&fcb,0,0,"{""EXACT"": 1, ""UNREACHABLE"": 1}",,,{},False,
both_unresolved,mfs_file,/home/chukyu/t-cha/src/libChaLrg/ChaLrgCom.c,1144,mpf_mfs_readrecm,1,READREC,&recman_fcb,,,"{""UNREACHABLE"": 1}",,,{},False,
both_unresolved,mfs_file,/home/chukyu/t-cha/src/libChaLrg/ChaLrgSv.c,112,mpf_mfs_readrecm,1,READREC,&fcbsv_idx,,,"{""UNREACHABLE"": 1}",,,{},False,
both_unresolved,mfs_file,/home/chukyu/t-cha/src/libChaLrg/ChaLrgTm.c,112,mpf_mfs_readrecm,1,READREC,&fcbtm_idx,,,"{""UNREACHABLE"": 1}",,,{},False,
both_unresolved,mfs_file,/home/chukyu/t-cha/src/libChaMmi/chaGmnKen.c,547,mpf_mfs_open_H,2,OPEN_LOCK,fileNo,,,"{""UNREACHABLE"": 1}",,,{},False,
both_unresolved,mfs_file,/home/chukyu/t-cha/src/libChaMmi/chaGmnKen.c,552,mpf_mfs_readrecm,1,READREC,&fcb,,,"{""UNREACHABLE"": 1}",,,{},False,
both_unresolved,mfs_file,/home/chukyu/t-cha/src/libChaMmi/chaOnSub.c,337,mpf_mfs_readrecm,1,READREC,&RecMan_idx,,,"{""UNREACHABLE"": 1}",,,{},False,
both_unresolved,mfs_file,/home/chukyu/t-cha/tool/ClrChaOnlineSV/ClrChaOnlineSV.c,68,mpf_mfs_open_H,2,OPEN_LOCK,fno,,,"{""UNREACHABLE"": 1}",,,{},False,
both_unresolved,mfs_file,/home/chukyu/t-cha/tool/ClrChaOnlineSV/ClrChaOnlineSV.c,77,mpf_mfs_writerecn,1,WRITEREC,&fcb,,,"{""EXTERNAL"": 1}",,,{},False,
legacy_resolved_only,mfs_file,/home/chukyu/t-dif/src/dif000/dif000Main.c,290,mpf_mfs_getrecm,1,GETREC,&fcb,,,"{""UNREACHABLE"": 1}",&fcb; DifKoshoKanriNo,2026,"{""ADDED"": 1, ""OK_MACRO"": 1}",False,t-dif/src/dif000/dif000Main.c:11785 mpf_mfs_open arg 3 > t-dif/src/dif000/dif000Main.c:12172 mpf_mfs_getrecm handle 1
equal,mfs_file,/home/chukyu/t-dif/src/dif000/dif000Main.c,428,mpf_mfs_getrec,1,GETREC,&fcb,2022,2022,"{""EXACT"": 1}",&fcb; DifStatusNo,2022,"{""ADDED"": 1, ""OK_MACRO"": 1}",False,t-dif/src/dif000/dif000Main.c:16980 mpf_mfs_open arg 3 > t-dif/src/dif000/dif000Main.c:17372 mpf_mfs_getrec handle 1
equal,mfs_file,/home/chukyu/t-dif/src/dif000/dif000Main.c,637,mpf_mfs_getrec,1,GETREC,&fcb,2045,2045,"{""EXACT"": 1}",&fcb; DifBackUpNo,2045,"{""ADDED"": 1, ""OK_MACRO"": 1}",False,t-dif/src/dif000/dif000Main.c:25412 mpf_mfs_open arg 3 > t-dif/src/dif000/dif000Main.c:25972 mpf_mfs_getrec handle 1
equal,mfs_file,/home/chukyu/t-dif/src/dif000/dif000Main.c,664,mpf_mfs_getrec,1,GETREC,&fcb,2022,2022,"{""EXACT"": 1}",&fcb; DifStatusNo,2022,"{""ADDED"": 1, ""OK_MACRO"": 1}",False,t-dif/src/dif000/dif000Main.c:26684 mpf_mfs_open arg 3 > t-dif/src/dif000/dif000Main.c:27077 mpf_mfs_getrec handle 1
legacy_resolved_only,mfs_file,/home/chukyu/t-dif/src/dif000/dif000Main.c,734,mpf_mfs_getrecm,1,GETREC,&fcb,,,"{""UNREACHABLE"": 1}",&fcb; DifF1FlugNo,2036,"{""ADDED"": 1, ""OK_MACRO"": 1}",False,t-dif/src/dif000/dif000Main.c:29506 mpf_mfs_open arg 3 > t-dif/src/dif000/dif000Main.c:30065 mpf_mfs_getrecm handle 1
equal,mfs_file,/home/chukyu/t-dif/src/dif000/dif000Main.c,874,mpf_mfs_getrec,1,GETREC,&fcb,2022,2022,"{""EXACT"": 1}",&fcb; DifStatusNo,2022,"{""ADDED"": 1, ""OK_MACRO"": 1}",False,t-dif/src/dif000/dif000Main.c:35699 mpf_mfs_open arg 3 > t-dif/src/dif000/dif000Main.c:36090 mpf_mfs_getrec handle 1
legacy_resolved_only,mfs_file,/home/chukyu/t-dif/src/dif000/dif000Main.c,907,mpf_mfs_readrecm,1,READREC,&fcb,,,"{""UNREACHABLE"": 1}",&fcb; DifHozonStatusNo,2023,"{""ADDED"": 1, ""OK_MACRO"": 1}",False,t-dif/src/dif000/dif000Main.c:36656 mpf_mfs_open arg 3 > t-dif/src/dif000/dif000Main.c:37351 mpf_mfs_readrecm handle 1
legacy_resolved_only,mfs_file,/home/chukyu/t-dif/src/dif000/dif000Main.c,914,mpf_mfs_writerecm,1,WRITEREC,&fcb,,,"{""UNREACHABLE"": 1}",&fcb; DifHozonStatusNo,2023,"{""ADDED"": 1, ""OK_MACRO"": 1}",False,t-dif/src/dif000/dif000Main.c:36656 mpf_mfs_open arg 3 > t-dif/src/dif000/dif000Main.c:37615 mpf_mfs_writerecm handle 1
legacy_resolved_only,mfs_file,/home/chukyu/t-dif/src/dif000/dif000Main.c,917,mpf_mfs_writerecm,1,WRITEREC,&fcb,,,"{""UNREACHABLE"": 1}",&fcb; DifHozonStatusNo,2023,"{""ADDED"": 1, ""OK_MACRO"": 1}",False,t-dif/src/dif000/dif000Main.c:36656 mpf_mfs_open arg 3 > t-dif/src/dif000/dif000Main.c:37717 mpf_mfs_writerecm handle 1
equal,mfs_file,/home/chukyu/t-dif/src/dif000/dif000Main.c,1001,mpf_mfs_getrec,1,GETREC,&fcb,2022,2022,"{""EXACT"": 1}",&fcb; DifStatusNo,2022,"{""ADDED"": 1, ""OK_MACRO"": 1}",False,t-dif/src/dif000/dif000Main.c:40391 mpf_mfs_open arg 3 > t-dif/src/dif000/dif000Main.c:40784 mpf_mfs_getrec handle 1
legacy_resolved_only,mfs_file,/home/chukyu/t-dif/src/dif000/dif000Main.c,1039,mpf_mfs_readrecm,1,READREC,&fcb,,,"{""UNREACHABLE"": 1}",&fcb; DifHozonStatusNo,2023,"{""ADDED"": 1, ""OK_MACRO"": 1}",False,t-dif/src/dif000/dif000Main.c:41352 mpf_mfs_open arg 3 > t-dif/src/dif000/dif000Main.c:42248 mpf_mfs_readrecm handle 1
legacy_resolved_only,mfs_file,/home/chukyu/t-dif/src/dif000/dif000Main.c,1042,mpf_mfs_writerecm,1,WRITEREC,&fcb,,,"{""UNREACHABLE"": 1}",&fcb; DifHozonStatusNo,2023,"{""ADDED"": 1, ""OK_MACRO"": 1}",False,t-dif/src/dif000/dif000Main.c:41352 mpf_mfs_open arg 3 > t-dif/src/dif000/dif000Main.c:42343 mpf_mfs_writerecm handle 1
equal,mfs_file,/home/chukyu/t-dif/src/dif000/dif000Main.c,1128,mpf_mfs_getrec,1,GETREC,&fcb,2022,2022,"{""EXACT"": 1}",&fcb; DifStatusNo,2022,"{""ADDED"": 1, ""OK_MACRO"": 1}",False,t-dif/src/dif000/dif000Main.c:45168 mpf_mfs_open arg 3 > t-dif/src/dif000/dif000Main.c:45559 mpf_mfs_getrec handle 1
equal,mfs_file,/home/chukyu/t-dif/src/dif000/dif000Main.c,1213,mpf_mfs_getrec,1,GETREC,&fcb,2022,2022,"{""EXACT"": 1}",&fcb; DifStatusNo,2022,"{""ADDED"": 1, ""OK_MACRO"": 1}",False,t-dif/src/dif000/dif000Main.c:48339 mpf_mfs_open arg 3 > t-dif/src/dif000/dif000Main.c:48732 mpf_mfs_getrec handle 1
legacy_resolved_only,mfs_file,/home/chukyu/t-dif/src/dif000/dif000Main.c,1240,mpf_mfs_getrecm,1,GETREC,&fcb,,,"{""UNREACHABLE"": 1}",&fcb; DifF1FlugNo,2036,"{""ADDED"": 1, ""OK_MACRO"": 1}",False,t-dif/src/dif000/dif000Main.c:49360 mpf_mfs_open arg 3 > t-dif/src/dif000/dif000Main.c:49919 mpf_mfs_getrecm handle 1
legacy_resolved_only,mfs_file,/home/chukyu/t-dif/src/dif000/dif000Main.c,1309,mpf_mfs_readrecm,1,READREC,&fcb,,,"{""UNREACHABLE"": 1}",&fcb; DifHozonStatusNo,2023,"{""ADDED"": 1, ""OK_MACRO"": 1}",False,t-dif/src/dif000/dif000Main.c:50562 mpf_mfs_open arg 3 > t-dif/src/dif000/dif000Main.c:52808 mpf_mfs_readrecm handle 1
legacy_resolved_only,mfs_file,/home/chukyu/t-dif/src/dif000/dif000Main.c,1311,mpf_mfs_writerecm,1,WRITEREC,&fcb,,,"{""UNREACHABLE"": 1}",&fcb; DifHozonStatusNo,2023,"{""ADDED"": 1, ""OK_MACRO"": 1}",False,t-dif/src/dif000/dif000Main.c:50562 mpf_mfs_open arg 3 > t-dif/src/dif000/dif000Main.c:52882 mpf_mfs_writerecm handle 1
legacy_resolved_only,mfs_file,/home/chukyu/t-dif/src/dif000/dif000Main.c,1391,mpf_mfs_getrecm,1,GETREC,&fcb,,,"{""UNREACHABLE"": 1}",&fcb; DifKoshoKanriNo,2026,"{""ADDED"": 1, ""OK_MACRO"": 1}",False,t-dif/src/dif000/dif000Main.c:55513 mpf_mfs_open arg 3 > t-dif/src/dif000/dif000Main.c:55909 mpf_mfs_getrecm handle 1
legacy_resolved_only,mfs_file,/home/chukyu/t-dif/src/dif000/dif000Main.c,1413,mpf_mfs_readrecm,1,READREC,&fcb2,,,"{""UNREACHABLE"": 1}",&fcb2; DifHozonKoshoNo,2046,"{""ADDED"": 1, ""OK_MACRO"": 1}",False,t-dif/src/dif000/dif000Main.c:55135 mpf_mfs_open arg 3 > t-dif/src/dif000/dif000Main.c:56740 mpf_mfs_readrecm handle 1
legacy_resolved_only,mfs_file,/home/chukyu/t-dif/src/dif000/dif000Main.c,1422,mpf_mfs_writerecm,1,WRITEREC,&fcb2,,,"{""UNREACHABLE"": 1}",&fcb2; DifHozonKoshoNo,2046,"{""ADDED"": 1, ""OK_MACRO"": 1}",False,t-dif/src/dif000/dif000Main.c:55135 mpf_mfs_open arg 3 > t-dif/src/dif000/dif000Main.c:57022 mpf_mfs_writerecm handle 1
legacy_resolved_only,mfs_file,/home/chukyu/t-dif/src/dif000/dif000Main.c,1428,mpf_mfs_writerecm,1,WRITEREC,&fcb2,,,"{""UNREACHABLE"": 1}",&fcb2; DifHozonKoshoNo,2046,"{""ADDED"": 1, ""OK_MACRO"": 1}",False,t-dif/src/dif000/dif000Main.c:55135 mpf_mfs_open arg 3 > t-dif/src/dif000/dif000Main.c:57250 mpf_mfs_writerecm handle 1
legacy_resolved_only,mfs_file,/home/chukyu/t-dif/src/dif000/dif000Main.c,1503,mpf_mfs_getrecm,1,GETREC,&fcb,,,"{""UNREACHABLE"": 1}",&fcb; DifKoshoKanriNo,2026,"{""ADDED"": 1, ""OK_MACRO"": 1}",False,t-dif/src/dif000/dif000Main.c:59620 mpf_mfs_open arg 3 > t-dif/src/dif000/dif000Main.c:60017 mpf_mfs_getrecm handle 1
equal,mfs_file,/home/chukyu/t-dif/src/dif001/dif001Main.c,186,mpf_mfs_getrec,1,GETREC,&fcb,2021,2021,"{""EXACT"": 1}",&fcb; DifDefineNo,2021,"{""ADDED"": 1, ""OK_MACRO"": 1}",False,t-dif/src/dif001/dif001Main.c:6807 mpf_mfs_open arg 3 > t-dif/src/dif001/dif001Main.c:7202 mpf_mfs_getrec handle 1
equal,mfs_file,/home/chukyu/t-dif/src/dif001/dif001Main.c,213,mpf_mfs_getrec,1,GETREC,&fcb,2031,2031,"{""EXACT"": 1}",&fcb; DifItcOyaDefNo,2031,"{""ADDED"": 1, ""OK_MACRO"": 1}",False,t-dif/src/dif001/dif001Main.c:7775 mpf_mfs_open arg 3 > t-dif/src/dif001/dif001Main.c:8173 mpf_mfs_getrec handle 1
equal,mfs_file,/home/chukyu/t-dif/src/dif001/dif001Main.c,240,mpf_mfs_getrec,1,GETREC,&fcb,2022,2022,"{""EXACT"": 1}",&fcb; DifStatusNo,2022,"{""ADDED"": 1, ""OK_MACRO"": 1}",False,t-dif/src/dif001/dif001Main.c:8756 mpf_mfs_open arg 3 > t-dif/src/dif001/dif001Main.c:9148 mpf_mfs_getrec handle 1
legacy_resolved_only,mfs_file,/home/chukyu/t-dif/src/dif110d/dif110dReturnInit.c,167,mpf_mfs_getrecm,1,GETREC,&fcb,,,"{""UNREACHABLE"": 1}",&fcb; DifSsAdressDefNo,2034,"{""ADDED"": 1, ""OK_MACRO"": 1}",False,t-dif/src/dif110d/dif110dReturnInit.c:6317 mpf_mfs_open arg 3 > t-dif/src/dif110d/dif110dReturnInit.c:6834 mpf_mfs_getrecm handle 1
legacy_resolved_only,mfs_file,/home/chukyu/t-dif/src/dif112d/dif112dReturnInit.c,160,mpf_mfs_getrecm,1,GETREC,&fcb,,,"{""UNREACHABLE"": 1}",&fcb; DifSsAdressDefNo,2034,"{""ADDED"": 1, ""OK_MACRO"": 1}",False,t-dif/src/dif112d/dif112dReturnInit.c:5707 mpf_mfs_open arg 3 > t-dif/src/dif112d/dif112dReturnInit.c:6224 mpf_mfs_getrecm handle 1
legacy_resolved_only,mfs_file,/home/chukyu/t-dif/src/dif115d/dif115dMain.c,101,mpf_mfs_getrecm,1,GETREC,&fcb,,,"{""UNREACHABLE"": 1}",&fcb; DifSsAdressDefNo,2034,"{""ADDED"": 1, ""OK_MACRO"": 1}",False,t-dif/src/dif115d/dif115dMain.c:4064 mpf_mfs_open arg 3 > t-dif/src/dif115d/dif115dMain.c:4467 mpf_mfs_getrecm handle 1
legacy_resolved_only,mfs_file,/home/chukyu/t-dif/src/dif115d/dif115dMain.c,147,mpf_mfs_getrecm,1,GETREC,&fcb,,,"{""UNREACHABLE"": 1}",&fcb; DifStatusNo,2022,"{""ADDED"": 1, ""OK_MACRO"": 1}",False,t-dif/src/dif115d/dif115dMain.c:5569 mpf_mfs_open arg 3 > t-dif/src/dif115d/dif115dMain.c:5957 mpf_mfs_getrecm handle 1
legacy_resolved_only,mfs_file,/home/chukyu/t-dif/src/dif115d/dif115dMain.c,220,mpf_mfs_getrecm,1,GETREC,&fcb,,,"{""UNREACHABLE"": 1}",&fcb; DifSendMngNo,2024,"{""ADDED"": 1, ""OK_MACRO"": 1}",False,t-dif/src/dif115d/dif115dMain.c:8369 mpf_mfs_open arg 3 > t-dif/src/dif115d/dif115dMain.c:8744 mpf_mfs_getrecm handle 1
legacy_resolved_only,mfs_file,/home/chukyu/t-dif/src/dif115d/dif115dModeEnd.c,158,mpf_mfs_getrecm,1,GETREC,&fcb,,,"{""UNREACHABLE"": 1}",&fcb; DifModeEndMngNo,2025,"{""ADDED"": 1, ""OK_MACRO"": 1}",False,t-dif/src/dif115d/dif115dModeEnd.c:5063 mpf_mfs_open arg 3 > t-dif/src/dif115d/dif115dModeEnd.c:5371 mpf_mfs_getrecm handle 1
equal,mfs_file,/home/chukyu/t-dif/src/dif115d/dif115dModeEnd.c,200,mpf_mfs_open,3,READ,file_no,2025; 2031; 2032; 2033,2025; 2031; 2032; 2033,"{""EXACT"": 4}",DifDvHasDefNo; DifDvHasIdxDefNo; DifItcOyaDefNo; DifModeEndMngNo; file_no,2025; 2031; 2032; 2033,"{""ADDED"": 4, ""OK_MACRO"": 4}",False,t-dif/src/dif115d/dif115dModeEnd.c:1840 FileRead arg 1 > [t-dif/src/dif115d/dif115dModeEnd.c]FileRead.param1(file_no) > t-dif/src/dif115d/dif115dModeEnd.c:6488 mpf_mfs_open arg 3 || t-dif/src/dif115d/dif115dModeEnd.c:1941 FileRead arg 1 > [t-dif/src/dif115d/dif115dModeEnd.c]FileRead.param1(file_no) > t-dif/src/dif115d/dif115dModeEnd.c:6488 mpf_mfs_open arg 3 || t-dif/src/dif115d/dif115dModeEnd.c:2055 FileRead arg 1 > [t-dif/src/dif115d/dif115dModeEnd.c]FileRead.param1(file_no) > t-dif/src/dif115d/dif115dModeEnd.c:6488 mpf_mfs_open arg 3 || t-dif/src/dif115d/dif115dModeEnd.c:2158 FileRead arg 1 > [t-dif/src/dif115d/dif115dModeEnd.c]FileRead.param1(file_no) > t-dif/src/dif115d/dif115dModeEnd.c:6488 mpf_mfs_open arg 3
legacy_resolved_only,mfs_file,/home/chukyu/t-dif/src/dif115d/dif115dModeEnd.c,208,mpf_mfs_getrecm,1,GETREC,&fcb,,,"{""UNREACHABLE"": 1}",&fcb; DifDvHasDefNo; DifDvHasIdxDefNo; DifItcOyaDefNo; DifModeEndMngNo,2025; 2031; 2032; 2033,"{""ADDED"": 1, ""CONFLICT"": 3, ""OK_MACRO"": 4}",False,t-dif/src/dif115d/dif115dModeEnd.c:1840 FileRead arg 1 > [t-dif/src/dif115d/dif115dModeEnd.c]FileRead.param1(file_no) > t-dif/src/dif115d/dif115dModeEnd.c:6488 mpf_mfs_open arg 3 > t-dif/src/dif115d/dif115dModeEnd.c:6715 mpf_mfs_getrecm handle 1 || t-dif/src/dif115d/dif115dModeEnd.c:1941 FileRead arg 1 > [t-dif/src/dif115d/dif115dModeEnd.c]FileRead.param1(file_no) > t-dif/src/dif115d/dif115dModeEnd.c:6488 mpf_mfs_open arg 3 > t-dif/src/dif115d/dif115dModeEnd.c:6715 mpf_mfs_getrecm handle 1 || t-dif/src/dif115d/dif115dModeEnd.c:2055 FileRead arg 1 > [t-dif/src/dif115d/dif115dModeEnd.c]FileRead.param1(file_no) > t-dif/src/dif115d/dif115dModeEnd.c:6488 mpf_mfs_open arg 3 > t-dif/src/dif115d/dif115dModeEnd.c:6715 mpf_mfs_getrecm handle 1 || t-dif/src/dif115d/dif115dModeEnd.c:2158 FileRead arg 1 > [t-dif/src/dif115d/dif115dModeEnd.c]FileRead.param1(file_no) > t-dif/src/dif115d/dif115dModeEnd.c:6488 mpf_mfs_open arg 3 > t-dif/src/dif115d/dif115dModeEnd.c:6715 mpf_mfs_getrecm handle 1
legacy_resolved_only,mfs_file,/home/chukyu/t-dif/src/dif115d/dif115dRtnChk.c,141,mpf_mfs_getrecm,1,GETREC,&def_fcb,,,"{""UNREACHABLE"": 1}",&def_fcb; DifDefineNo,2021,"{""ALREADY_PRESENT"": 1, ""OK_CONST"": 1}",True,t-dif/src/dif115d/dif115dRtnChk.c:6344 mpf_mfs_getrecm handle 1
legacy_resolved_only,mfs_file,/home/chukyu/t-dif/src/dif115d/dif115dRtnChk.c,149,mpf_mfs_getrecm,1,GETREC,&mng_fcb,,,"{""UNREACHABLE"": 1}",&mng_fcb; DifModeEndMngNo,2025,"{""ALREADY_PRESENT"": 1, ""OK_CONST"": 1}",True,t-dif/src/dif115d/dif115dRtnChk.c:6589 mpf_mfs_getrecm handle 1
legacy_resolved_only,mfs_file,/home/chukyu/t-dif/src/dif115d/dif115dRtnChk.c,914,mpf_mfs_getrecm,1,GETREC,&fcb,,,"{""UNREACHABLE"": 1}",&fcb; DifKoshoKanriNo,2026,"{""ADDED"": 1, ""OK_MACRO"": 1}",False,t-dif/src/dif115d/dif115dRtnChk.c:35175 mpf_mfs_open arg 3 > t-dif/src/dif115d/dif115dRtnChk.c:35578 mpf_mfs_getrecm handle 1
equal,mfs_file,/home/chukyu/t-dif/src/dif115d/dif115dSend.c,100,mpf_mfs_getrec,1,GETREC,&fcb,2031,2031,"{""EXACT"": 1}",&fcb; DifItcOyaDefNo,2031,"{""ADDED"": 1, ""OK_MACRO"": 1}",False,t-dif/src/dif115d/dif115dSend.c:4420 mpf_mfs_open arg 3 > t-dif/src/dif115d/dif115dSend.c:4636 mpf_mfs_getrec handle 1
equal,mfs_file,/home/chukyu/t-dif/src/dif115d/dif115dSend.c,122,mpf_mfs_getrec,1,GETREC,&fcb,2032,2032,"{""EXACT"": 1}",&fcb; DifDvHasIdxDefNo,2032,"{""ADDED"": 1, ""OK_MACRO"": 1}",False,t-dif/src/dif115d/dif115dSend.c:5039 mpf_mfs_open arg 3 > t-dif/src/dif115d/dif115dSend.c:5258 mpf_mfs_getrec handle 1
equal,mfs_file,/home/chukyu/t-dif/src/dif115d/dif115dSend.c,144,mpf_mfs_getrec,1,GETREC,&fcb,2033,2033,"{""EXACT"": 1}",&fcb; DifDvHasDefNo,2033,"{""ADDED"": 1, ""OK_MACRO"": 1}",False,t-dif/src/dif115d/dif115dSend.c:5656 mpf_mfs_open arg 3 > t-dif/src/dif115d/dif115dSend.c:5869 mpf_mfs_getrec handle 1
both_unresolved,mfs_file,/home/chukyu/t-dif/src/dif115d/dif115dSend.c,1033,mpf_mfs_open,3,READ,DifOutputNo,,,"{""EXTERNAL"": 1}",DifOutputNo,,"{""OK_CONST"": 1}",True,t-dif/src/dif115d/dif115dSend.c:33354 mpf_mfs_open arg 3
both_unresolved,mfs_file,/home/chukyu/t-dif/src/dif115d/dif115dSend.c,1041,mpf_mfs_getrec,1,GETREC,&fcb,,,"{""EXTERNAL"": 1}",&fcb,,"{""OK_CONST"": 1}",True,t-dif/src/dif115d/dif115dSend.c:33354 mpf_mfs_open arg 3 > t-dif/src/dif115d/dif115dSend.c:33559 mpf_mfs_getrec handle 1
both_unresolved,mfs_file,/home/chukyu/t-dif/src/dif115d/dif115dSend.c,1086,mpf_mfs_open,3,READ,DifOutputNo,,,"{""EXTERNAL"": 1}",DifOutputNo,,"{""OK_CONST"": 1}",True,t-dif/src/dif115d/dif115dSend.c:34828 mpf_mfs_open arg 3
both_unresolved,mfs_file,/home/chukyu/t-dif/src/dif115d/dif115dSend.c,1094,mpf_mfs_getrec,1,GETREC,&fcb,,,"{""EXTERNAL"": 1}",&fcb,,"{""OK_CONST"": 1}",True,t-dif/src/dif115d/dif115dSend.c:34828 mpf_mfs_open arg 3 > t-dif/src/dif115d/dif115dSend.c:35033 mpf_mfs_getrec handle 1
legacy_resolved_only,mfs_file,/home/chukyu/t-dif/src/dif120d/dif120dGetPtr.c,57,mpf_mfs_getrecm,1,GETREC,&fcb,,,"{""UNREACHABLE"": 1}",&fcb; DifSVNamaDataNo,2035,"{""ADDED"": 1, ""OK_MACRO"": 1}",False,t-dif/src/dif120d/dif120dGetPtr.c:2678 mpf_mfs_open arg 3 > t-dif/src/dif120d/dif120dGetPtr.c:3103 mpf_mfs_getrecm handle 1
equal,mfs_file,/home/chukyu/t-dif/src/dif120d/dif120dGetPtr.c,84,mpf_mfs_getrec,1,GETREC,&fcb,2045,2045,"{""EXACT"": 1}",&fcb; DifBackUpNo,2045,"{""ADDED"": 1, ""OK_MACRO"": 1}",False,t-dif/src/dif120d/dif120dGetPtr.c:3719 mpf_mfs_open arg 3 > t-dif/src/dif120d/dif120dGetPtr.c:4279 mpf_mfs_getrec handle 1
equal,mfs_file,/home/chukyu/t-dif/src/dif120d/dif120dMain.c,373,mpf_mfs_readrecn,1,READREC,&fcb,2030,2030,"{""EXACT"": 1}",&fcb; DifGamenDefNo,2030,"{""ADDED"": 1, ""OK_MACRO"": 1}",False,t-dif/src/dif120d/dif120dMain.c:16226 mpf_mfs_openm_H arg 2 > t-dif/src/dif120d/dif120dMain.c:16347 mpf_mfs_readrecn handle 1
equal,mfs_file,/home/chukyu/t-dif/src/dif120d/dif120dMain.c,631,mpf_mfs_readrecn,1,READREC,&fcb,2030,2030,"{""EXACT"": 1}",&fcb; DifGamenDefNo,2030,"{""ADDED"": 1, ""OK_MACRO"": 1}",False,t-dif/src/dif120d/dif120dMain.c:26426 mpf_mfs_openm_H arg 2 > t-dif/src/dif120d/dif120dMain.c:26563 mpf_mfs_readrecn handle 1
legacy_resolved_only,mfs_file,/home/chukyu/t-dif/src/dif120d/dif120dOffJh.c,163,mpf_mfs_readrecm,1,READREC,&DefFcb,,,"{""UNREACHABLE"": 1}",&DefFcb; DifDefineNo,2021,"{""ADDED"": 1, ""OK_MACRO"": 1}",False,t-dif/src/dif120d/dif120dOffJh.c:5916 mpf_mfs_open_H arg 2 > t-dif/src/dif120d/dif120dOffJh.c:6206 mpf_mfs_readrecm handle 1
legacy_resolved_only,mfs_file,/home/chukyu/t-dif/src/dif120d/dif120dOffJh.c,215,mpf_mfs_readrecm,1,READREC,&MngFcb,,,"{""UNREACHABLE"": 1}",&MngFcb; DifOffJohenMngNo,2047,"{""ADDED"": 1, ""OK_MACRO"": 1}",False,t-dif/src/dif120d/dif120dOffJh.c:7711 mpf_mfs_open_H arg 2 > t-dif/src/dif120d/dif120dOffJh.c:8133 mpf_mfs_readrecm handle 1
legacy_resolved_only,mfs_file,/home/chukyu/t-dif/src/dif120d/dif120dOffJh.c,283,mpf_mfs_writerecm,1,WRITEREC,&MngFcb,,,"{""UNREACHABLE"": 1}",&MngFcb; DifOffJohenMngNo,2047,"{""ADDED"": 1, ""OK_MACRO"": 1}",False,t-dif/src/dif120d/dif120dOffJh.c:7711 mpf_mfs_open_H arg 2 > t-dif/src/dif120d/dif120dOffJh.c:9971 mpf_mfs_writerecm handle 1
legacy_resolved_only,mfs_file,/home/chukyu/t-dif/src/dif121d/dif121dGetPtr.c,63,mpf_mfs_getrecm,1,GETREC,&fcb,,,"{""UNREACHABLE"": 1}",&fcb; DifF1FlugNo,2036,"{""ADDED"": 1, ""OK_MACRO"": 1}",False,t-dif/src/dif121d/dif121dGetPtr.c:2582 mpf_mfs_open arg 3 > t-dif/src/dif121d/dif121dGetPtr.c:3001 mpf_mfs_getrecm handle 1
legacy_resolved_only,mfs_file,/home/chukyu/t-dif/src/dif122d/dif122dMain.c,155,mpf_mfs_getrecm,1,GETREC,&fcb,,,"{""UNREACHABLE"": 1}",&fcb; DifSsAdressDefNo,2034,"{""ADDED"": 1, ""OK_MACRO"": 1}",False,t-dif/src/dif122d/dif122dMain.c:7478 mpf_mfs_open arg 3 > t-dif/src/dif122d/dif122dMain.c:7936 mpf_mfs_getrecm handle 1
legacy_resolved_only,mfs_file,/home/chukyu/t-dif/src/dif122d/dif122dMain.c,246,mpf_mfs_getrecm,1,GETREC,&fcb,,,"{""UNREACHABLE"": 1}",&fcb; DifKoshoKanriNo,2026,"{""ADDED"": 1, ""OK_MACRO"": 1}",False,t-dif/src/dif122d/dif122dMain.c:10480 mpf_mfs_open arg 3 > t-dif/src/dif122d/dif122dMain.c:10978 mpf_mfs_getrecm handle 1
legacy_resolved_only,mfs_file,/home/chukyu/t-dif/src/dif122d/dif122dMain.c,271,mpf_mfs_getrecm,1,GETREC,&fcb1,,,"{""UNREACHABLE"": 1}",&fcb1; DifDvHasIdxDefNo,2032,"{""ADDED"": 1, ""OK_MACRO"": 1}",False,t-dif/src/dif122d/dif122dMain.c:11456 mpf_mfs_open arg 3 > t-dif/src/dif122d/dif122dMain.c:11957 mpf_mfs_getrecm handle 1
legacy_resolved_only,mfs_file,/home/chukyu/t-dif/src/dif122d/dif122dMain.c,301,mpf_mfs_getrecm,1,GETREC,&fcb1,,,"{""UNREACHABLE"": 1}",&fcb1; DifDvHasDefNo,2033,"{""ADDED"": 1, ""OK_MACRO"": 1}",False,t-dif/src/dif122d/dif122dMain.c:12667 mpf_mfs_open arg 3 > t-dif/src/dif122d/dif122dMain.c:13159 mpf_mfs_getrecm handle 1
equal,mfs_file,/home/chukyu/t-dif/src/dif122d/dif122dMain.c,365,mpf_mfs_getrec,1,GETREC,&fcb5,2022,2022,"{""EXACT"": 1}",&fcb5; DifStatusNo,2022,"{""ADDED"": 1, ""OK_MACRO"": 1}",False,t-dif/src/dif122d/dif122dMain.c:15205 mpf_mfs_open arg 3 > t-dif/src/dif122d/dif122dMain.c:15567 mpf_mfs_getrec handle 1
legacy_resolved_only,mfs_file,/home/chukyu/t-dif/src/dif122d/dif122dMain.c,1263,mpf_mfs_readrecm,1,READREC,&fcb2,,,"{""UNREACHABLE"": 1}",&fcb2; DifHozonKoshoNo,2046,"{""ADDED"": 1, ""OK_MACRO"": 1}",False,t-dif/src/dif122d/dif122dMain.c:44107 mpf_mfs_open arg 3 > t-dif/src/dif122d/dif122dMain.c:44290 mpf_mfs_readrecm handle 1
legacy_resolved_only,mfs_file,/home/chukyu/t-dif/src/dif122d/dif122dMain.c,1265,mpf_mfs_writerecm,1,WRITEREC,&fcb2,,,"{""UNREACHABLE"": 1}",&fcb2; DifHozonKoshoNo,2046,"{""ADDED"": 1, ""OK_MACRO"": 1}",False,t-dif/src/dif122d/dif122dMain.c:44107 mpf_mfs_open arg 3 > t-dif/src/dif122d/dif122dMain.c:44356 mpf_mfs_writerecm handle 1
equal,mfs_file,/home/chukyu/t-dif/src/dif123d/dif123dSndJh.c,130,mpf_mfs_readrecn,1,READREC,&MngFcb,2047,2047,"{""EXACT"": 1}",&MngFcb; DifOffJohenMngNo,2047,"{""ADDED"": 1, ""OK_MACRO"": 1}",False,t-dif/src/dif123d/dif123dSndJh.c:4261 mpf_mfs_open_H arg 2 > t-dif/src/dif123d/dif123dSndJh.c:4683 mpf_mfs_readrecn handle 1
both_unresolved,mfs_file,/home/chukyu/t-dif/src/dif130d/dif130Deque.c,269,mpf_mfs_getrecm,1,GETREC,&fcb,,,"{""UNREACHABLE"": 1}",,,{},False,
cvisualizer_resolved_only,mfs_file,/home/chukyu/t-dif/src/dif130d/dif130Deque.c,295,mpf_mfs_getrec,1,GETREC,&fcb,2022,2022,"{""EXACT"": 1}",,,{},False,
both_unresolved,mfs_file,/home/chukyu/t-dif/src/dif130d/dif130Deque.c,405,mpf_mfs_getrecm,1,GETREC,&fcb,,,"{""UNREACHABLE"": 1}",,,{},False,
cvisualizer_resolved_only,mfs_file,/home/chukyu/t-dif/src/dif130d/dif130Deque.c,442,mpf_mfs_getrec,1,GETREC,&fcb,2022,2022,"{""EXACT"": 1}",,,{},False,
cvisualizer_resolved_only,mfs_file,/home/chukyu/t-dif/src/dif130d/dif130Event.c,68,mpf_mfs_getrec,1,GETREC,&fcb,2021,2021,"{""EXACT"": 1}",,,{},False,
legacy_resolved_only,mfs_file,/home/chukyu/t-dif/src/dif130d/dif130Event.c,144,mpf_mfs_getrecm,1,GETREC,&fcb,,,"{""UNREACHABLE"": 1}",&fcb; DifSendMngNo,2024,"{""ADDED"": 1, ""OK_MACRO"": 1}",False,t-dif/src/dif130d/dif130Event.c:6931 mpf_mfs_open arg 3 > t-dif/src/dif130d/dif130Event.c:7470 mpf_mfs_getrecm handle 1
equal,mfs_file,/home/chukyu/t-dif/src/dif130d/dif130Event.c,224,mpf_mfs_getrec,1,GETREC,&fcb,2021,2021,"{""EXACT"": 1}",&fcb; DifDefineNo,2021,"{""ADDED"": 1, ""OK_MACRO"": 1}",False,t-dif/src/dif130d/dif130Event.c:10561 mpf_mfs_open arg 3 > t-dif/src/dif130d/dif130Event.c:11142 mpf_mfs_getrec handle 1
legacy_resolved_only,mfs_file,/home/chukyu/t-dif/src/dif200d/dif200dGetPtr.c,57,mpf_mfs_getrecm,1,GETREC,&fcb,,,"{""UNREACHABLE"": 1}",&fcb; DifStatusNo,2022,"{""ADDED"": 1, ""OK_MACRO"": 1}",False,t-dif/src/dif200d/dif200dGetPtr.c:2202 mpf_mfs_open arg 3 > t-dif/src/dif200d/dif200dGetPtr.c:2579 mpf_mfs_getrecm handle 1
equal,mfs_file,/home/chukyu/t-dif/src/dif200d/dif200dMain.c,453,mpf_mfs_getrec,1,GETREC,&fcb1,2032,2032,"{""EXACT"": 1}",&fcb1; DifDvHasIdxDefNo,2032,"{""ADDED"": 1, ""OK_MACRO"": 1}",False,t-dif/src/dif200d/dif200dMain.c:17445 mpf_mfs_open arg 3 > t-dif/src/dif200d/dif200dMain.c:17779 mpf_mfs_getrec handle 1
equal,mfs_file,/home/chukyu/t-dif/src/dif200d/dif200dMain.c,474,mpf_mfs_getrec,1,GETREC,&fcb1,2033,2033,"{""EXACT"": 1}",&fcb1; DifDvHasDefNo,2033,"{""ADDED"": 1, ""OK_MACRO"": 1}",False,t-dif/src/dif200d/dif200dMain.c:18321 mpf_mfs_open arg 3 > t-dif/src/dif200d/dif200dMain.c:18649 mpf_mfs_getrec handle 1
legacy_resolved_only,mfs_file,/home/chukyu/t-dif/src/dif200d/dif200dOutMsg.c,280,mpf_mfs_getrecm,1,GETREC,&fcb,,,"{""UNREACHABLE"": 1}",&fcb; DifSendMngNo,2024,"{""ADDED"": 1, ""OK_MACRO"": 1}",False,t-dif/src/dif200d/dif200dOutMsg.c:9679 mpf_mfs_open arg 3 > t-dif/src/dif200d/dif200dOutMsg.c:10267 mpf_mfs_getrecm handle 1
legacy_resolved_only,mfs_file,/home/chukyu/t-dif/src/dif200d/dif200dStatus.c,91,mpf_mfs_getrecm,1,GETREC,&fcb,,,"{""UNREACHABLE"": 1}",&fcb; DifStatusNo,2022,"{""ADDED"": 1, ""OK_MACRO"": 1}",False,t-dif/src/dif200d/dif200dStatus.c:3465 mpf_mfs_open arg 3 > t-dif/src/dif200d/dif200dStatus.c:3844 mpf_mfs_getrecm handle 1
legacy_resolved_only,mfs_file,/home/chukyu/t-dif/src/dif200d/dif200dStatus.c,168,mpf_mfs_readrecm,1,READREC,&fcb2,,,"{""UNREACHABLE"": 1}",&fcb2; DifHozonStatusNo,2023,"{""ADDED"": 1, ""OK_MACRO"": 1}",False,t-dif/src/dif200d/dif200dStatus.c:4291 mpf_mfs_open arg 3 > t-dif/src/dif200d/dif200dStatus.c:6217 mpf_mfs_readrecm handle 1
legacy_resolved_only,mfs_file,/home/chukyu/t-dif/src/dif200d/dif200dStatus.c,170,mpf_mfs_writerecm,1,WRITEREC,&fcb2,,,"{""UNREACHABLE"": 1}",&fcb2; DifHozonStatusNo,2023,"{""ADDED"": 1, ""OK_MACRO"": 1}",False,t-dif/src/dif200d/dif200dStatus.c:4291 mpf_mfs_open arg 3 > t-dif/src/dif200d/dif200dStatus.c:6285 mpf_mfs_writerecm handle 1
equal,mfs_file,/home/chukyu/t-dif/src/dif200d/dif200dSyogaiRep.c,96,mpf_mfs_getrec,1,GETREC,&fcb,2032,2032,"{""EXACT"": 1}",&fcb; DifDvHasIdxDefNo,2032,"{""ADDED"": 1, ""OK_MACRO"": 1}",False,t-dif/src/dif200d/dif200dSyogaiRep.c:4366 mpf_mfs_open arg 3 > t-dif/src/dif200d/dif200dSyogaiRep.c:4705 mpf_mfs_getrec handle 1
equal,mfs_file,/home/chukyu/t-dif/src/dif200d/dif200dSyogaiRep.c,115,mpf_mfs_getrec,1,GETREC,&fcb,2033,2033,"{""EXACT"": 1}",&fcb; DifDvHasDefNo,2033,"{""ADDED"": 1, ""OK_MACRO"": 1}",False,t-dif/src/dif200d/dif200dSyogaiRep.c:5255 mpf_mfs_open arg 3 > t-dif/src/dif200d/dif200dSyogaiRep.c:5588 mpf_mfs_getrec handle 1
legacy_resolved_only,mfs_file,/home/chukyu/t-dif/src/dif200d/dif200dSyogaiRep.c,134,mpf_mfs_getrecm,1,GETREC,&fcb,,,"{""UNREACHABLE"": 1}",&fcb; DifKoshoKanriNo,2026,"{""ADDED"": 1, ""OK_MACRO"": 1}",False,t-dif/src/dif200d/dif200dSyogaiRep.c:6112 mpf_mfs_open arg 3 > t-dif/src/dif200d/dif200dSyogaiRep.c:6448 mpf_mfs_getrecm handle 1
cvisualizer_resolved_only,mfs_file,/home/chukyu/t-dif/src/dif210d/dif210Deque.c,192,mpf_mfs_getrec,1,GETREC,&fcb,2022,2022,"{""EXACT"": 1}",,,{},False,
both_unresolved,mfs_file,/home/chukyu/t-dif/src/dif210d/dif210Deque.c,268,mpf_mfs_readrecm,1,READREC,&fcb2,,,"{""UNREACHABLE"": 1}",,,{},False,
both_unresolved,mfs_file,/home/chukyu/t-dif/src/dif210d/dif210Deque.c,270,mpf_mfs_writerecm,1,WRITEREC,&fcb2,,,"{""UNREACHABLE"": 1}",,,{},False,
cvisualizer_resolved_only,mfs_file,/home/chukyu/t-dif/src/dif210d/dif210Deque.c,453,mpf_mfs_getrec,1,GETREC,&fcb,2022,2022,"{""EXACT"": 1}",,,{},False,
cvisualizer_resolved_only,mfs_file,/home/chukyu/t-dif/src/dif210d/dif210Deque.c,609,mpf_mfs_getrec,1,GETREC,&fcb,2022,2022,"{""EXACT"": 1}",,,{},False,
cvisualizer_resolved_only,mfs_file,/home/chukyu/t-dif/src/dif210d/dif210Deque.c,665,mpf_mfs_getrec,1,GETREC,&fcb1,2032,2032,"{""EXACT"": 1}",,,{},False,
cvisualizer_resolved_only,mfs_file,/home/chukyu/t-dif/src/dif210d/dif210Deque.c,686,mpf_mfs_getrec,1,GETREC,&fcb1,2033,2033,"{""EXACT"": 1}",,,{},False,
cvisualizer_resolved_only,mfs_file,/home/chukyu/t-dif/src/dif210d/dif210Deque.c,898,mpf_mfs_getrec,1,GETREC,&fcb,2022,2022,"{""EXACT"": 1}",,,{},False,
both_unresolved,mfs_file,/home/chukyu/t-dif/src/dif210d/dif210Deque.c,958,mpf_mfs_readrecm,1,READREC,&fcb2,,,"{""UNREACHABLE"": 1}",,,{},False,
both_unresolved,mfs_file,/home/chukyu/t-dif/src/dif210d/dif210Deque.c,960,mpf_mfs_writerecm,1,WRITEREC,&fcb2,,,"{""UNREACHABLE"": 1}",,,{},False,
equal,mfs_file,/home/chukyu/t-dif/src/dif210d/dif210Event.c,112,mpf_mfs_getrec,1,GETREC,&fcb,2022,2022,"{""EXACT"": 1}",&fcb; DifStatusNo,2022,"{""ADDED"": 1, ""OK_MACRO"": 1}",False,t-dif/src/dif210d/dif210Event.c:4372 mpf_mfs_open arg 3 > t-dif/src/dif210d/dif210Event.c:4769 mpf_mfs_getrec handle 1
legacy_resolved_only,mfs_file,/home/chukyu/t-dif/src/dif210d/dif210Event.c,142,mpf_mfs_readrecm,1,READREC,&fcb2,,,"{""UNREACHABLE"": 1}",&fcb2; DifHozonStatusNo,2023,"{""ADDED"": 1, ""OK_MACRO"": 1}",False,t-dif/src/dif210d/dif210Event.c:5146 mpf_mfs_open arg 3 > t-dif/src/dif210d/dif210Event.c:5904 mpf_mfs_readrecm handle 1
legacy_resolved_only,mfs_file,/home/chukyu/t-dif/src/dif210d/dif210Event.c,148,mpf_mfs_writerecm,1,WRITEREC,&fcb2,,,"{""UNREACHABLE"": 1}",&fcb2; DifHozonStatusNo,2023,"{""ADDED"": 1, ""OK_MACRO"": 1}",False,t-dif/src/dif210d/dif210Event.c:5146 mpf_mfs_open arg 3 > t-dif/src/dif210d/dif210Event.c:6142 mpf_mfs_writerecm handle 1
both_unresolved,mfs_file,/home/chukyu/t-dif/src/dif700/dif700getdata.c,399,mpf_mfs_readrecn,1,READREC,&fcb,,,"{""UNREACHABLE"": 1}",,,{},False,
both_unresolved,mfs_file,/home/chukyu/t-dif/src/dif700/dif700getdata.c,414,mpf_mfs_readrecn,1,READREC,&fcb,,,"{""UNREACHABLE"": 1}",,,{},False,
equal,mfs_file,/home/chukyu/t-dif/src/dif900/dif900IntBackUp.c,86,mpf_mfs_getrec,1,GETREC,&fcb,2045,2045,"{""EXACT"": 1}",&fcb; DifBackUpNo,2045,"{""ADDED"": 1, ""OK_MACRO"": 1}",False,t-dif/src/dif900/dif900IntBackUp.c:3035 mpf_mfs_open arg 3 > t-dif/src/dif900/dif900IntBackUp.c:3438 mpf_mfs_getrec handle 1
equal,mfs_file,/home/chukyu/t-dif/src/dif900/dif900IntChchg.c,86,mpf_mfs_getrec,1,GETREC,&fcb,2027,2027,"{""EXACT"": 1}",&fcb; DifChChangeInfNo,2027,"{""ADDED"": 1, ""OK_MACRO"": 1}",False,t-dif/src/dif900/dif900IntChchg.c:2969 mpf_mfs_open arg 3 > t-dif/src/dif900/dif900IntChchg.c:3374 mpf_mfs_getrec handle 1
equal,mfs_file,/home/chukyu/t-dif/src/dif900/dif900IntDll.c,181,mpf_mfs_getrec,1,GETREC,&fcb,2028,2028,"{""EXACT"": 1}",&fcb; DifDvChangeInfNo,2028,"{""ADDED"": 1, ""OK_MACRO"": 1}",False,t-dif/src/dif900/dif900IntDll.c:6491 mpf_mfs_open arg 3 > t-dif/src/dif900/dif900IntDll.c:6900 mpf_mfs_getrec handle 1
legacy_resolved_only,mfs_file,/home/chukyu/t-dif/src/dif900/dif900IntDll.c,620,mpf_mfs_readrecm,1,READREC,&fcb,,,"{""UNREACHABLE"": 1}",&fcb; DifSclDllDbNo,2041,"{""ADDED"": 1, ""OK_MACRO"": 1}",False,t-dif/src/dif900/dif900IntDll.c:22543 mpf_mfs_open arg 3 > t-dif/src/dif900/dif900IntDll.c:22937 mpf_mfs_readrecm handle 1
legacy_resolved_only,mfs_file,/home/chukyu/t-dif/src/dif900/dif900IntDll.c,621,mpf_mfs_readrecm,1,READREC,&fcb,,,"{""UNREACHABLE"": 1}",&fcb; DifSclDllDbNo,2041,"{""ADDED"": 1, ""OK_MACRO"": 1}",False,t-dif/src/dif900/dif900IntDll.c:22543 mpf_mfs_open arg 3 > t-dif/src/dif900/dif900IntDll.c:22975 mpf_mfs_readrecm handle 1
legacy_resolved_only,mfs_file,/home/chukyu/t-dif/src/dif900/dif900IntDll.c,667,mpf_mfs_writerecm,1,WRITEREC,&fcb,,,"{""UNREACHABLE"": 1}",&fcb; DifSclDllDbNo,2041,"{""ADDED"": 1, ""OK_MACRO"": 1}",False,t-dif/src/dif900/dif900IntDll.c:22543 mpf_mfs_open arg 3 > t-dif/src/dif900/dif900IntDll.c:24773 mpf_mfs_writerecm handle 1
legacy_resolved_only,mfs_file,/home/chukyu/t-dif/src/dif900/dif900IntDll.c,673,mpf_mfs_writerecm,1,WRITEREC,&fcb,,,"{""UNREACHABLE"": 1}",&fcb; DifSclDllDbNo,2041,"{""ADDED"": 1, ""OK_MACRO"": 1}",False,t-dif/src/dif900/dif900IntDll.c:22543 mpf_mfs_open arg 3 > t-dif/src/dif900/dif900IntDll.c:25034 mpf_mfs_writerecm handle 1
legacy_resolved_only,mfs_file,/home/chukyu/t-dif/src/dif900/dif900IntDll.c,744,mpf_mfs_readrecm,1,READREC,&fcb,,,"{""UNREACHABLE"": 1}",&fcb; DifSvDllDbNo,2039,"{""ADDED"": 1, ""OK_MACRO"": 1}",False,t-dif/src/dif900/dif900IntDll.c:27208 mpf_mfs_open arg 3 > t-dif/src/dif900/dif900IntDll.c:27594 mpf_mfs_readrecm handle 1
legacy_resolved_only,mfs_file,/home/chukyu/t-dif/src/dif900/dif900IntDll.c,762,mpf_mfs_readrecm,1,READREC,&fcb,,,"{""UNREACHABLE"": 1}",&fcb; DifSvDllDbNo,2039,"{""ADDED"": 1, ""OK_MACRO"": 1}",False,t-dif/src/dif900/dif900IntDll.c:27208 mpf_mfs_open arg 3 > t-dif/src/dif900/dif900IntDll.c:28320 mpf_mfs_readrecm handle 1
legacy_resolved_only,mfs_file,/home/chukyu/t-dif/src/dif900/dif900IntDll.c,834,mpf_mfs_writerecm,1,WRITEREC,&fcb,,,"{""UNREACHABLE"": 1}",&fcb; DifSvDllDbNo,2039,"{""ADDED"": 1, ""OK_MACRO"": 1}",False,t-dif/src/dif900/dif900IntDll.c:27208 mpf_mfs_open arg 3 > t-dif/src/dif900/dif900IntDll.c:30623 mpf_mfs_writerecm handle 1
legacy_resolved_only,mfs_file,/home/chukyu/t-dif/src/dif900/dif900IntDll.c,842,mpf_mfs_writerecm,1,WRITEREC,&fcb,,,"{""UNREACHABLE"": 1}",&fcb; DifSvDllDbNo,2039,"{""ADDED"": 1, ""OK_MACRO"": 1}",False,t-dif/src/dif900/dif900IntDll.c:27208 mpf_mfs_open arg 3 > t-dif/src/dif900/dif900IntDll.c:30919 mpf_mfs_writerecm handle 1
legacy_resolved_only,mfs_file,/home/chukyu/t-dif/src/dif900/dif900IntDll.c,959,mpf_mfs_readrecm,1,READREC,&fcb,,,"{""UNREACHABLE"": 1}",&fcb; DifTmDllDbNo,2040,"{""ADDED"": 1, ""OK_MACRO"": 1}",False,t-dif/src/dif900/dif900IntDll.c:34400 mpf_mfs_open arg 3 > t-dif/src/dif900/dif900IntDll.c:34786 mpf_mfs_readrecm handle 1
legacy_resolved_only,mfs_file,/home/chukyu/t-dif/src/dif900/dif900IntDll.c,977,mpf_mfs_readrecm,1,READREC,&fcb,,,"{""UNREACHABLE"": 1}",&fcb; DifTmDllDbNo,2040,"{""ADDED"": 1, ""OK_MACRO"": 1}",False,t-dif/src/dif900/dif900IntDll.c:34400 mpf_mfs_open arg 3 > t-dif/src/dif900/dif900IntDll.c:35512 mpf_mfs_readrecm handle 1
legacy_resolved_only,mfs_file,/home/chukyu/t-dif/src/dif900/dif900IntDll.c,1049,mpf_mfs_writerecm,1,WRITEREC,&fcb,,,"{""UNREACHABLE"": 1}",&fcb; DifTmDllDbNo,2040,"{""ADDED"": 1, ""OK_MACRO"": 1}",False,t-dif/src/dif900/dif900IntDll.c:34400 mpf_mfs_open arg 3 > t-dif/src/dif900/dif900IntDll.c:37815 mpf_mfs_writerecm handle 1
legacy_resolved_only,mfs_file,/home/chukyu/t-dif/src/dif900/dif900IntDll.c,1057,mpf_mfs_writerecm,1,WRITEREC,&fcb,,,"{""UNREACHABLE"": 1}",&fcb; DifTmDllDbNo,2040,"{""ADDED"": 1, ""OK_MACRO"": 1}",False,t-dif/src/dif900/dif900IntDll.c:34400 mpf_mfs_open arg 3 > t-dif/src/dif900/dif900IntDll.c:38111 mpf_mfs_writerecm handle 1
legacy_resolved_only,mfs_file,/home/chukyu/t-dif/src/dif900/dif900IntDll.c,1166,mpf_mfs_readrecm,1,READREC,&fcb,,,"{""UNREACHABLE"": 1}",&fcb; DifSclDllDbNo,2041,"{""ADDED"": 1, ""OK_MACRO"": 1}",False,t-dif/src/dif900/dif900IntDll.c:41430 mpf_mfs_open arg 3 > t-dif/src/dif900/dif900IntDll.c:41824 mpf_mfs_readrecm handle 1
legacy_resolved_only,mfs_file,/home/chukyu/t-dif/src/dif900/dif900IntDll.c,1176,mpf_mfs_readrecm,1,READREC,&fcb,,,"{""UNREACHABLE"": 1}",&fcb; DifSclDllDbNo,2041,"{""ADDED"": 1, ""OK_MACRO"": 1}",False,t-dif/src/dif900/dif900IntDll.c:41430 mpf_mfs_open arg 3 > t-dif/src/dif900/dif900IntDll.c:42224 mpf_mfs_readrecm handle 1
legacy_resolved_only,mfs_file,/home/chukyu/t-dif/src/dif900/dif900IntDll.c,1179,mpf_mfs_readrecm,1,READREC,&fcb,,,"{""UNREACHABLE"": 1}",&fcb; DifSclDllDbNo,2041,"{""ADDED"": 1, ""OK_MACRO"": 1}",False,t-dif/src/dif900/dif900IntDll.c:41430 mpf_mfs_open arg 3 > t-dif/src/dif900/dif900IntDll.c:42346 mpf_mfs_readrecm handle 1
legacy_resolved_only,mfs_file,/home/chukyu/t-dif/src/dif900/dif900IntDll.c,1184,mpf_mfs_writerecm,1,WRITEREC,&fcb,,,"{""UNREACHABLE"": 1}",&fcb; DifSclDllDbNo,2041,"{""ADDED"": 1, ""OK_MACRO"": 1}",False,t-dif/src/dif900/dif900IntDll.c:41430 mpf_mfs_open arg 3 > t-dif/src/dif900/dif900IntDll.c:42476 mpf_mfs_writerecm handle 1
legacy_resolved_only,mfs_file,/home/chukyu/t-dif/src/dif900/dif900IntDll.c,1243,mpf_mfs_readrecm,1,READREC,&fcb,,,"{""UNREACHABLE"": 1}",&fcb; DifSvDllDbNo,2039,"{""ADDED"": 1, ""OK_MACRO"": 1}",False,t-dif/src/dif900/dif900IntDll.c:44113 mpf_mfs_open arg 3 > t-dif/src/dif900/dif900IntDll.c:44505 mpf_mfs_readrecm handle 1
legacy_resolved_only,mfs_file,/home/chukyu/t-dif/src/dif900/dif900IntDll.c,1253,mpf_mfs_readrecm,1,READREC,&fcb,,,"{""UNREACHABLE"": 1}",&fcb; DifSvDllDbNo,2039,"{""ADDED"": 1, ""OK_MACRO"": 1}",False,t-dif/src/dif900/dif900IntDll.c:44113 mpf_mfs_open arg 3 > t-dif/src/dif900/dif900IntDll.c:44931 mpf_mfs_readrecm handle 1
legacy_resolved_only,mfs_file,/home/chukyu/t-dif/src/dif900/dif900IntDll.c,1258,mpf_mfs_writerecm,1,WRITEREC,&fcb,,,"{""UNREACHABLE"": 1}",&fcb; DifSvDllDbNo,2039,"{""ADDED"": 1, ""OK_MACRO"": 1}",False,t-dif/src/dif900/dif900IntDll.c:44113 mpf_mfs_open arg 3 > t-dif/src/dif900/dif900IntDll.c:45073 mpf_mfs_writerecm handle 1
legacy_resolved_only,mfs_file,/home/chukyu/t-dif/src/dif900/dif900IntDll.c,1314,mpf_mfs_readrecm,1,READREC,&fcb,,,"{""UNREACHABLE"": 1}",&fcb; DifTmDllDbNo,2040,"{""ADDED"": 1, ""OK_MACRO"": 1}",False,t-dif/src/dif900/dif900IntDll.c:46826 mpf_mfs_open arg 3 > t-dif/src/dif900/dif900IntDll.c:47218 mpf_mfs_readrecm handle 1
legacy_resolved_only,mfs_file,/home/chukyu/t-dif/src/dif900/dif900IntDll.c,1323,mpf_mfs_readrecm,1,READREC,&fcb,,,"{""UNREACHABLE"": 1}",&fcb; DifTmDllDbNo,2040,"{""ADDED"": 1, ""OK_MACRO"": 1}",False,t-dif/src/dif900/dif900IntDll.c:46826 mpf_mfs_open arg 3 > t-dif/src/dif900/dif900IntDll.c:47617 mpf_mfs_readrecm handle 1
legacy_resolved_only,mfs_file,/home/chukyu/t-dif/src/dif900/dif900IntDll.c,1328,mpf_mfs_writerecm,1,WRITEREC,&fcb,,,"{""UNREACHABLE"": 1}",&fcb; DifTmDllDbNo,2040,"{""ADDED"": 1, ""OK_MACRO"": 1}",False,t-dif/src/dif900/dif900IntDll.c:46826 mpf_mfs_open arg 3 > t-dif/src/dif900/dif900IntDll.c:47759 mpf_mfs_writerecm handle 1
legacy_resolved_only,mfs_file,/home/chukyu/t-dif/src/dif900/dif900IntDll.c,1389,mpf_mfs_readrecm,1,READREC,&fcb0,,,"{""UNREACHABLE"": 1}",&fcb0; DifSvDllDbNo,2039,"{""ADDED"": 1, ""OK_MACRO"": 1}",False,t-dif/src/dif900/dif900IntDll.c:49881 mpf_mfs_open arg 3 > t-dif/src/dif900/dif900IntDll.c:50092 mpf_mfs_readrecm handle 1
legacy_resolved_only,mfs_file,/home/chukyu/t-dif/src/dif900/dif900IntDll.c,1421,mpf_mfs_readrecm,1,READREC,&fcb0,,,"{""UNREACHABLE"": 1}",&fcb0; DifSvDllDbNo,2039,"{""ADDED"": 1, ""OK_MACRO"": 1}",False,t-dif/src/dif900/dif900IntDll.c:51014 mpf_mfs_open arg 3 > t-dif/src/dif900/dif900IntDll.c:51233 mpf_mfs_readrecm handle 1
legacy_resolved_only,mfs_file,/home/chukyu/t-dif/src/dif900/dif900IntDll.c,1441,mpf_mfs_writerecm,1,WRITEREC,&fcb,,,"{""UNREACHABLE"": 1}",&fcb; DifSvDllDbNo,2039,"{""ADDED"": 1, ""OK_MACRO"": 1}",False,t-dif/src/dif900/dif900IntDll.c:51683 mpf_mfs_open arg 3 > t-dif/src/dif900/dif900IntDll.c:51906 mpf_mfs_writerecm handle 1
legacy_resolved_only,mfs_file,/home/chukyu/t-dif/src/dif900/dif900IntDll.c,1462,mpf_mfs_readrecm,1,READREC,&fcb,,,"{""UNREACHABLE"": 1}",&fcb; DifSvDllDbNo,2039,"{""ADDED"": 1, ""OK_MACRO"": 1}",False,t-dif/src/dif900/dif900IntDll.c:52415 mpf_mfs_open arg 3 > t-dif/src/dif900/dif900IntDll.c:52633 mpf_mfs_readrecm handle 1
legacy_resolved_only,mfs_file,/home/chukyu/t-dif/src/dif900/dif900IntDll.c,1470,mpf_mfs_writerecm,1,WRITEREC,&fcb,,,"{""UNREACHABLE"": 1}",&fcb; DifSvDllDbNo,2039,"{""ADDED"": 1, ""OK_MACRO"": 1}",False,t-dif/src/dif900/dif900IntDll.c:52415 mpf_mfs_open arg 3 > t-dif/src/dif900/dif900IntDll.c:52833 mpf_mfs_writerecm handle 1
legacy_resolved_only,mfs_file,/home/chukyu/t-dif/src/dif900/dif900IntDll.c,1497,mpf_mfs_writerecm,1,WRITEREC,&fcb,,,"{""UNREACHABLE"": 1}",&fcb; DifSvDllDbNo,2039,"{""ADDED"": 1, ""OK_MACRO"": 1}",False,t-dif/src/dif900/dif900IntDll.c:53594 mpf_mfs_open arg 3 > t-dif/src/dif900/dif900IntDll.c:53801 mpf_mfs_writerecm handle 1
legacy_resolved_only,mfs_file,/home/chukyu/t-dif/src/dif900/dif900IntDll.c,1566,mpf_mfs_readrecm,1,READREC,&fcb0,,,"{""UNREACHABLE"": 1}",&fcb0; DifTmDllDbNo,2040,"{""ADDED"": 1, ""OK_MACRO"": 1}",False,t-dif/src/dif900/dif900IntDll.c:56209 mpf_mfs_open arg 3 > t-dif/src/dif900/dif900IntDll.c:56420 mpf_mfs_readrecm handle 1
legacy_resolved_only,mfs_file,/home/chukyu/t-dif/src/dif900/dif900IntDll.c,1597,mpf_mfs_readrecm,1,READREC,&fcb0,,,"{""UNREACHABLE"": 1}",&fcb0; DifTmDllDbNo,2040,"{""ADDED"": 1, ""OK_MACRO"": 1}",False,t-dif/src/dif900/dif900IntDll.c:57341 mpf_mfs_open arg 3 > t-dif/src/dif900/dif900IntDll.c:57560 mpf_mfs_readrecm handle 1
legacy_resolved_only,mfs_file,/home/chukyu/t-dif/src/dif900/dif900IntDll.c,1617,mpf_mfs_writerecm,1,WRITEREC,&fcb,,,"{""UNREACHABLE"": 1}",&fcb; DifTmDllDbNo,2040,"{""ADDED"": 1, ""OK_MACRO"": 1}",False,t-dif/src/dif900/dif900IntDll.c:58010 mpf_mfs_open arg 3 > t-dif/src/dif900/dif900IntDll.c:58233 mpf_mfs_writerecm handle 1
legacy_resolved_only,mfs_file,/home/chukyu/t-dif/src/dif900/dif900IntDll.c,1638,mpf_mfs_readrecm,1,READREC,&fcb,,,"{""UNREACHABLE"": 1}",&fcb; DifTmDllDbNo,2040,"{""ADDED"": 1, ""OK_MACRO"": 1}",False,t-dif/src/dif900/dif900IntDll.c:58742 mpf_mfs_open arg 3 > t-dif/src/dif900/dif900IntDll.c:58960 mpf_mfs_readrecm handle 1
legacy_resolved_only,mfs_file,/home/chukyu/t-dif/src/dif900/dif900IntDll.c,1646,mpf_mfs_writerecm,1,WRITEREC,&fcb,,,"{""UNREACHABLE"": 1}",&fcb; DifTmDllDbNo,2040,"{""ADDED"": 1, ""OK_MACRO"": 1}",False,t-dif/src/dif900/dif900IntDll.c:58742 mpf_mfs_open arg 3 > t-dif/src/dif900/dif900IntDll.c:59160 mpf_mfs_writerecm handle 1
legacy_resolved_only,mfs_file,/home/chukyu/t-dif/src/dif900/dif900IntDll.c,1672,mpf_mfs_writerecm,1,WRITEREC,&fcb,,,"{""UNREACHABLE"": 1}",&fcb; DifTmDllDbNo,2040,"{""ADDED"": 1, ""OK_MACRO"": 1}",False,t-dif/src/dif900/dif900IntDll.c:59895 mpf_mfs_open arg 3 > t-dif/src/dif900/dif900IntDll.c:60102 mpf_mfs_writerecm handle 1
equal,mfs_file,/home/chukyu/t-dif/src/dif900/dif900IntDvHas.c,80,mpf_mfs_getrec,1,GETREC,&fcb,2033,2033,"{""EXACT"": 1}",&fcb; DifDvHasDefNo,2033,"{""ADDED"": 1, ""OK_MACRO"": 1}",False,t-dif/src/dif900/dif900IntDvHas.c:2596 mpf_mfs_open arg 3 > t-dif/src/dif900/dif900IntDvHas.c:2996 mpf_mfs_getrec handle 1
equal,mfs_file,/home/chukyu/t-dif/src/dif900/dif900IntDvHas.c,102,mpf_mfs_getrec,1,GETREC,&fcb2,2032,2032,"{""EXACT"": 1}",&fcb2; DifDvHasIdxDefNo,2032,"{""ADDED"": 1, ""OK_MACRO"": 1}",False,t-dif/src/dif900/dif900IntDvHas.c:3375 mpf_mfs_open arg 3 > t-dif/src/dif900/dif900IntDvHas.c:3785 mpf_mfs_getrec handle 1
equal,mfs_file,/home/chukyu/t-dif/src/dif900/dif900IntDvchg.c,77,mpf_mfs_getrec,1,GETREC,&fcb,2028,2028,"{""EXACT"": 1}",&fcb; DifDvChangeInfNo,2028,"{""ADDED"": 1, ""OK_MACRO"": 1}",False,t-dif/src/dif900/dif900IntDvchg.c:2356 mpf_mfs_open arg 3 > t-dif/src/dif900/dif900IntDvchg.c:2765 mpf_mfs_getrec handle 1
equal,mfs_file,/home/chukyu/t-dif/src/dif900/dif900IntGamen.c,99,mpf_mfs_getrec,1,GETREC,&fcb,2030,2030,"{""EXACT"": 1}",&fcb; DifGamenDefNo,2030,"{""ADDED"": 1, ""OK_MACRO"": 1}",False,t-dif/src/dif900/dif900IntGamen.c:3730 mpf_mfs_open arg 3 > t-dif/src/dif900/dif900IntGamen.c:4131 mpf_mfs_getrec handle 1
equal,mfs_file,/home/chukyu/t-dif/src/dif900/dif900IntItcOya.c,69,mpf_mfs_getrec,1,GETREC,&fcb,2031,2031,"{""EXACT"": 1}",&fcb; DifItcOyaDefNo,2031,"{""ADDED"": 1, ""OK_MACRO"": 1}",False,t-dif/src/dif900/dif900IntItcOya.c:2084 mpf_mfs_open arg 3 > t-dif/src/dif900/dif900IntItcOya.c:2485 mpf_mfs_getrec handle 1
equal,mfs_file,/home/chukyu/t-dif/src/dif900/dif900IntNwchg.c,81,mpf_mfs_getrec,1,GETREC,&fcb,2029,2029,"{""EXACT"": 1}",&fcb; DifNwChangeInfNo,2029,"{""ADDED"": 1, ""OK_MACRO"": 1}",False,t-dif/src/dif900/dif900IntNwchg.c:2545 mpf_mfs_open arg 3 > t-dif/src/dif900/dif900IntNwchg.c:2950 mpf_mfs_getrec handle 1
equal,mfs_file,/home/chukyu/t-dif/src/dif900/dif900IntSpeDef.c,232,mpf_mfs_writerecn,1,WRITEREC,&sFcb,2048,2048,"{""EXACT"": 1}",&sFcb; DifSpeDvDefNo,2048,"{""ALREADY_PRESENT"": 1, ""OK_CONST"": 1}",True,t-dif/src/dif900/dif900IntSpeDef.c:8225 mpf_mfs_writerecn handle 1
equal,mfs_file,/home/chukyu/t-dif/src/dif900/dif900IntSsDef.c,69,mpf_mfs_getrec,1,GETREC,&fcb,2034,2034,"{""EXACT"": 1}",&fcb; DifSsAdressDefNo,2034,"{""ADDED"": 1, ""OK_MACRO"": 1}",False,t-dif/src/dif900/dif900IntSsDef.c:2091 mpf_mfs_open arg 3 > t-dif/src/dif900/dif900IntSsDef.c:2498 mpf_mfs_getrec handle 1
both_unresolved,mfs_file,/home/chukyu/t-dif/src/dif901/dif901IntBackUp.c,96,mpf_mfs_getrec,1,GETREC,&fcb,,,"{""UNREACHABLE"": 1}",,,{},False,
equal,mfs_file,/home/chukyu/t-dif/src/dif901/dif901IntChchg.c,91,mpf_mfs_getrec,1,GETREC,&fcb,2027,2027,"{""EXACT"": 1}",&fcb; DifChChangeInfNo,2027,"{""ADDED"": 1, ""OK_MACRO"": 1}",False,t-dif/src/dif901/dif901IntChchg.c:3073 mpf_mfs_open arg 3 > t-dif/src/dif901/dif901IntChchg.c:3478 mpf_mfs_getrec handle 1
both_unresolved,mfs_file,/home/chukyu/t-dif/src/dif901/dif901IntDll.c,211,mpf_mfs_getrec,1,GETREC,&fcb,,,"{""UNREACHABLE"": 1}",,,{},False,
both_unresolved,mfs_file,/home/chukyu/t-dif/src/dif901/dif901IntDll.c,656,mpf_mfs_readrecm,1,READREC,&fcb,,,"{""UNREACHABLE"": 1}",,,{},False,
both_unresolved,mfs_file,/home/chukyu/t-dif/src/dif901/dif901IntDll.c,657,mpf_mfs_readrecm,1,READREC,&fcb,,,"{""UNREACHABLE"": 1}",,,{},False,
both_unresolved,mfs_file,/home/chukyu/t-dif/src/dif901/dif901IntDll.c,703,mpf_mfs_writerecm,1,WRITEREC,&fcb,,,"{""UNREACHABLE"": 1}",,,{},False,
both_unresolved,mfs_file,/home/chukyu/t-dif/src/dif901/dif901IntDll.c,709,mpf_mfs_writerecm,1,WRITEREC,&fcb,,,"{""UNREACHABLE"": 1}",,,{},False,
both_unresolved,mfs_file,/home/chukyu/t-dif/src/dif901/dif901IntDll.c,780,mpf_mfs_readrecm,1,READREC,&fcb,,,"{""UNREACHABLE"": 1}",,,{},False,
both_unresolved,mfs_file,/home/chukyu/t-dif/src/dif901/dif901IntDll.c,798,mpf_mfs_readrecm,1,READREC,&fcb,,,"{""UNREACHABLE"": 1}",,,{},False,
both_unresolved,mfs_file,/home/chukyu/t-dif/src/dif901/dif901IntDll.c,870,mpf_mfs_writerecm,1,WRITEREC,&fcb,,,"{""UNREACHABLE"": 1}",,,{},False,
both_unresolved,mfs_file,/home/chukyu/t-dif/src/dif901/dif901IntDll.c,878,mpf_mfs_writerecm,1,WRITEREC,&fcb,,,"{""UNREACHABLE"": 1}",,,{},False,
both_unresolved,mfs_file,/home/chukyu/t-dif/src/dif901/dif901IntDll.c,995,mpf_mfs_readrecm,1,READREC,&fcb,,,"{""UNREACHABLE"": 1}",,,{},False,
both_unresolved,mfs_file,/home/chukyu/t-dif/src/dif901/dif901IntDll.c,1013,mpf_mfs_readrecm,1,READREC,&fcb,,,"{""UNREACHABLE"": 1}",,,{},False,
both_unresolved,mfs_file,/home/chukyu/t-dif/src/dif901/dif901IntDll.c,1085,mpf_mfs_writerecm,1,WRITEREC,&fcb,,,"{""UNREACHABLE"": 1}",,,{},False,
both_unresolved,mfs_file,/home/chukyu/t-dif/src/dif901/dif901IntDll.c,1093,mpf_mfs_writerecm,1,WRITEREC,&fcb,,,"{""UNREACHABLE"": 1}",,,{},False,
both_unresolved,mfs_file,/home/chukyu/t-dif/src/dif901/dif901IntDll.c,1202,mpf_mfs_readrecm,1,READREC,&fcb,,,"{""UNREACHABLE"": 1}",,,{},False,
both_unresolved,mfs_file,/home/chukyu/t-dif/src/dif901/dif901IntDll.c,1212,mpf_mfs_readrecm,1,READREC,&fcb,,,"{""UNREACHABLE"": 1}",,,{},False,
both_unresolved,mfs_file,/home/chukyu/t-dif/src/dif901/dif901IntDll.c,1215,mpf_mfs_readrecm,1,READREC,&fcb,,,"{""UNREACHABLE"": 1}",,,{},False,
both_unresolved,mfs_file,/home/chukyu/t-dif/src/dif901/dif901IntDll.c,1220,mpf_mfs_writerecm,1,WRITEREC,&fcb,,,"{""UNREACHABLE"": 1}",,,{},False,
both_unresolved,mfs_file,/home/chukyu/t-dif/src/dif901/dif901IntDll.c,1291,mpf_mfs_readrecm,1,READREC,&fcb,,,"{""UNREACHABLE"": 1}",,,{},False,
both_unresolved,mfs_file,/home/chukyu/t-dif/src/dif901/dif901IntDll.c,1359,mpf_mfs_readrecm,1,READREC,&fcb,,,"{""UNREACHABLE"": 1}",,,{},False,
both_unresolved,mfs_file,/home/chukyu/t-dif/src/dif901/dif901IntDll.c,1430,mpf_mfs_readrecm,1,READREC,&fcb0,,,"{""UNREACHABLE"": 1}",,,{},False,
both_unresolved,mfs_file,/home/chukyu/t-dif/src/dif901/dif901IntDll.c,1462,mpf_mfs_readrecm,1,READREC,&fcb0,,,"{""UNREACHABLE"": 1}",,,{},False,
both_unresolved,mfs_file,/home/chukyu/t-dif/src/dif901/dif901IntDll.c,1479,mpf_mfs_writerecm,1,WRITEREC,&fcb,,,"{""UNREACHABLE"": 1}",,,{},False,
both_unresolved,mfs_file,/home/chukyu/t-dif/src/dif901/dif901IntDll.c,1500,mpf_mfs_readrecm,1,READREC,&fcb,,,"{""UNREACHABLE"": 1}",,,{},False,
both_unresolved,mfs_file,/home/chukyu/t-dif/src/dif901/dif901IntDll.c,1508,mpf_mfs_writerecm,1,WRITEREC,&fcb,,,"{""UNREACHABLE"": 1}",,,{},False,
both_unresolved,mfs_file,/home/chukyu/t-dif/src/dif901/dif901IntDll.c,1534,mpf_mfs_writerecm,1,WRITEREC,&fcb,,,"{""UNREACHABLE"": 1}",,,{},False,
both_unresolved,mfs_file,/home/chukyu/t-dif/src/dif901/dif901IntDll.c,1608,mpf_mfs_readrecm,1,READREC,&fcb0,,,"{""UNREACHABLE"": 1}",,,{},False,
both_unresolved,mfs_file,/home/chukyu/t-dif/src/dif901/dif901IntDll.c,1639,mpf_mfs_readrecm,1,READREC,&fcb0,,,"{""UNREACHABLE"": 1}",,,{},False,
both_unresolved,mfs_file,/home/chukyu/t-dif/src/dif901/dif901IntDll.c,1656,mpf_mfs_writerecm,1,WRITEREC,&fcb,,,"{""UNREACHABLE"": 1}",,,{},False,
both_unresolved,mfs_file,/home/chukyu/t-dif/src/dif901/dif901IntDll.c,1677,mpf_mfs_readrecm,1,READREC,&fcb,,,"{""UNREACHABLE"": 1}",,,{},False,
both_unresolved,mfs_file,/home/chukyu/t-dif/src/dif901/dif901IntDll.c,1685,mpf_mfs_writerecm,1,WRITEREC,&fcb,,,"{""UNREACHABLE"": 1}",,,{},False,
both_unresolved,mfs_file,/home/chukyu/t-dif/src/dif901/dif901IntDll.c,1710,mpf_mfs_writerecm,1,WRITEREC,&fcb,,,"{""UNREACHABLE"": 1}",,,{},False,
equal,mfs_file,/home/chukyu/t-dif/src/dif901/dif901IntDvHas.c,82,mpf_mfs_getrec,1,GETREC,&fcb,2033,2033,"{""EXACT"": 1}",&fcb; DifDvHasDefNo,2033,"{""ADDED"": 1, ""OK_MACRO"": 1}",False,t-dif/src/dif901/dif901IntDvHas.c:2754 mpf_mfs_open arg 3 > t-dif/src/dif901/dif901IntDvHas.c:3154 mpf_mfs_getrec handle 1
equal,mfs_file,/home/chukyu/t-dif/src/dif901/dif901IntDvHas.c,104,mpf_mfs_getrec,1,GETREC,&fcb2,2032,2032,"{""EXACT"": 1}",&fcb2; DifDvHasIdxDefNo,2032,"{""ADDED"": 1, ""OK_MACRO"": 1}",False,t-dif/src/dif901/dif901IntDvHas.c:3533 mpf_mfs_open arg 3 > t-dif/src/dif901/dif901IntDvHas.c:3943 mpf_mfs_getrec handle 1
equal,mfs_file,/home/chukyu/t-dif/src/dif901/dif901IntDvchg.c,80,mpf_mfs_getrec,1,GETREC,&fcb,2028,2028,"{""EXACT"": 1}",&fcb; DifDvChangeInfNo,2028,"{""ADDED"": 1, ""OK_MACRO"": 1}",False,t-dif/src/dif901/dif901IntDvchg.c:2510 mpf_mfs_open arg 3 > t-dif/src/dif901/dif901IntDvchg.c:2919 mpf_mfs_getrec handle 1
equal,mfs_file,/home/chukyu/t-dif/src/dif901/dif901IntGamen.c,101,mpf_mfs_getrec,1,GETREC,&fcb,2030,2030,"{""EXACT"": 1}",&fcb; DifGamenDefNo,2030,"{""ADDED"": 1, ""OK_MACRO"": 1}",False,t-dif/src/dif901/dif901IntGamen.c:3904 mpf_mfs_open arg 3 > t-dif/src/dif901/dif901IntGamen.c:4305 mpf_mfs_getrec handle 1
equal,mfs_file,/home/chukyu/t-dif/src/dif901/dif901IntItcOya.c,71,mpf_mfs_getrec,1,GETREC,&fcb,2031,2031,"{""EXACT"": 1}",&fcb; DifItcOyaDefNo,2031,"{""ADDED"": 1, ""OK_MACRO"": 1}",False,t-dif/src/dif901/dif901IntItcOya.c:2242 mpf_mfs_open arg 3 > t-dif/src/dif901/dif901IntItcOya.c:2643 mpf_mfs_getrec handle 1
equal,mfs_file,/home/chukyu/t-dif/src/dif901/dif901IntNwchg.c,82,mpf_mfs_getrec,1,GETREC,&fcb,2029,2029,"{""EXACT"": 1}",&fcb; DifNwChangeInfNo,2029,"{""ADDED"": 1, ""OK_MACRO"": 1}",False,t-dif/src/dif901/dif901IntNwchg.c:2589 mpf_mfs_open arg 3 > t-dif/src/dif901/dif901IntNwchg.c:2994 mpf_mfs_getrec handle 1
equal,mfs_file,/home/chukyu/t-dif/src/dif901/dif901IntSpeDef.c,233,mpf_mfs_writerecn,1,WRITEREC,&sFcb,2048,2048,"{""EXACT"": 1}",&sFcb; DifSpeDvDefNo,2048,"{""ALREADY_PRESENT"": 1, ""OK_CONST"": 1}",True,t-dif/src/dif901/dif901IntSpeDef.c:8295 mpf_mfs_writerecn handle 1
equal,mfs_file,/home/chukyu/t-dif/src/dif901/dif901IntSsDef.c,71,mpf_mfs_getrec,1,GETREC,&fcb,2034,2034,"{""EXACT"": 1}",&fcb; DifSsAdressDefNo,2034,"{""ADDED"": 1, ""OK_MACRO"": 1}",False,t-dif/src/dif901/dif901IntSsDef.c:2249 mpf_mfs_open arg 3 > t-dif/src/dif901/dif901IntSsDef.c:2656 mpf_mfs_getrec handle 1
both_unresolved,mfs_file,/home/chukyu/t-dif/src/libdif/difGetF1Data.c,66,mpf_mfs_getrecm,1,GETREC,&fcb,,,"{""UNREACHABLE"": 1}",,,{},False,
both_unresolved,mfs_file,/home/chukyu/t-dif/src/libdif/difGetKosho.c,71,mpf_mfs_readrecm,1,READREC,&fcb,,,"{""UNREACHABLE"": 1}",,,{},False,
both_unresolved,mfs_file,/home/chukyu/t-dif/src/libdif/difGetKouikiSel.c,45,mpf_mfs_readrecn,1,READREC,&fcb_Sel,,,"{""UNREACHABLE"": 1}",,,{},False,
both_unresolved,mfs_file,/home/chukyu/t-dif/src/libdif/difGetNamaData2.c,72,mpf_mfs_getrecm,1,GETREC,&fcb,,,"{""UNREACHABLE"": 1}",,,{},False,
both_unresolved,mfs_file,/home/chukyu/t-dif/src/libdif/difGetNamaData3.c,72,mpf_mfs_getrecm,1,GETREC,&fcb,,,"{""UNREACHABLE"": 1}",,,{},False,
both_unresolved,mfs_file,/home/chukyu/t-dif/src/libdif/difGetNamaData4.c,127,mpf_mfs_readrecm,1,READREC,&fcb,,,"{""UNREACHABLE"": 1}",,,{},False,
both_unresolved,mfs_file,/home/chukyu/t-dif/src/libdif/difSetF1Data.c,64,mpf_mfs_getrecm,1,GETREC,&fcb,,,"{""UNREACHABLE"": 1}",,,{},False,
both_unresolved,mfs_file,/home/chukyu/t-dif/src/libdif/difSetNamaData.c,74,mpf_mfs_getrecm,1,GETREC,&fcb,,,"{""UNREACHABLE"": 1}",,,{},False,
cvisualizer_resolved_only,mfs_file,/home/chukyu/t-dif/src/libdifP/difEnqFork.c,68,mpf_mfs_getrec,1,GETREC,&fcb,2021,2021,"{""EXACT"": 1, ""UNREACHABLE"": 1}",,,{},False,
cvisualizer_resolved_only,mfs_file,/home/chukyu/t-dif/src/libdifP/difGetChNo.c,63,mpf_mfs_getrec,1,GETREC,&fcb,2027,2027,"{""EXACT"": 1, ""UNREACHABLE"": 1}",,,{},False,
cvisualizer_resolved_only,mfs_file,/home/chukyu/t-dif/src/libdifP/difGetDvNo.c,65,mpf_mfs_getrec,1,GETREC,&fcb,2028,2028,"{""EXACT"": 1, ""UNREACHABLE"": 1}",,,{},False,
cvisualizer_resolved_only,mfs_file,/home/chukyu/t-dif/src/libdifP/difGetShu.c,52,mpf_mfs_getrec,1,GETREC,&fcb,2031,2031,"{""EXACT"": 1, ""UNREACHABLE"": 1}",,,{},False,
cvisualizer_resolved_only,mfs_file,/home/chukyu/t-dif/src/libdifP/difGetShu.c,71,mpf_mfs_getrec,1,GETREC,&fcb,2032,2032,"{""EXACT"": 1, ""UNREACHABLE"": 1}",,,{},False,
cvisualizer_resolved_only,mfs_file,/home/chukyu/t-dif/src/libdifP/difGetShu.c,90,mpf_mfs_getrec,1,GETREC,&fcb,2033,2033,"{""EXACT"": 1, ""UNREACHABLE"": 1}",,,{},False,
cvisualizer_resolved_only,mfs_file,/home/chukyu/t-dif/src/libdifP/difGetStatus.c,72,mpf_mfs_getrec,1,GETREC,&fcb,2022,2022,"{""EXACT"": 1, ""UNREACHABLE"": 1}",,,{},False,
both_unresolved,mfs_file,/home/chukyu/t-dif/src/libdifP/difGetTime.c,105,mpf_mfs_readrecn,1,READREC,&fcb,,,"{""UNREACHABLE"": 1}",,,{},False,
both_unresolved,mfs_file,/home/chukyu/t-dif/src/libdifP/difGetTime.c,123,mpf_mfs_readrecm,1,READREC,&fcb,,,"{""UNREACHABLE"": 1}",,,{},False,
both_unresolved,mfs_file,/home/chukyu/t-dif/src/libdifP/difGetTime.c,140,mpf_mfs_readrecm,1,READREC,&fcb,,,"{""UNREACHABLE"": 1}",,,{},False,
both_unresolved,mfs_file,/home/chukyu/t-dif/src/libdifP/difItcRtn.c,96,mpf_mfs_readrecm,1,READREC,&fcb,,,"{""UNREACHABLE"": 1}",,,{},False,
cvisualizer_resolved_only,mfs_file,/home/chukyu/t-dif/src/libdifP/difKosyoRcv.c,89,mpf_mfs_getrec,1,GETREC,&fcb,2024,2024,"{""EXACT"": 1, ""UNREACHABLE"": 1}",,,{},False,
cvisualizer_resolved_only,mfs_file,/home/chukyu/t-dif/src/libdifP/difKosyoReq.c,127,mpf_mfs_getrec,1,GETREC,&fcb,2024,2024,"{""EXACT"": 1, ""UNREACHABLE"": 1}",,,{},False,
both_unresolved,mfs_file,/home/chukyu/t-dif/src/libdifP/difPutLamp.c,101,mpf_mfs_getrecm,1,GETREC,&fcb,,,"{""UNREACHABLE"": 1}",,,{},False,
cvisualizer_resolved_only,mfs_file,/home/chukyu/t-dif/src/libdifP/difSikenRcv.c,83,mpf_mfs_getrec,1,GETREC,&fcb,2024,2024,"{""EXACT"": 1, ""UNREACHABLE"": 1}",,,{},False,
cvisualizer_resolved_only,mfs_file,/home/chukyu/t-dif/src/libdifP/difSikenReq.c,106,mpf_mfs_getrec,1,GETREC,&fcb,2024,2024,"{""EXACT"": 1, ""UNREACHABLE"": 1}",,,{},False,
cvisualizer_resolved_only,mfs_file,/home/chukyu/t-dif/src/libdifP/difSpeDvChk.c,69,mpf_mfs_readrecn,1,READREC,&sFcb,2048,2048,"{""EXACT"": 1, ""UNREACHABLE"": 1}",,,{},False,
cvisualizer_resolved_only,mfs_file,/home/chukyu/t-dif/src/libdifP/difSvDvRcv.c,98,mpf_mfs_getrec,1,GETREC,&fcb,2024,2024,"{""EXACT"": 1, ""UNREACHABLE"": 1}",,,{},False,
cvisualizer_resolved_only,mfs_file,/home/chukyu/t-dif/src/libdifP/difSvDvReq.c,338,mpf_mfs_getrec,1,GETREC,&fcb,2024,2024,"{""EXACT"": 1, ""UNREACHABLE"": 1}",,,{},False,
cvisualizer_resolved_only,mfs_file,/home/chukyu/t-dif/src/libdifP/difSvDvReq.c,417,mpf_mfs_getrec,1,GETREC,&fcb,2024,2024,"{""EXACT"": 1, ""UNREACHABLE"": 1}",,,{},False,
cvisualizer_resolved_only,mfs_file,/home/chukyu/t-dif/src/libdifP/difSvDvReq.c,444,mpf_mfs_getrec,1,GETREC,&fcb1,2022,2022,"{""EXACT"": 1, ""UNREACHABLE"": 1}",,,{},False,
cvisualizer_resolved_only,mfs_file,/home/chukyu/t-dif/src/libdifP/difSvDvReq.c,510,mpf_mfs_getrec,1,GETREC,&fcb1,2032,2032,"{""EXACT"": 1, ""UNREACHABLE"": 1}",,,{},False,
cvisualizer_resolved_only,mfs_file,/home/chukyu/t-dif/src/libdifP/difSvDvReq.c,532,mpf_mfs_getrec,1,GETREC,&fcb1,2033,2033,"{""EXACT"": 1, ""UNREACHABLE"": 1}",,,{},False,
cvisualizer_resolved_only,mfs_file,/home/chukyu/t-dif/src/libdifP/difSvDvReq.c,615,mpf_mfs_getrec,1,GETREC,&fcb1,2031,2031,"{""EXACT"": 1, ""UNREACHABLE"": 1}",,,{},False,
cvisualizer_resolved_only,mfs_file,/home/chukyu/t-dif/src/libdifP/difSvDvReq.c,637,mpf_mfs_getrec,1,GETREC,&fcb1,2032,2032,"{""EXACT"": 1, ""UNREACHABLE"": 1}",,,{},False,
cvisualizer_resolved_only,mfs_file,/home/chukyu/t-dif/src/libdifP/difSvDvReq.c,659,mpf_mfs_getrec,1,GETREC,&fcb1,2033,2033,"{""EXACT"": 1, ""UNREACHABLE"": 1}",,,{},False,
cvisualizer_resolved_only,mfs_file,/home/chukyu/t-dif/src/libdifP/difSvDvReq.c,703,mpf_mfs_getrec,1,GETREC,&fcb1,2025,2025,"{""EXACT"": 1, ""UNREACHABLE"": 1}",,,{},False,
both_unresolved,mfs_file,/home/chukyu/t-dif/tool/diftool/fileInit_DifKoshoKanri.c,73,mpf_mfs_getrecm,1,GETREC,&fcb,,,"{""UNREACHABLE"": 1}",,,{},False,
both_unresolved,mfs_file,/home/chukyu/t-dif/tool/diftool/fileInit_DifKoshoKanri.c,147,mpf_mfs_getrecm,1,GETREC,&fcb,,,"{""UNREACHABLE"": 1}",,,{},False,
both_unresolved,mfs_file,/home/chukyu/t-dif/tool/diftool/fileInit_DifStatus.c,73,mpf_mfs_getrecm,1,GETREC,&fcb,,,"{""UNREACHABLE"": 1}",,,{},False,
both_unresolved,mfs_file,/home/chukyu/t-dif/tool/diftool/fileInit_DifStatus.c,147,mpf_mfs_getrecm,1,GETREC,&fcb,,,"{""UNREACHABLE"": 1}",,,{},False,
both_unresolved,mfs_file,/home/chukyu/t-dif/tool/diftool/fileOut_DifKoshoKanri.c,56,mpf_mfs_getrecm,1,GETREC,&fcb,,,"{""UNREACHABLE"": 1}",,,{},False,
both_unresolved,mfs_file,/home/chukyu/t-dif/tool/diftool/fileOut_DifKoshoKanri.c,96,mpf_mfs_getrecm,1,GETREC,&fcb,,,"{""UNREACHABLE"": 1}",,,{},False,
both_unresolved,mfs_file,/home/chukyu/t-dif/tool/diftool/fileOut_DifStatus.c,54,mpf_mfs_getrecm,1,GETREC,&fcb,,,"{""UNREACHABLE"": 1}",,,{},False,
both_unresolved,mfs_file,/home/chukyu/t-dif/tool/diftool/fileOut_DifStatus.c,94,mpf_mfs_getrecm,1,GETREC,&fcb,,,"{""UNREACHABLE"": 1}",,,{},False,
both_unresolved,mfs_file,/home/chukyu/t-dif/tool/diftool/fileWrite_DifKoshoKanri.c,93,mpf_mfs_getrecm,1,GETREC,&fcb,,,"{""UNREACHABLE"": 1}",,,{},False,
both_unresolved,mfs_file,/home/chukyu/t-dif/tool/diftool/fileWrite_DifKoshoKanri.c,410,mpf_mfs_getrecm,1,GETREC,&fcb,,,"{""UNREACHABLE"": 1}",,,{},False,
both_unresolved,mfs_file,/home/chukyu/t-dif/tool/diftool/fileWrite_DifKoshoKanri.c,481,mpf_mfs_getrecm,1,GETREC,&fcb,,,"{""UNREACHABLE"": 1}",,,{},False,
both_unresolved,mfs_file,/home/chukyu/t-dif/tool/diftool/fileWrite_DifKoshoKanri.c,552,mpf_mfs_getrecm,1,GETREC,&fcb,,,"{""UNREACHABLE"": 1}",,,{},False,
both_unresolved,mfs_file,/home/chukyu/t-dif/tool/diftool/fileWrite_DifKoshoKanri.c,647,mpf_mfs_getrecm,1,GETREC,&fcb,,,"{""UNREACHABLE"": 1}",,,{},False,
both_unresolved,mfs_file,/home/chukyu/t-dif/tool/diftool/fileWrite_DifKoshoKanri.c,746,mpf_mfs_getrecm,1,GETREC,&fcb,,,"{""UNREACHABLE"": 1}",,,{},False,
both_unresolved,mfs_file,/home/chukyu/t-dif/tool/diftool/fileWrite_DifKoshoKanri.c,845,mpf_mfs_getrecm,1,GETREC,&fcb,,,"{""UNREACHABLE"": 1}",,,{},False,
both_unresolved,mfs_file,/home/chukyu/t-dif/tool/diftool/fileWrite_DifKoshoKanri.c,950,mpf_mfs_getrecm,1,GETREC,&fcb,,,"{""UNREACHABLE"": 1}",,,{},False,
both_unresolved,mfs_file,/home/chukyu/t-dif/tool/diftool/fileWrite_DifKoshoKanri.c,1067,mpf_mfs_getrecm,1,GETREC,&fcb,,,"{""UNREACHABLE"": 1}",,,{},False,
both_unresolved,mfs_file,/home/chukyu/t-dif/tool/diftool/fileWrite_DifKoshoKanri.c,1184,mpf_mfs_getrecm,1,GETREC,&fcb,,,"{""UNREACHABLE"": 1}",,,{},False,
both_unresolved,mfs_file,/home/chukyu/t-dif/tool/diftool/fileWrite_DifKoshoKanri.c,1301,mpf_mfs_getrecm,1,GETREC,&fcb,,,"{""UNREACHABLE"": 1}",,,{},False,
both_unresolved,mfs_file,/home/chukyu/t-dif/tool/diftool/fileWrite_DifKoshoKanri.c,1418,mpf_mfs_getrecm,1,GETREC,&fcb,,,"{""UNREACHABLE"": 1}",,,{},False,
both_unresolved,mfs_file,/home/chukyu/t-dif/tool/diftool/fileWrite_DifKoshoKanri.c,1535,mpf_mfs_getrecm,1,GETREC,&fcb,,,"{""UNREACHABLE"": 1}",,,{},False,
both_unresolved,mfs_file,/home/chukyu/t-dif/tool/diftool/fileWrite_DifKoshoKanri.c,1652,mpf_mfs_getrecm,1,GETREC,&fcb,,,"{""UNREACHABLE"": 1}",,,{},False,
both_unresolved,mfs_file,/home/chukyu/t-dif/tool/diftool/fileWrite_DifKoshoKanri.c,1769,mpf_mfs_getrecm,1,GETREC,&fcb,,,"{""UNREACHABLE"": 1}",,,{},False,
both_unresolved,mfs_file,/home/chukyu/t-dif/tool/diftool/fileWrite_DifKoshoKanri.c,1886,mpf_mfs_getrecm,1,GETREC,&fcb,,,"{""UNREACHABLE"": 1}",,,{},False,
both_unresolved,mfs_file,/home/chukyu/t-dif/tool/diftool/fileWrite_DifKoshoKanri.c,2003,mpf_mfs_getrecm,1,GETREC,&fcb,,,"{""UNREACHABLE"": 1}",,,{},False,
both_unresolved,mfs_file,/home/chukyu/t-dif/tool/diftool/fileWrite_DifKoshoKanri.c,2120,mpf_mfs_getrecm,1,GETREC,&fcb,,,"{""UNREACHABLE"": 1}",,,{},False,
both_unresolved,mfs_file,/home/chukyu/t-dif/tool/diftool/fileWrite_DifKoshoKanri.c,2237,mpf_mfs_getrecm,1,GETREC,&fcb,,,"{""UNREACHABLE"": 1}",,,{},False,
both_unresolved,mfs_file,/home/chukyu/t-dif/tool/diftool/fileWrite_DifKoshoKanri.c,2335,mpf_mfs_getrecm,1,GETREC,&fcb,,,"{""UNREACHABLE"": 1}",,,{},False,
both_unresolved,mfs_file,/home/chukyu/t-dif/tool/diftool/fileWrite_DifKoshoKanri.c,2395,mpf_mfs_getrecm,1,GETREC,&fcb,,,"{""UNREACHABLE"": 1}",,,{},False,
both_unresolved,mfs_file,/home/chukyu/t-dif/tool/diftool/fileWrite_DifStatus.c,68,mpf_mfs_getrecm,1,GETREC,&fcb,,,"{""UNREACHABLE"": 1}",,,{},False,
both_unresolved,mfs_file,/home/chukyu/t-dif/tool/diftool/fileWrite_DifStatus.c,201,mpf_mfs_getrecm,1,GETREC,&fcb,,,"{""UNREACHABLE"": 1}",,,{},False,
both_unresolved,mfs_file,/home/chukyu/t-dif/tool/diftool/fileWrite_DifStatus.c,269,mpf_mfs_getrecm,1,GETREC,&fcb,,,"{""UNREACHABLE"": 1}",,,{},False,
both_unresolved,mfs_file,/home/chukyu/t-dif/tool/diftool/fileWrite_DifStatus.c,337,mpf_mfs_getrecm,1,GETREC,&fcb,,,"{""UNREACHABLE"": 1}",,,{},False,
both_unresolved,mfs_file,/home/chukyu/t-dif/tool/diftool/fileWrite_DifStatus.c,405,mpf_mfs_getrecm,1,GETREC,&fcb,,,"{""UNREACHABLE"": 1}",,,{},False,
both_unresolved,mfs_file,/home/chukyu/t-dif/tool/diftool/fileWrite_DifStatus.c,473,mpf_mfs_getrecm,1,GETREC,&fcb,,,"{""UNREACHABLE"": 1}",,,{},False,
both_unresolved,mfs_file,/home/chukyu/t-dif/tool/diftool/fileWrite_DifStatus.c,541,mpf_mfs_getrecm,1,GETREC,&fcb,,,"{""UNREACHABLE"": 1}",,,{},False,
both_unresolved,mfs_file,/home/chukyu/t-dif/tool/diftool/fileWrite_DifStatus.c,609,mpf_mfs_getrecm,1,GETREC,&fcb,,,"{""UNREACHABLE"": 1}",,,{},False,
both_unresolved,mfs_file,/home/chukyu/t-dif/tool/diftool/fileWrite_DifStatus.c,677,mpf_mfs_getrecm,1,GETREC,&fcb,,,"{""UNREACHABLE"": 1}",,,{},False,
both_unresolved,mfs_file,/home/chukyu/t-dif/tool/diftool/fileWrite_DifStatus.c,745,mpf_mfs_getrecm,1,GETREC,&fcb,,,"{""UNREACHABLE"": 1}",,,{},False,
both_unresolved,mfs_file,/home/chukyu/t-dif/tool/diftool/fileWrite_DifStatus.c,813,mpf_mfs_getrecm,1,GETREC,&fcb,,,"{""UNREACHABLE"": 1}",,,{},False,
legacy_resolved_only,mfs_file,/home/chukyu/t-dxi/src/dxi110d/dxi110d_main.c,668,mpf_mfs_getrecm,1,GETREC,&fcb,,,"{""UNREACHABLE"": 1}",&fcb; DXI_FNO_CIRMNG; DXI_FNO_CIRMNG2; DXI_FNO_CIRMNG3,2502; 2517; 2523,"{""ADDED"": 3, ""OK_MACRO"": 3}",False,t-dxi/src/dxi110d/dxi110d_main.c:24706 mpf_mfs_openm arg 3 > t-dxi/src/dxi110d/dxi110d_main.c:25778 mpf_mfs_getrecm handle 1 || t-dxi/src/dxi110d/dxi110d_main.c:25048 mpf_mfs_openm arg 3 > t-dxi/src/dxi110d/dxi110d_main.c:25778 mpf_mfs_getrecm handle 1 || t-dxi/src/dxi110d/dxi110d_main.c:25439 mpf_mfs_openm arg 3 > t-dxi/src/dxi110d/dxi110d_main.c:25778 mpf_mfs_getrecm handle 1
both_unresolved,mfs_file,/home/chukyu/t-dxi/src/dxi110d/dxi110d_parent.c,1687,mpf_mfs_openm,3,OPEN_LOCK,fno_initmng,,,"{""UNREACHABLE"": 1}",,,{},False,
legacy_resolved_only,mfs_file,/home/chukyu/t-dxi/src/dxi110d/dxi110d_parent.c,1687,mpf_mfs_openm,3,READ,,,,{},DXI_FNO_INITMNG; DXI_FNO_INITMNG3; fno_initmng,2512; 2525,"{""ADDED"": 2, ""OK_MACRO"": 2}",False,t-dxi/src/dxi110d/dxi110d_parent.c:66976 mpf_mfs_openm arg 3
legacy_resolved_only,mfs_file,/home/chukyu/t-dxi/src/dxi110d/dxi110d_parent.c,1695,mpf_mfs_getrecm,1,GETREC,&fcb,,,"{""UNREACHABLE"": 1}",&fcb; DXI_FNO_INITMNG; DXI_FNO_INITMNG3,2512; 2525,"{""ADDED"": 2, ""OK_MACRO"": 2}",False,t-dxi/src/dxi110d/dxi110d_parent.c:66976 mpf_mfs_openm arg 3 > t-dxi/src/dxi110d/dxi110d_parent.c:67416 mpf_mfs_getrecm handle 1
both_unresolved,mfs_file,/home/chukyu/t-dxi/src/dxi150d/dxiG150d_cpumode.c,125,mpf_mfs_getrecm,1,GETREC,&fcb,,,"{""UNREACHABLE"": 1}",,,{},False,
both_unresolved,mfs_file,/home/chukyu/t-dxi/src/dxi150d/dxiG150d_main.c,923,mpf_mfs_getrecm,1,GETREC,&fcb,,,"{""UNREACHABLE"": 1}",,,{},False,
both_unresolved,mfs_file,/home/chukyu/t-dxi/src/dxi150d/dxiG150d_main.c,1042,mpf_mfs_getrecm,1,GETREC,&fcb,,,"{""UNREACHABLE"": 1}",,,{},False,
legacy_resolved_only,mfs_file,/home/chukyu/t-dxi/src/dxi150d/dxiG150d_parent.c,1108,mpf_mfs_getrecm,1,GETREC,&fcb,,,"{""UNREACHABLE"": 1}",&fcb; DXI_FNO_GITCMNG,2554,"{""ADDED"": 1, ""OK_MACRO"": 1}",False,t-dxi/src/dxi150d/dxiG150d_parent.c:41481 mpf_mfs_openm arg 3 > t-dxi/src/dxi150d/dxiG150d_parent.c:41826 mpf_mfs_getrecm handle 1
both_unresolved,mfs_file,/home/chukyu/t-dxi/src/dxi300d/dxi300d_main.c,797,mpf_mfs_getrecm,1,GETREC,&fcb,,,"{""UNREACHABLE"": 1}",&fcb,,"{""UNRESOLVED"": 1}",False,t-dxi/src/dxi300d/dxi300d_main.c:31647 mpf_mfs_getrecm handle 1
legacy_resolved_only,mfs_file,/home/chukyu/t-dxi/src/dxi300d/dxi300d_tbnmng.c,560,mpf_mfs_getrecm,1,GETREC,&Dxi_FcbG,,,"{""UNREACHABLE"": 1}",&Dxi_FcbG; DXI_FNO_UPMNG,2503,"{""ADDED"": 1, ""OK_CONST"": 1}",True,t-dxi/src/dxi300d/dxi300d_tbnmng.c:22515 mpf_mfs_getrecm handle 1
both_unresolved,mfs_file,/home/chukyu/t-dxi/src/dxi310d/dxiG310d_tbnmng.c,457,mpf_mfs_getrecm,1,GETREC,&Dxi_FcbG,,,"{""UNREACHABLE"": 1}",,,{},False,
both_unresolved,mfs_file,/home/chukyu/t-dxi/src/dxi500d/dxi500d_main.c,245,mpf_mfs_open,3,READ,,,,{},fno,,"{""UNRESOLVED"": 1}",True,t-dxi/src/dxi500d/dxi500d_main.c:9266 mpf_mfs_open arg 3
both_unresolved,mfs_file,/home/chukyu/t-dxi/src/dxi500d/dxi500d_main.c,245,mpf_mfs_open,3,WRITE,fno,,,"{""EXTERNAL"": 1}",,,{},False,
both_unresolved,mfs_file,/home/chukyu/t-dxi/src/dxi500d/dxi500d_main.c,253,mpf_mfs_readrecm,1,READREC,&fcb,,,"{""UNREACHABLE"": 1}",&fcb,,"{""UNRESOLVED"": 1}",True,t-dxi/src/dxi500d/dxi500d_main.c:9266 mpf_mfs_open arg 3 > t-dxi/src/dxi500d/dxi500d_main.c:9511 mpf_mfs_readrecm handle 1
both_unresolved,mfs_file,/home/chukyu/t-dxi/src/dxi500d/dxi500d_main.c,269,mpf_mfs_writerecm,1,WRITEREC,&fcb,,,"{""UNREACHABLE"": 1}",&fcb,,"{""UNRESOLVED"": 1}",True,t-dxi/src/dxi500d/dxi500d_main.c:9266 mpf_mfs_open arg 3 > t-dxi/src/dxi500d/dxi500d_main.c:10107 mpf_mfs_writerecm handle 1
both_unresolved,mfs_file,/home/chukyu/t-dxi/src/dxi510d/dxi510d_main.c,260,mpf_mfs_open,3,READ,fno,,,"{""EXTERNAL"": 1}",fno,,"{""UNRESOLVED"": 1}",True,t-dxi/src/dxi510d/dxi510d_main.c:9866 mpf_mfs_open arg 3
both_unresolved,mfs_file,/home/chukyu/t-dxi/src/dxi510d/dxi510d_main.c,267,mpf_mfs_readrecm,1,READREC,&fcb,,,"{""UNREACHABLE"": 1}",&fcb,,"{""UNRESOLVED"": 1}",True,t-dxi/src/dxi510d/dxi510d_main.c:9866 mpf_mfs_open arg 3 > t-dxi/src/dxi510d/dxi510d_main.c:10126 mpf_mfs_readrecm handle 1
both_unresolved,mfs_file,/home/chukyu/t-dxi/src/dxi510d/dxi510d_main.c,280,mpf_mfs_open,3,READ,fno,,,"{""EXTERNAL"": 1}",fno,,"{""UNRESOLVED"": 1}",True,t-dxi/src/dxi510d/dxi510d_main.c:10537 mpf_mfs_open arg 3
both_unresolved,mfs_file,/home/chukyu/t-dxi/src/dxi510d/dxi510d_main.c,288,mpf_mfs_readrecm,1,READREC,&fcb,,,"{""UNREACHABLE"": 1}",&fcb,,"{""UNRESOLVED"": 1}",True,t-dxi/src/dxi510d/dxi510d_main.c:10537 mpf_mfs_open arg 3 > t-dxi/src/dxi510d/dxi510d_main.c:10799 mpf_mfs_readrecm handle 1
both_unresolved,mfs_file,/home/chukyu/t-dxi/src/dxi510d/dxi510d_main.c,298,mpf_mfs_open,3,READ,,,,{},fno,,"{""UNRESOLVED"": 1}",True,t-dxi/src/dxi510d/dxi510d_main.c:11033 mpf_mfs_open arg 3
both_unresolved,mfs_file,/home/chukyu/t-dxi/src/dxi510d/dxi510d_main.c,298,mpf_mfs_open,3,WRITE,fno,,,"{""EXTERNAL"": 1}",,,{},False,
both_unresolved,mfs_file,/home/chukyu/t-dxi/src/dxi510d/dxi510d_main.c,306,mpf_mfs_readrecm,1,READREC,&fcb,,,"{""UNREACHABLE"": 1}",&fcb,,"{""UNRESOLVED"": 1}",True,t-dxi/src/dxi510d/dxi510d_main.c:11033 mpf_mfs_open arg 3 > t-dxi/src/dxi510d/dxi510d_main.c:11296 mpf_mfs_readrecm handle 1
both_unresolved,mfs_file,/home/chukyu/t-dxi/src/dxi510d/dxi510d_main.c,313,mpf_mfs_writerecm,1,WRITEREC,&fcb,,,"{""UNREACHABLE"": 1}",&fcb,,"{""UNRESOLVED"": 1}",True,t-dxi/src/dxi510d/dxi510d_main.c:11033 mpf_mfs_open arg 3 > t-dxi/src/dxi510d/dxi510d_main.c:11525 mpf_mfs_writerecm handle 1
both_unresolved,mfs_file,/home/chukyu/t-dxi/src/dxi510d/dxi510d_main.c,320,mpf_mfs_open,3,READ,fno,,,"{""EXTERNAL"": 1}",fno,,"{""UNRESOLVED"": 1}",True,t-dxi/src/dxi510d/dxi510d_main.c:11737 mpf_mfs_open arg 3
both_unresolved,mfs_file,/home/chukyu/t-dxi/src/dxi510d/dxi510d_main.c,328,mpf_mfs_readrecm,1,READREC,&fcb,,,"{""UNREACHABLE"": 1}",&fcb,,"{""UNRESOLVED"": 1}",True,t-dxi/src/dxi510d/dxi510d_main.c:11737 mpf_mfs_open arg 3 > t-dxi/src/dxi510d/dxi510d_main.c:11999 mpf_mfs_readrecm handle 1
both_unresolved,mfs_file,/home/chukyu/t-dxi/src/dxi510d/dxi510d_main.c,361,mpf_mfs_open,3,READ,,,,{},fno,,"{""UNRESOLVED"": 1}",True,t-dxi/src/dxi510d/dxi510d_main.c:13177 mpf_mfs_open arg 3
both_unresolved,mfs_file,/home/chukyu/t-dxi/src/dxi510d/dxi510d_main.c,361,mpf_mfs_open,3,WRITE,fno,,,"{""EXTERNAL"": 1}",,,{},False,
both_unresolved,mfs_file,/home/chukyu/t-dxi/src/dxi510d/dxi510d_main.c,369,mpf_mfs_readrecm,1,READREC,&fcb,,,"{""UNREACHABLE"": 1}",&fcb,,"{""UNRESOLVED"": 1}",True,t-dxi/src/dxi510d/dxi510d_main.c:13177 mpf_mfs_open arg 3 > t-dxi/src/dxi510d/dxi510d_main.c:13456 mpf_mfs_readrecm handle 1
both_unresolved,mfs_file,/home/chukyu/t-dxi/src/dxi510d/dxi510d_main.c,374,mpf_mfs_writerecm,1,WRITEREC,&fcb,,,"{""UNREACHABLE"": 1}",&fcb,,"{""UNRESOLVED"": 1}",True,t-dxi/src/dxi510d/dxi510d_main.c:13177 mpf_mfs_open arg 3 > t-dxi/src/dxi510d/dxi510d_main.c:13609 mpf_mfs_writerecm handle 1
both_unresolved,mfs_file,/home/chukyu/t-dxi/src/dxi510d/dxi510d_main.c,381,mpf_mfs_open,3,READ,,,,{},fno,,"{""UNRESOLVED"": 1}",True,t-dxi/src/dxi510d/dxi510d_main.c:13930 mpf_mfs_open arg 3
both_unresolved,mfs_file,/home/chukyu/t-dxi/src/dxi510d/dxi510d_main.c,381,mpf_mfs_open,3,WRITE,fno,,,"{""EXTERNAL"": 1}",,,{},False,
both_unresolved,mfs_file,/home/chukyu/t-dxi/src/dxi510d/dxi510d_main.c,389,mpf_mfs_readrecm,1,READREC,&fcb,,,"{""UNREACHABLE"": 1}",&fcb,,"{""UNRESOLVED"": 1}",True,t-dxi/src/dxi510d/dxi510d_main.c:13930 mpf_mfs_open arg 3 > t-dxi/src/dxi510d/dxi510d_main.c:14209 mpf_mfs_readrecm handle 1
both_unresolved,mfs_file,/home/chukyu/t-dxi/src/dxi510d/dxi510d_main.c,394,mpf_mfs_writerecm,1,WRITEREC,&fcb,,,"{""UNREACHABLE"": 1}",&fcb,,"{""UNRESOLVED"": 1}",True,t-dxi/src/dxi510d/dxi510d_main.c:13930 mpf_mfs_open arg 3 > t-dxi/src/dxi510d/dxi510d_main.c:14335 mpf_mfs_writerecm handle 1
legacy_resolved_only,mfs_file,/home/chukyu/t-dxi/src/dxi510d/dxi510d_main.c,552,mpf_mfs_readrecm,1,READREC,&fcb,,,"{""UNREACHABLE"": 1}",&fcb; DXI_FNO_DBLCIRMNG,2516,"{""ADDED"": 1, ""OK_MACRO"": 1}",False,t-dxi/src/dxi510d/dxi510d_main.c:19932 mpf_mfs_open arg 3 > t-dxi/src/dxi510d/dxi510d_main.c:20197 mpf_mfs_readrecm handle 1
legacy_resolved_only,mfs_file,/home/chukyu/t-dxi/src/dxi510d/dxi510d_main.c,563,mpf_mfs_readrecm,1,READREC,&fcb2,,,"{""UNREACHABLE"": 1}",&fcb2; DXI_FNO_DBLCIRMNG2,2518,"{""ADDED"": 1, ""OK_MACRO"": 1}",False,t-dxi/src/dxi510d/dxi510d_main.c:20301 mpf_mfs_open arg 3 > t-dxi/src/dxi510d/dxi510d_main.c:20568 mpf_mfs_readrecm handle 1
legacy_resolved_only,mfs_file,/home/chukyu/t-dxi/src/dxi510d/dxi510d_main.c,575,mpf_mfs_readrecm,1,READREC,&fcb3,,,"{""UNREACHABLE"": 1}",&fcb3; DXI_FNO_DBLCIRMNG3,2524,"{""ADDED"": 1, ""OK_MACRO"": 1}",False,t-dxi/src/dxi510d/dxi510d_main.c:20722 mpf_mfs_open arg 3 > t-dxi/src/dxi510d/dxi510d_main.c:20989 mpf_mfs_readrecm handle 1
legacy_resolved_only,mfs_file,/home/chukyu/t-dxi/src/dxi510d/dxi510d_main.c,607,mpf_mfs_readrecm,1,READREC,&fcb,,,"{""UNREACHABLE"": 1}",&fcb; DXI_FNO_DBLCIRMNG,2516,"{""ADDED"": 1, ""OK_MACRO"": 1}",False,t-dxi/src/dxi510d/dxi510d_main.c:21829 mpf_mfs_open arg 3 > t-dxi/src/dxi510d/dxi510d_main.c:22099 mpf_mfs_readrecm handle 1
legacy_resolved_only,mfs_file,/home/chukyu/t-dxi/src/dxi510d/dxi510d_main.c,613,mpf_mfs_writerecm,1,WRITEREC,&fcb,,,"{""UNREACHABLE"": 1}",&fcb; DXI_FNO_DBLCIRMNG,2516,"{""ADDED"": 1, ""OK_MACRO"": 1}",False,t-dxi/src/dxi510d/dxi510d_main.c:21829 mpf_mfs_open arg 3 > t-dxi/src/dxi510d/dxi510d_main.c:22281 mpf_mfs_writerecm handle 1
legacy_resolved_only,mfs_file,/home/chukyu/t-dxi/src/dxi510d/dxi510d_main.c,631,mpf_mfs_readrecm,1,READREC,&fcb2,,,"{""UNREACHABLE"": 1}",&fcb2; DXI_FNO_DBLCIRMNG2,2518,"{""ADDED"": 1, ""OK_MACRO"": 1}",False,t-dxi/src/dxi510d/dxi510d_main.c:22674 mpf_mfs_open arg 3 > t-dxi/src/dxi510d/dxi510d_main.c:22948 mpf_mfs_readrecm handle 1
legacy_resolved_only,mfs_file,/home/chukyu/t-dxi/src/dxi510d/dxi510d_main.c,637,mpf_mfs_writerecm,1,WRITEREC,&fcb2,,,"{""UNREACHABLE"": 1}",&fcb2; DXI_FNO_DBLCIRMNG2,2518,"{""ADDED"": 1, ""OK_MACRO"": 1}",False,t-dxi/src/dxi510d/dxi510d_main.c:22674 mpf_mfs_open arg 3 > t-dxi/src/dxi510d/dxi510d_main.c:23135 mpf_mfs_writerecm handle 1
legacy_resolved_only,mfs_file,/home/chukyu/t-dxi/src/dxi510d/dxi510d_main.c,655,mpf_mfs_readrecm,1,READREC,&fcb3,,,"{""UNREACHABLE"": 1}",&fcb3; DXI_FNO_DBLCIRMNG3,2524,"{""ADDED"": 1, ""OK_MACRO"": 1}",False,t-dxi/src/dxi510d/dxi510d_main.c:23577 mpf_mfs_open arg 3 > t-dxi/src/dxi510d/dxi510d_main.c:23851 mpf_mfs_readrecm handle 1
legacy_resolved_only,mfs_file,/home/chukyu/t-dxi/src/dxi510d/dxi510d_main.c,661,mpf_mfs_writerecm,1,WRITEREC,&fcb3,,,"{""UNREACHABLE"": 1}",&fcb3; DXI_FNO_DBLCIRMNG3,2524,"{""ADDED"": 1, ""OK_MACRO"": 1}",False,t-dxi/src/dxi510d/dxi510d_main.c:23577 mpf_mfs_open arg 3 > t-dxi/src/dxi510d/dxi510d_main.c:24038 mpf_mfs_writerecm handle 1
legacy_resolved_only,mfs_file,/home/chukyu/t-dxi/src/dxi510d/dxi510d_main.c,837,mpf_mfs_readrecm,1,READREC,&fcb,,,"{""UNREACHABLE"": 1}",&fcb; DXI_FNO_DBLCIRMNG,2516,"{""ADDED"": 1, ""OK_MACRO"": 1}",False,t-dxi/src/dxi510d/dxi510d_main.c:30804 mpf_mfs_open arg 3 > t-dxi/src/dxi510d/dxi510d_main.c:31105 mpf_mfs_readrecm handle 1
legacy_resolved_only,mfs_file,/home/chukyu/t-dxi/src/dxi510d/dxi510d_main.c,843,mpf_mfs_writerecm,1,WRITEREC,&fcb,,,"{""UNREACHABLE"": 1}",&fcb; DXI_FNO_DBLCIRMNG,2516,"{""ADDED"": 1, ""OK_MACRO"": 1}",False,t-dxi/src/dxi510d/dxi510d_main.c:30804 mpf_mfs_open arg 3 > t-dxi/src/dxi510d/dxi510d_main.c:31313 mpf_mfs_writerecm handle 1
legacy_resolved_only,mfs_file,/home/chukyu/t-dxi/src/dxi510d/dxi510d_main.c,854,mpf_mfs_readrecm,1,READREC,&fcb2,,,"{""UNREACHABLE"": 1}",&fcb2; DXI_FNO_DBLCIRMNG2,2518,"{""ADDED"": 1, ""OK_MACRO"": 1}",False,t-dxi/src/dxi510d/dxi510d_main.c:31453 mpf_mfs_open arg 3 > t-dxi/src/dxi510d/dxi510d_main.c:31790 mpf_mfs_readrecm handle 1
legacy_resolved_only,mfs_file,/home/chukyu/t-dxi/src/dxi510d/dxi510d_main.c,860,mpf_mfs_writerecm,1,WRITEREC,&fcb2,,,"{""UNREACHABLE"": 1}",&fcb2; DXI_FNO_DBLCIRMNG2,2518,"{""ADDED"": 1, ""OK_MACRO"": 1}",False,t-dxi/src/dxi510d/dxi510d_main.c:31453 mpf_mfs_open arg 3 > t-dxi/src/dxi510d/dxi510d_main.c:32003 mpf_mfs_writerecm handle 1
legacy_resolved_only,mfs_file,/home/chukyu/t-dxi/src/dxi510d/dxi510d_main.c,871,mpf_mfs_readrecm,1,READREC,&fcb3,,,"{""UNREACHABLE"": 1}",&fcb3; DXI_FNO_DBLCIRMNG3,2524,"{""ADDED"": 1, ""OK_MACRO"": 1}",False,t-dxi/src/dxi510d/dxi510d_main.c:32212 mpf_mfs_open arg 3 > t-dxi/src/dxi510d/dxi510d_main.c:32549 mpf_mfs_readrecm handle 1
legacy_resolved_only,mfs_file,/home/chukyu/t-dxi/src/dxi510d/dxi510d_main.c,877,mpf_mfs_writerecm,1,WRITEREC,&fcb3,,,"{""UNREACHABLE"": 1}",&fcb3; DXI_FNO_DBLCIRMNG3,2524,"{""ADDED"": 1, ""OK_MACRO"": 1}",False,t-dxi/src/dxi510d/dxi510d_main.c:32212 mpf_mfs_open arg 3 > t-dxi/src/dxi510d/dxi510d_main.c:32762 mpf_mfs_writerecm handle 1
legacy_resolved_only,mfs_file,/home/chukyu/t-dxi/src/dxi510d/dxi510d_main.c,912,mpf_mfs_readrecm,1,READREC,&fcb,,,"{""UNREACHABLE"": 1}",&fcb; DXI_FNO_DBLCIRMNG,2516,"{""ADDED"": 1, ""OK_MACRO"": 1}",False,t-dxi/src/dxi510d/dxi510d_main.c:33757 mpf_mfs_open arg 3 > t-dxi/src/dxi510d/dxi510d_main.c:34058 mpf_mfs_readrecm handle 1
legacy_resolved_only,mfs_file,/home/chukyu/t-dxi/src/dxi510d/dxi510d_main.c,916,mpf_mfs_writerecm,1,WRITEREC,&fcb,,,"{""UNREACHABLE"": 1}",&fcb; DXI_FNO_DBLCIRMNG,2516,"{""ADDED"": 1, ""OK_MACRO"": 1}",False,t-dxi/src/dxi510d/dxi510d_main.c:33757 mpf_mfs_open arg 3 > t-dxi/src/dxi510d/dxi510d_main.c:34172 mpf_mfs_writerecm handle 1
legacy_resolved_only,mfs_file,/home/chukyu/t-dxi/src/dxi510d/dxi510d_main.c,927,mpf_mfs_readrecm,1,READREC,&fcb2,,,"{""UNREACHABLE"": 1}",&fcb2; DXI_FNO_DBLCIRMNG2,2518,"{""ADDED"": 1, ""OK_MACRO"": 1}",False,t-dxi/src/dxi510d/dxi510d_main.c:34312 mpf_mfs_open arg 3 > t-dxi/src/dxi510d/dxi510d_main.c:34649 mpf_mfs_readrecm handle 1
legacy_resolved_only,mfs_file,/home/chukyu/t-dxi/src/dxi510d/dxi510d_main.c,931,mpf_mfs_writerecm,1,WRITEREC,&fcb2,,,"{""UNREACHABLE"": 1}",&fcb2; DXI_FNO_DBLCIRMNG2,2518,"{""ADDED"": 1, ""OK_MACRO"": 1}",False,t-dxi/src/dxi510d/dxi510d_main.c:34312 mpf_mfs_open arg 3 > t-dxi/src/dxi510d/dxi510d_main.c:34766 mpf_mfs_writerecm handle 1
legacy_resolved_only,mfs_file,/home/chukyu/t-dxi/src/dxi510d/dxi510d_main.c,942,mpf_mfs_readrecm,1,READREC,&fcb3,,,"{""UNREACHABLE"": 1}",&fcb3; DXI_FNO_DBLCIRMNG3,2524,"{""ADDED"": 1, ""OK_MACRO"": 1}",False,t-dxi/src/dxi510d/dxi510d_main.c:34972 mpf_mfs_open arg 3 > t-dxi/src/dxi510d/dxi510d_main.c:35309 mpf_mfs_readrecm handle 1
legacy_resolved_only,mfs_file,/home/chukyu/t-dxi/src/dxi510d/dxi510d_main.c,946,mpf_mfs_writerecm,1,WRITEREC,&fcb3,,,"{""UNREACHABLE"": 1}",&fcb3; DXI_FNO_DBLCIRMNG3,2524,"{""ADDED"": 1, ""OK_MACRO"": 1}",False,t-dxi/src/dxi510d/dxi510d_main.c:34972 mpf_mfs_open arg 3 > t-dxi/src/dxi510d/dxi510d_main.c:35426 mpf_mfs_writerecm handle 1
legacy_resolved_only,mfs_file,/home/chukyu/t-dxi/src/dxi800d/dxi800d_main.c,136,mpf_mfs_readrecm,1,READREC,&fcb,,,"{""UNREACHABLE"": 1}",&fcb; DXI_FNO_UPTRACE,2506,"{""ADDED"": 1, ""OK_MACRO"": 1}",False,t-dxi/src/dxi800d/dxi800d_main.c:5878 mpf_mfs_openm arg 3 > t-dxi/src/dxi800d/dxi800d_main.c:6104 mpf_mfs_readrecm handle 1
legacy_resolved_only,mfs_file,/home/chukyu/t-dxi/src/dxi800d/dxi800d_main.c,139,mpf_mfs_writerecm,1,WRITEREC,&fcb,,,"{""UNREACHABLE"": 1}",&fcb; DXI_FNO_UPTRACE,2506,"{""ADDED"": 1, ""OK_MACRO"": 1}",False,t-dxi/src/dxi800d/dxi800d_main.c:5878 mpf_mfs_openm arg 3 > t-dxi/src/dxi800d/dxi800d_main.c:6196 mpf_mfs_writerecm handle 1
legacy_resolved_only,mfs_file,/home/chukyu/t-dxi/src/dxi800d/dxi800d_main.c,148,mpf_mfs_readrecm,1,READREC,&fcb,,,"{""UNREACHABLE"": 1}",&fcb; DXI_FNO_DNTRACE,2507,"{""ADDED"": 1, ""OK_MACRO"": 1}",False,t-dxi/src/dxi800d/dxi800d_main.c:6348 mpf_mfs_openm arg 3 > t-dxi/src/dxi800d/dxi800d_main.c:6574 mpf_mfs_readrecm handle 1
legacy_resolved_only,mfs_file,/home/chukyu/t-dxi/src/dxi800d/dxi800d_main.c,151,mpf_mfs_writerecm,1,WRITEREC,&fcb,,,"{""UNREACHABLE"": 1}",&fcb; DXI_FNO_DNTRACE,2507,"{""ADDED"": 1, ""OK_MACRO"": 1}",False,t-dxi/src/dxi800d/dxi800d_main.c:6348 mpf_mfs_openm arg 3 > t-dxi/src/dxi800d/dxi800d_main.c:6666 mpf_mfs_writerecm handle 1
legacy_resolved_only,mfs_file,/home/chukyu/t-dxi/src/dxi800d/dxi800d_main.c,282,mpf_mfs_getrecm,1,GETREC,&fcb,,,"{""UNREACHABLE"": 1}",&fcb; DXI_FNO_TRCMNG,2505,"{""ADDED"": 1, ""OK_MACRO"": 1}",False,t-dxi/src/dxi800d/dxi800d_main.c:11436 mpf_mfs_openm arg 3 > t-dxi/src/dxi800d/dxi800d_main.c:11918 mpf_mfs_getrecm handle 1
both_unresolved,mfs_file,/home/chukyu/t-dxi/src/dxi800d/dxi800d_reg.c,115,mpf_mfs_openm,3,OPEN_LOCK,filenum[updn],,,"{""UNREACHABLE"": 1}",,,{},False,
both_unresolved,mfs_file,/home/chukyu/t-dxi/src/dxi800d/dxi800d_reg.c,300,mpf_mfs_readrecm,1,READREC,fcb,,,"{""UNREACHABLE"": 1}",,,{},False,
both_unresolved,mfs_file,/home/chukyu/t-dxi/src/dxi800d/dxi800d_reg.c,318,mpf_mfs_writerecm,1,WRITEREC,fcb,,,"{""UNREACHABLE"": 1}",,,{},False,
both_unresolved,mfs_file,/home/chukyu/t-dxi/src/dxi800d/dxi800d_reg.c,330,mpf_mfs_writerecm,1,WRITEREC,fcb,,,"{""UNREACHABLE"": 1}",,,{},False,
both_unresolved,mfs_file,/home/chukyu/t-dxi/src/dxi800d/dxi800d_reg.c,403,mpf_mfs_readrecm,1,READREC,fcb,,,"{""UNREACHABLE"": 1}",,,{},False,
both_unresolved,mfs_file,/home/chukyu/t-dxi/src/dxi800d/dxi800d_reg.c,421,mpf_mfs_writerecm,1,WRITEREC,fcb,,,"{""UNREACHABLE"": 1}",,,{},False,
both_unresolved,mfs_file,/home/chukyu/t-dxi/src/dxi800d/dxi800d_reg.c,433,mpf_mfs_writerecm,1,WRITEREC,fcb,,,"{""UNREACHABLE"": 1}",,,{},False,
legacy_resolved_only,mfs_file,/home/chukyu/t-dxi/src/dxi900/dxi900_ms.c,146,mpf_mfs_getrecm,1,GETREC,&fcb,,,"{""UNREACHABLE"": 1}",&fcb; DXI_FNO_ITCMSDEF,2510,"{""ADDED"": 1, ""OK_MACRO"": 1}",False,t-dxi/src/dxi900/dxi900_ms.c:4337 mpf_mfs_openm arg 3 > t-dxi/src/dxi900/dxi900_ms.c:5010 mpf_mfs_getrecm handle 1
legacy_resolved_only,mfs_file,/home/chukyu/t-dxi/src/dxi900/dxi900_ss.c,148,mpf_mfs_getrecm,1,GETREC,&fcb,,,"{""UNREACHABLE"": 1}",&fcb; 2511,2511,"{""CONFLICT"": 1, ""OK_MACRO"": 1}",False,t-dxi/src/dxi900/dxi900_ss.c:4700 mpf_mfs_openm arg 3 > t-dxi/src/dxi900/dxi900_ss.c:5426 mpf_mfs_getrecm handle 1
legacy_resolved_only,mfs_file,/home/chukyu/t-dxi/src/dxi901/dxi901_ms.c,136,mpf_mfs_getrecm,1,GETREC,&fcb,,,"{""UNREACHABLE"": 1}",&fcb; DXI_FNO_ITCMSDEF,2510,"{""ADDED"": 1, ""OK_MACRO"": 1}",False,t-dxi/src/dxi901/dxi901_ms.c:5517 mpf_mfs_openm arg 3 > t-dxi/src/dxi901/dxi901_ms.c:6188 mpf_mfs_getrecm handle 1
legacy_resolved_only,mfs_file,/home/chukyu/t-dxi/src/dxi901/dxi901_ss.c,123,mpf_mfs_getrecm,1,GETREC,&fcb,,,"{""UNREACHABLE"": 1}",&fcb; 2511,2511,"{""CONFLICT"": 1, ""OK_MACRO"": 1}",False,t-dxi/src/dxi901/dxi901_ss.c:5009 mpf_mfs_openm arg 3 > t-dxi/src/dxi901/dxi901_ss.c:5681 mpf_mfs_getrecm handle 1
both_unresolved,mfs_file,/home/chukyu/t-dxi/src/libdxi/DxiDntbn.c,286,mpf_mfs_readrecm,1,READREC,fcb,,,"{""UNREACHABLE"": 1}",,,{},False,
both_unresolved,mfs_file,/home/chukyu/t-dxi/src/libdxi/DxiDntbn.c,298,mpf_mfs_writerecm,1,WRITEREC,fcb,,,"{""UNREACHABLE"": 1}",,,{},False,
both_unresolved,mfs_file,/home/chukyu/t-dxi/src/libdxi/DxiDntbn.c,308,mpf_mfs_readrecm,1,READREC,fcb,,,"{""UNREACHABLE"": 1}",,,{},False,
both_unresolved,mfs_file,/home/chukyu/t-dxi/src/libdxi/DxiDntbn.c,325,mpf_mfs_writerecm,1,WRITEREC,fcb,,,"{""UNREACHABLE"": 1}",,,{},False,
both_unresolved,mfs_file,/home/chukyu/t-dxi/src/libdxi/DxiDntbn.c,332,mpf_mfs_readrecm,1,READREC,fcb,,,"{""UNREACHABLE"": 1}",,,{},False,
both_unresolved,mfs_file,/home/chukyu/t-dxi/src/libdxi/DxiDntbn.c,348,mpf_mfs_readrecm,1,READREC,fcb,,,"{""UNREACHABLE"": 1}",,,{},False,
both_unresolved,mfs_file,/home/chukyu/t-dxi/src/libdxi/DxiDntbn.c,364,mpf_mfs_writerecm,1,WRITEREC,fcb,,,"{""UNREACHABLE"": 1}",,,{},False,
both_unresolved,mfs_file,/home/chukyu/t-dxi/src/libdxi/DxiDntbn.c,388,mpf_mfs_writerecm,1,WRITEREC,fcb,,,"{""UNREACHABLE"": 1}",,,{},False,
both_unresolved,mfs_file,/home/chukyu/t-dxi/src/libdxi/DxiGChgMode.c,215,mpf_mfs_getrecm,1,GETREC,&fcb,,,"{""UNREACHABLE"": 1}",,,{},False,
both_unresolved,mfs_file,/home/chukyu/t-dxi/src/libdxi/DxiGChgMode.c,362,mpf_mfs_getrecm,1,GETREC,fcb,,,"{""UNREACHABLE"": 1}",,,{},False,
both_unresolved,mfs_file,/home/chukyu/t-dxi/src/libdxi/DxiGGetMode.c,95,mpf_mfs_getrecm,1,GETREC,&fcb,,,"{""UNREACHABLE"": 1}",,,{},False,
both_unresolved,mfs_file,/home/chukyu/t-dxi/src/libdxi/DxiGGetMode.c,245,mpf_mfs_getrecm,1,GETREC,&fcb,,,"{""UNREACHABLE"": 1}",,,{},False,
both_unresolved,mfs_file,/home/chukyu/t-dxi/src/libdxi/DxiGetAdr.c,133,mpf_mfs_getrecm,1,GETREC,&fcb,,,"{""UNREACHABLE"": 1}",,,{},False,
both_unresolved,mfs_file,/home/chukyu/t-dxi/src/libdxi/DxiGetAdr.c,185,mpf_mfs_getrecm,1,GETREC,&fcb,,,"{""UNREACHABLE"": 1}",,,{},False,
both_unresolved,mfs_file,/home/chukyu/t-dxi/src/libdxi/DxiGetLS.c,75,mpf_mfs_readrecm,1,READREC,&fcb,,,"{""UNREACHABLE"": 1}",,,{},False,
both_unresolved,mfs_file,/home/chukyu/t-dxi/src/libdxi/DxiGetMode.c,90,mpf_mfs_readrecm,1,READREC,&fcb,,,"{""UNREACHABLE"": 1}",,,{},False,
both_unresolved,mfs_file,/home/chukyu/t-dxi/src/libdxi/DxiGetPInf.c,54,mpf_mfs_getrecm,1,GETREC,&fcb,,,"{""UNREACHABLE"": 1}",,,{},False,
both_unresolved,mfs_file,/home/chukyu/t-dxi/src/libdxi/DxiGetTen.c,117,mpf_mfs_openm_H,2,OPEN_LOCK,fileno,,,"{""UNREACHABLE"": 1}",,,{},False,
both_unresolved,mfs_file,/home/chukyu/t-dxi/src/libdxi/DxiGetTen.c,126,mpf_mfs_readrecm,1,READREC,&fcb,,,"{""UNREACHABLE"": 1}",,,{},False,
both_unresolved,mfs_file,/home/chukyu/t-dxi/src/libdxi/DxiItcReq2.c,555,mpf_mfs_getrecm,1,GETREC,&fcb,,,"{""UNREACHABLE"": 1}",,,{},False,
both_unresolved,mfs_file,/home/chukyu/t-dxi/src/libdxi/DxiMNPSim.c,1242,mpf_mfs_openm,3,OPEN_LOCK,filenoup[filerec],,,"{""UNREACHABLE"": 1}",,,{},False,
both_unresolved,mfs_file,/home/chukyu/t-dxi/src/libdxi/DxiMNPSim.c,1249,mpf_mfs_getrecm,1,GETREC,&fcb,,,"{""UNREACHABLE"": 1}",,,{},False,
both_unresolved,mfs_file,/home/chukyu/t-dxi/src/libdxi/DxiSndHdr.c,265,mpf_mfs_getrecm,1,GETREC,&fcb,,,"{""UNREACHABLE"": 1}",,,{},False,
both_unresolved,mfs_file,/home/chukyu/t-dxi/src/libdxi/DxiSndHdr.c,427,mpf_mfs_readrecm,1,READREC,&fcb,,,"{""UNREACHABLE"": 1}",,,{},False,
both_unresolved,mfs_file,/home/chukyu/t-dxi/src/libdxi/DxiSndHdr.c,687,mpf_mfs_readrecm,1,READREC,&fcb,,,"{""UNREACHABLE"": 1}",,,{},False,
both_unresolved,mfs_file,/home/chukyu/t-dxi/src/libdxi/DxiWtrace.c,108,mpf_mfs_getrecm,1,GETREC,&fcb,,,"{""UNREACHABLE"": 1}",,,{},False,
both_unresolved,mfs_file,/home/chukyu/t-dxi/src/libdxi/DxiWtrace.c,293,mpf_mfs_getrecm,1,GETREC,&fcb,,,"{""UNREACHABLE"": 1}",,,{},False,
both_unresolved,mfs_file,/home/chukyu/t-dxi/src/libdxiinside/dxiG_cirmng.c,146,mpf_mfs_getrecm,1,GETREC,&fcb,,,"{""UNREACHABLE"": 1}",,,{},False,
both_unresolved,mfs_file,/home/chukyu/t-dxi/src/libdxiinside/dxiG_cirmng.c,463,mpf_mfs_getrecm,1,GETREC,&fcb,,,"{""UNREACHABLE"": 1}",,,{},False,
both_unresolved,mfs_file,/home/chukyu/t-dxi/src/libdxiinside/dxiG_cirmng.c,543,mpf_mfs_getrecm,1,GETREC,&fcb,,,"{""UNREACHABLE"": 1}",,,{},False,
both_unresolved,mfs_file,/home/chukyu/t-dxi/src/libdxiinside/dxiG_cirmng.c,639,mpf_mfs_getrecm,1,GETREC,&fcb,,,"{""UNREACHABLE"": 1}",,,{},False,
both_unresolved,mfs_file,/home/chukyu/t-dxi/src/libdxiinside/dxiG_cirmng.c,741,mpf_mfs_getrecm,1,GETREC,&fcb,,,"{""UNREACHABLE"": 1}",,,{},False,
both_unresolved,mfs_file,/home/chukyu/t-dxi/src/libdxiinside/dxiG_cirmng.c,805,mpf_mfs_getrecm,1,GETREC,&fcb,,,"{""UNREACHABLE"": 1}",,,{},False,
both_unresolved,mfs_file,/home/chukyu/t-dxi/src/libdxiinside/dxiG_cpumode.c,118,mpf_mfs_getrecm,1,GETREC,&fcb,,,"{""UNREACHABLE"": 1}",,,{},False,
both_unresolved,mfs_file,/home/chukyu/t-dxi/src/libdxiinside/dxi_cirdmsmng.c,100,mpf_mfs_openm,3,OPEN_LOCK,DXI_FNO_CIRDMSMNG,,,"{""UNREACHABLE"": 1}",,,{},False,
both_unresolved,mfs_file,/home/chukyu/t-dxi/src/libdxiinside/dxi_cirdmsmng.c,108,mpf_mfs_getrecm,1,GETREC,&fcb,,,"{""UNREACHABLE"": 1}",,,{},False,
both_unresolved,mfs_file,/home/chukyu/t-dxi/src/libdxiinside/dxi_cirdmsmng.c,378,mpf_mfs_openm,3,OPEN_LOCK,DXI_FNO_CIRDMSMNG,,,"{""UNREACHABLE"": 1}",,,{},False,
both_unresolved,mfs_file,/home/chukyu/t-dxi/src/libdxiinside/dxi_cirdmsmng.c,393,mpf_mfs_getrecm,1,GETREC,&fcb,,,"{""UNREACHABLE"": 1}",,,{},False,
both_unresolved,mfs_file,/home/chukyu/t-dxi/src/libdxiinside/dxi_cirdmsmng.c,593,mpf_mfs_openm,3,OPEN_LOCK,DXI_FNO_CIRDMSMNG,,,"{""UNREACHABLE"": 1}",,,{},False,
both_unresolved,mfs_file,/home/chukyu/t-dxi/src/libdxiinside/dxi_cirdmsmng.c,601,mpf_mfs_getrecm,1,GETREC,&fcb,,,"{""UNREACHABLE"": 1}",,,{},False,
both_unresolved,mfs_file,/home/chukyu/t-dxi/src/libdxiinside/dxi_cirdmsmng.c,688,mpf_mfs_openm,3,OPEN_LOCK,DXI_FNO_CIRDMSMNG,,,"{""UNREACHABLE"": 1}",,,{},False,
both_unresolved,mfs_file,/home/chukyu/t-dxi/src/libdxiinside/dxi_cirdmsmng.c,696,mpf_mfs_getrecm,1,GETREC,&fcb,,,"{""UNREACHABLE"": 1}",,,{},False,
both_unresolved,mfs_file,/home/chukyu/t-dxi/src/libdxiinside/dxi_cirdmsmng.c,801,mpf_mfs_openm,3,OPEN_LOCK,DXI_FNO_CIRDMSMNG,,,"{""UNREACHABLE"": 1}",,,{},False,
both_unresolved,mfs_file,/home/chukyu/t-dxi/src/libdxiinside/dxi_cirdmsmng.c,809,mpf_mfs_getrecm,1,GETREC,&fcb,,,"{""UNREACHABLE"": 1}",,,{},False,
both_unresolved,mfs_file,/home/chukyu/t-dxi/src/libdxiinside/dxi_cirmng.c,120,mpf_mfs_openm,3,OPEN_LOCK,fno,,,"{""UNREACHABLE"": 1}",,,{},False,
both_unresolved,mfs_file,/home/chukyu/t-dxi/src/libdxiinside/dxi_cirmng.c,126,mpf_mfs_getrecm,1,GETREC,&fcb,,,"{""UNREACHABLE"": 1}",,,{},False,
both_unresolved,mfs_file,/home/chukyu/t-dxi/src/libdxiinside/dxi_cirmng.c,407,mpf_mfs_openm,3,OPEN_LOCK,fno,,,"{""UNREACHABLE"": 1}",,,{},False,
both_unresolved,mfs_file,/home/chukyu/t-dxi/src/libdxiinside/dxi_cirmng.c,413,mpf_mfs_getrecm,1,GETREC,&fcb,,,"{""UNREACHABLE"": 1}",,,{},False,
both_unresolved,mfs_file,/home/chukyu/t-dxi/src/libdxiinside/dxi_cirmng.c,657,mpf_mfs_openm,3,OPEN_LOCK,fno,,,"{""UNREACHABLE"": 1}",,,{},False,
both_unresolved,mfs_file,/home/chukyu/t-dxi/src/libdxiinside/dxi_cirmng.c,663,mpf_mfs_getrecm,1,GETREC,&fcb,,,"{""UNREACHABLE"": 1}",,,{},False,
both_unresolved,mfs_file,/home/chukyu/t-dxi/src/libdxiinside/dxi_cirmng.c,766,mpf_mfs_openm,3,OPEN_LOCK,fno,,,"{""UNREACHABLE"": 1}",,,{},False,
both_unresolved,mfs_file,/home/chukyu/t-dxi/src/libdxiinside/dxi_cirmng.c,772,mpf_mfs_getrecm,1,GETREC,&fcb,,,"{""UNREACHABLE"": 1}",,,{},False,
both_unresolved,mfs_file,/home/chukyu/t-dxi/src/libdxiinside/dxi_cirmng.c,898,mpf_mfs_openm,3,OPEN_LOCK,fno,,,"{""UNREACHABLE"": 1}",,,{},False,
both_unresolved,mfs_file,/home/chukyu/t-dxi/src/libdxiinside/dxi_cirmng.c,904,mpf_mfs_getrecm,1,GETREC,&fcb,,,"{""UNREACHABLE"": 1}",,,{},False,
both_unresolved,mfs_file,/home/chukyu/t-dxi/src/libdxiinside/dxi_initmng.c,72,mpf_mfs_openm,3,OPEN_LOCK,fno,,,"{""UNREACHABLE"": 1}",,,{},False,
both_unresolved,mfs_file,/home/chukyu/t-dxi/src/libdxiinside/dxi_initmng.c,80,mpf_mfs_getrecm,1,GETREC,fcb,,,"{""UNREACHABLE"": 1}",,,{},False,
both_unresolved,mfs_file,/home/chukyu/t-dxi/src/libdxiinside/dxi_uptbn.c,74,mpf_mfs_openm,3,OPEN_LOCK,fileno[t_flg],,,"{""UNREACHABLE"": 1}",,,{},False,
both_unresolved,mfs_file,/home/chukyu/t-dxi/src/libdxiinside/dxi_uptbn.c,111,mpf_mfs_openm,3,OPEN_LOCK,fileno[t_flg],,,"{""UNREACHABLE"": 1}",,,{},False,
both_unresolved,mfs_file,/home/chukyu/t-dxi/src/libdxiinside/dxi_uptbn.c,148,mpf_mfs_openm,3,OPEN_LOCK,fileno[t_flg],,,"{""UNREACHABLE"": 1}",,,{},False,
both_unresolved,mfs_file,/home/chukyu/t-dxi/src/libdxiinside/dxi_uptbn.c,211,mpf_mfs_getrecm,1,GETREC,fcb,,,"{""UNREACHABLE"": 1}",,,{},False,
both_unresolved,mfs_file,/home/chukyu/t-dxi/tool/dxi700/dxi700_cb.c,627,mpf_mfs_openm,3,OPEN_LOCK,filenum[Dxi_now_trc_fkindG][i],,,"{""UNREACHABLE"": 1}",,,{},False,
both_unresolved,mfs_file,/home/chukyu/t-dxi/tool/dxi700/dxi700_cb.c,632,mpf_mfs_readrecm,1,READREC,&fcb[i],,,"{""UNREACHABLE"": 1}",,,{},False,
both_unresolved,mfs_file,/home/chukyu/t-dxi/tool/dxi700/dxi700_cb.c,1331,mpf_mfs_openm,3,OPEN_LOCK,filenum[0][i],,,"{""UNREACHABLE"": 1}",,,{},False,
both_unresolved,mfs_file,/home/chukyu/t-dxi/tool/dxi700/dxi700_cb.c,1336,mpf_mfs_readrecm,1,READREC,&fcb[i],,,"{""UNREACHABLE"": 1}",,,{},False,
both_unresolved,mfs_file,/home/chukyu/t-dxi/tool/dxi700/dxi700_cb.c,1339,mpf_mfs_writerecm,1,WRITEREC,&fcb[i],,,"{""UNREACHABLE"": 1}",,,{},False,
both_unresolved,mfs_file,/home/chukyu/t-dxi/tool/dxi700/dxi700_cb.c,1535,mpf_mfs_getrecm,1,GETREC,&fcb,,,"{""UNREACHABLE"": 1}",,,{},False,
both_unresolved,mfs_file,/home/chukyu/t-dxi/tool/dxi700/dxi700_cb.c,1579,mpf_mfs_getrecm,1,GETREC,&fcb,,,"{""UNREACHABLE"": 1}",,,{},False,
both_unresolved,mfs_file,/home/chukyu/t-dxi/tool/dxi700/dxi700_dt.c,181,mpf_mfs_openm,3,OPEN_LOCK,filenum[fkind][i],,,"{""UNREACHABLE"": 1}",,,{},False,
both_unresolved,mfs_file,/home/chukyu/t-dxi/tool/dxi700/dxi700_dt.c,187,mpf_mfs_readrecm,1,READREC,&fcb[i],,,"{""UNREACHABLE"": 1}",,,{},False,
both_unresolved,mfs_file,/home/chukyu/t-dxi/tool/dxi700/dxi700_dt.c,189,mpf_mfs_readrecm,1,READREC,&fcb[i],,,"{""UNREACHABLE"": 1}",,,{},False,
both_unresolved,mfs_file,/home/chukyu/t-dxi/tool/dxi700/dxi700_dt.c,2262,mpf_mfs_readrecm,1,READREC,&fcb,,,"{""UNREACHABLE"": 1}",,,{},False,
both_unresolved,mfs_file,/home/chukyu/t-dxi/tool/dxi710/dxi700_cb.c,641,mpf_mfs_openm,3,OPEN_LOCK,filenum[Dxi_now_trc_fkindG][i],,,"{""UNREACHABLE"": 1}",,,{},False,
both_unresolved,mfs_file,/home/chukyu/t-dxi/tool/dxi710/dxi700_cb.c,648,mpf_mfs_readrecm,1,READREC,&fcb[i],,,"{""UNREACHABLE"": 1}",,,{},False,
both_unresolved,mfs_file,/home/chukyu/t-dxi/tool/dxi710/dxi700_cb.c,1404,mpf_mfs_openm,3,OPEN_LOCK,filenum[0][i],,,"{""UNREACHABLE"": 1}",,,{},False,
both_unresolved,mfs_file,/home/chukyu/t-dxi/tool/dxi710/dxi700_cb.c,1418,mpf_mfs_readrecm,1,READREC,&fcb[i],,,"{""UNREACHABLE"": 1}",,,{},False,
both_unresolved,mfs_file,/home/chukyu/t-dxi/tool/dxi710/dxi700_cb.c,1421,mpf_mfs_writerecm,1,WRITEREC,&fcb[i],,,"{""UNREACHABLE"": 1}",,,{},False,
both_unresolved,mfs_file,/home/chukyu/t-dxi/tool/dxi710/dxi700_cb.c,1633,mpf_mfs_getrecm,1,GETREC,&fcb,,,"{""UNREACHABLE"": 1}",,,{},False,
both_unresolved,mfs_file,/home/chukyu/t-dxi/tool/dxi710/dxi700_cb.c,1681,mpf_mfs_getrecm,1,GETREC,&fcb,,,"{""UNREACHABLE"": 1}",,,{},False,
both_unresolved,mfs_file,/home/chukyu/t-dxi/tool/dxi710/dxi700_dt.c,176,mpf_mfs_openm,3,OPEN_LOCK,filenum[fkind][i],,,"{""UNREACHABLE"": 1}",,,{},False,
both_unresolved,mfs_file,/home/chukyu/t-dxi/tool/dxi710/dxi700_dt.c,182,mpf_mfs_readrecm,1,READREC,&fcb[i],,,"{""UNREACHABLE"": 1}",,,{},False,
both_unresolved,mfs_file,/home/chukyu/t-dxi/tool/dxi710/dxi700_dt.c,184,mpf_mfs_readrecm,1,READREC,&fcb[i],,,"{""UNREACHABLE"": 1}",,,{},False,
both_unresolved,mfs_file,/home/chukyu/t-dxi/tool/dxi710/dxi700_dt.c,2623,mpf_mfs_readrecm,1,READREC,&fcb,,,"{""UNREACHABLE"": 1}",,,{},False,
both_unresolved,mfs_file,/home/chukyu/t-dxi/tool/dxiinf/dxiinf.c,60,mpf_mfs_getrecm,1,GETREC,&fcb,,,"{""UNREACHABLE"": 1}",,,{},False,
both_unresolved,mfs_file,/home/chukyu/t-dxi/tool/dxiinf/dxiinf.c,258,mpf_mfs_getrecm,1,GETREC,&fcb,,,"{""UNREACHABLE"": 1}",,,{},False,
both_unresolved,mfs_file,/home/chukyu/t-dxi/tool/itcmode/itcmode.c,64,mpf_mfs_getrecm,1,GETREC,&fcb,,,"{""UNREACHABLE"": 1}",,,{},False,
both_unresolved,mfs_file,/home/chukyu/t-dxi/tool/itcmode/itcmode.c,170,mpf_mfs_getrecm,1,GETREC,&fcb,,,"{""UNREACHABLE"": 1}",,,{},False,
both_unresolved,mfs_file,/home/chukyu/t-dxi/tool/itcten/itcten.c,84,mpf_mfs_getrecm,1,GETREC,&fcb,,,"{""UNREACHABLE"": 1}",,,{},False,
both_unresolved,mfs_file,/home/chukyu/t-dxi/tool/itcten/itcten.c,124,mpf_mfs_getrecm,1,GETREC,&fcb,,,"{""UNREACHABLE"": 1}",,,{},False,
both_unresolved,mfs_file,/home/chukyu/t-dyn/src/dyn010/dyn010Main.c,161,mpf_mfs_open_H,2,OPEN_LOCK,DynReCtlInfFNO,,,"{""UNREACHABLE"": 1}",,,{},False,
both_unresolved,mfs_file,/home/chukyu/t-dyn/src/dyn010/dyn010Main.c,161,mpf_mfs_open_H,2,READ,,,,{},DynReCtlInfFNO,,"{""OK_CONST"": 1}",True,t-dyn/src/dyn010/dyn010Main.c:5669 mpf_mfs_open_H arg 2
cvisualizer_resolved_only,mfs_file,/home/chukyu/t-dyn/src/dyn010/dyn010Main.c,167,mpf_mfs_readrecn,1,READREC,&fcb,1021,,"{""EXACT"": 1}",&fcb,,"{""OK_CONST"": 1}",True,t-dyn/src/dyn010/dyn010Main.c:5669 mpf_mfs_open_H arg 2 > t-dyn/src/dyn010/dyn010Main.c:5875 mpf_mfs_readrecn handle 1
both_unresolved,mfs_file,/home/chukyu/t-dyn/src/dyn010/dyn010Main.c,171,mpf_mfs_open_H,2,OPEN_LOCK,DynReGnInfFNO,,,"{""UNREACHABLE"": 1}",,,{},False,
both_unresolved,mfs_file,/home/chukyu/t-dyn/src/dyn010/dyn010Main.c,171,mpf_mfs_open_H,2,READ,,,,{},DynReGnInfFNO,,"{""OK_CONST"": 1}",True,t-dyn/src/dyn010/dyn010Main.c:6032 mpf_mfs_open_H arg 2
both_unresolved,mfs_file,/home/chukyu/t-dyn/src/dyn010/dyn010Main.c,177,mpf_mfs_readrecn,1,READREC,&fcb,,,"{""EXTERNAL"": 1}",&fcb,,"{""OK_CONST"": 1}",True,t-dyn/src/dyn010/dyn010Main.c:6032 mpf_mfs_open_H arg 2 > t-dyn/src/dyn010/dyn010Main.c:6237 mpf_mfs_readrecn handle 1
legacy_resolved_only,mfs_file,/home/chukyu/t-dyn/src/dyn010/dyn010Main.c,191,mpf_mfs_writerecm,1,WRITEREC,&fcb,,,"{""UNREACHABLE"": 1}",&fcb; DynReCtlMainteFNO,1077,"{""ALREADY_PRESENT"": 1, ""OK_CONST"": 1}",True,t-dyn/src/dyn010/dyn010Main.c:6416 mpf_mfs_open_H arg 2 > t-dyn/src/dyn010/dyn010Main.c:6772 mpf_mfs_writerecm handle 1
disjoint,mfs_file,/home/chukyu/t-dyn/src/dyn010/dyn010Main.c,195,mpf_mfs_writerecn,1,WRITEREC,&fcb,1081,,"{""EXACT"": 1}",&fcb; DynReCtlMainteFNO,1077,"{""ALREADY_PRESENT"": 1, ""OK_CONST"": 1}",True,t-dyn/src/dyn010/dyn010Main.c:6416 mpf_mfs_open_H arg 2 > t-dyn/src/dyn010/dyn010Main.c:6937 mpf_mfs_writerecn handle 1
legacy_resolved_only,mfs_file,/home/chukyu/t-dyn/src/dyn010/dyn010Main.c,200,mpf_mfs_readrecm,1,READREC,&fcb,,,"{""UNREACHABLE"": 1}",&fcb; DynReCtlMainteFNO,1077,"{""ALREADY_PRESENT"": 1, ""OK_CONST"": 1}",True,t-dyn/src/dyn010/dyn010Main.c:6416 mpf_mfs_open_H arg 2 > t-dyn/src/dyn010/dyn010Main.c:7109 mpf_mfs_readrecm handle 1
legacy_resolved_only,mfs_file,/home/chukyu/t-dyn/src/dyn010/dyn010Main.c,202,mpf_mfs_writerecm,1,WRITEREC,&fcb,,,"{""UNREACHABLE"": 1}",&fcb; DynReCtlMainteFNO,1077,"{""ALREADY_PRESENT"": 1, ""OK_CONST"": 1}",True,t-dyn/src/dyn010/dyn010Main.c:6416 mpf_mfs_open_H arg 2 > t-dyn/src/dyn010/dyn010Main.c:7265 mpf_mfs_writerecm handle 1
both_unresolved,mfs_file,/home/chukyu/t-dyn/src/dyn011/dyn011InitSts.c,107,mpf_mfs_open_H,2,OPEN_LOCK,DynReSndStaDFSFNO,,,"{""UNREACHABLE"": 1}",,,{},False,
both_unresolved,mfs_file,/home/chukyu/t-dyn/src/dyn011/dyn011InitSts.c,107,mpf_mfs_open_H,2,READ,,,,{},DynReSndStaDFSFNO,,"{""OK_CONST"": 1}",True,t-dyn/src/dyn011/dyn011InitSts.c:4210 mpf_mfs_open_H arg 2
both_unresolved,mfs_file,/home/chukyu/t-dyn/src/dyn011/dyn011InitSts.c,118,mpf_mfs_readrecn,1,READREC,&fcb,,,"{""UNRESOLVED"": 1}",&fcb,,"{""OK_CONST"": 1}",True,t-dyn/src/dyn011/dyn011InitSts.c:4210 mpf_mfs_open_H arg 2 > t-dyn/src/dyn011/dyn011InitSts.c:4550 mpf_mfs_readrecn handle 1
both_unresolved,mfs_file,/home/chukyu/t-dyn/src/dyn011/dyn011InitSts.c,123,mpf_mfs_open_H,2,OPEN_LOCK,DynReHESStaUpdDFNO,,,"{""UNREACHABLE"": 1}",,,{},False,
both_unresolved,mfs_file,/home/chukyu/t-dyn/src/dyn011/dyn011InitSts.c,123,mpf_mfs_open_H,2,READ,,,,{},DynReHESStaUpdDFNO,,"{""OK_CONST"": 1}",True,t-dyn/src/dyn011/dyn011InitSts.c:4763 mpf_mfs_open_H arg 2
cvisualizer_resolved_only,mfs_file,/home/chukyu/t-dyn/src/dyn011/dyn011InitSts.c,132,mpf_mfs_readrecn,1,READREC,&fcb,1081,,"{""EXACT"": 1}",&fcb,,"{""OK_CONST"": 1}",True,t-dyn/src/dyn011/dyn011InitSts.c:4763 mpf_mfs_open_H arg 2 > t-dyn/src/dyn011/dyn011InitSts.c:5052 mpf_mfs_readrecn handle 1
equal,mfs_file,/home/chukyu/t-dyn/src/dyn011/dyn011InitSts.c,175,mpf_mfs_writerecn,1,WRITEREC,&fcb,1075,,"{""EXACT"": 1}",&fcb; DynReMyPageStaFNO,1075,"{""ALREADY_PRESENT"": 1, ""OK_CONST"": 1}",True,t-dyn/src/dyn011/dyn011InitSts.c:6680 mpf_mfs_open_H arg 2 > t-dyn/src/dyn011/dyn011InitSts.c:6910 mpf_mfs_writerecn handle 1
legacy_resolved_only,mfs_file,/home/chukyu/t-dyn/src/dyn011/dyn011InitSts.c,231,mpf_mfs_writerecm,1,WRITEREC,&fcb,,,"{""UNREACHABLE"": 1}",&fcb; DynReHESHealthFNO,1048,"{""ALREADY_PRESENT"": 1, ""OK_CONST"": 1}",True,t-dyn/src/dyn011/dyn011InitSts.c:8320 mpf_mfs_openm_H arg 2 > t-dyn/src/dyn011/dyn011InitSts.c:8855 mpf_mfs_writerecm handle 1
legacy_resolved_only,mfs_file,/home/chukyu/t-dyn/src/dyn012/dyn012InitSts.c,67,mpf_mfs_readrecm,1,READREC,&sFcb,,,"{""UNREACHABLE"": 1}",&sFcb; DynReTaikoSetFNO,3909,"{""ALREADY_PRESENT"": 1, ""OK_CONST"": 1}",True,t-dyn/src/dyn012/dyn012InitSts.c:1907 mpf_mfs_openm_H arg 2 > t-dyn/src/dyn012/dyn012InitSts.c:2120 mpf_mfs_readrecm handle 1
both_unresolved,mfs_file,/home/chukyu/t-dyn/src/dyn014/dyn014CyclicProc.c,181,mpf_mfs_open_H,2,OPEN_LOCK,DynReITCInfFNO,,,"{""UNREACHABLE"": 1}",,,{},False,
both_unresolved,mfs_file,/home/chukyu/t-dyn/src/dyn014/dyn014CyclicProc.c,181,mpf_mfs_open_H,2,READ,,,,{},DynReITCInfFNO,,"{""OK_CONST"": 1}",True,t-dyn/src/dyn014/dyn014CyclicProc.c:7194 mpf_mfs_open_H arg 2
cvisualizer_resolved_only,mfs_file,/home/chukyu/t-dyn/src/dyn014/dyn014CyclicProc.c,189,mpf_mfs_readrecn,1,READREC,&fcb,1027,,"{""EXACT"": 1}",&fcb,,"{""OK_CONST"": 1}",True,t-dyn/src/dyn014/dyn014CyclicProc.c:7194 mpf_mfs_open_H arg 2 > t-dyn/src/dyn014/dyn014CyclicProc.c:7388 mpf_mfs_readrecn handle 1
both_unresolved,mfs_file,/home/chukyu/t-dyn/src/dyn014/dyn014CyclicProc.c,193,mpf_mfs_open_H,2,OPEN_LOCK,DynReOutStaFNO,,,"{""UNREACHABLE"": 1}",,,{},False,
both_unresolved,mfs_file,/home/chukyu/t-dyn/src/dyn014/dyn014CyclicProc.c,193,mpf_mfs_open_H,2,READ,,,,{},DynReOutStaFNO,,"{""OK_CONST"": 1}",True,t-dyn/src/dyn014/dyn014CyclicProc.c:7567 mpf_mfs_open_H arg 2
cvisualizer_resolved_only,mfs_file,/home/chukyu/t-dyn/src/dyn014/dyn014CyclicProc.c,201,mpf_mfs_readrecn,1,READREC,&fcb,1026,,"{""EXACT"": 1}",&fcb,,"{""OK_CONST"": 1}",True,t-dyn/src/dyn014/dyn014CyclicProc.c:7567 mpf_mfs_open_H arg 2 > t-dyn/src/dyn014/dyn014CyclicProc.c:7762 mpf_mfs_readrecn handle 1
cvisualizer_resolved_only,mfs_file,/home/chukyu/t-dyn/src/dyn014/dyn014CyclicProc.c,222,mpf_mfs_writerecn,1,WRITEREC,&fcb,1026,,"{""EXACT"": 1}",&fcb,,"{""OK_CONST"": 1}",True,t-dyn/src/dyn014/dyn014CyclicProc.c:7567 mpf_mfs_open_H arg 2 > t-dyn/src/dyn014/dyn014CyclicProc.c:8465 mpf_mfs_writerecn handle 1
both_unresolved,mfs_file,/home/chukyu/t-dyn/src/dyn232d/dyn232dMsg.c,134,mpf_mfs_open_H,2,OPEN_LOCK,DynRePfmCtlFNO,,,"{""UNREACHABLE"": 1}",,,{},False,
both_unresolved,mfs_file,/home/chukyu/t-dyn/src/dyn232d/dyn232dMsg.c,134,mpf_mfs_open_H,2,READ,,,,{},DynRePfmCtlFNO,,"{""OK_CONST"": 1}",True,t-dyn/src/dyn232d/dyn232dMsg.c:5596 mpf_mfs_open_H arg 2
cvisualizer_resolved_only,mfs_file,/home/chukyu/t-dyn/src/dyn232d/dyn232dMsg.c,142,mpf_mfs_readrecn,1,READREC,&fcb,1031,,"{""EXACT"": 1}",&fcb,,"{""OK_CONST"": 1}",True,t-dyn/src/dyn232d/dyn232dMsg.c:5596 mpf_mfs_open_H arg 2 > t-dyn/src/dyn232d/dyn232dMsg.c:5793 mpf_mfs_readrecn handle 1
disjoint,mfs_file,/home/chukyu/t-dyn/src/dyn232d/dyn232dMsg.c,158,mpf_mfs_readrecn,1,READREC,&fcb,3911,,"{""EXACT"": 1}",&fcb; DynReSchSetTkFNO,3910,"{""ALREADY_PRESENT"": 1, ""OK_CONST"": 1}",True,t-dyn/src/dyn232d/dyn232dMsg.c:6033 mpf_mfs_open_H arg 2 > t-dyn/src/dyn232d/dyn232dMsg.c:6253 mpf_mfs_readrecn handle 1
both_unresolved,mfs_file,/home/chukyu/t-dyn/src/dyn232d/dyn232dMsg.c,169,mpf_mfs_open_H,2,OPEN_LOCK,DynREGetSchfno(nFnoidx),,,"{""UNREACHABLE"": 1}",,,{},False,
both_unresolved,mfs_file,/home/chukyu/t-dyn/src/dyn232d/dyn232dMsg.c,169,mpf_mfs_open_H,2,READ,,,,{},DynREGetSchfno(nFnoidx),,"{""UNRESOLVED"": 1}",True,t-dyn/src/dyn232d/dyn232dMsg.c:6607 mpf_mfs_open_H arg 2
both_unresolved,mfs_file,/home/chukyu/t-dyn/src/dyn232d/dyn232dMsg.c,177,mpf_mfs_readrecn,1,READREC,&fcb,,,"{""EXTERNAL"": 1}",&fcb,,"{""UNRESOLVED"": 1}",True,t-dyn/src/dyn232d/dyn232dMsg.c:6607 mpf_mfs_open_H arg 2 > t-dyn/src/dyn232d/dyn232dMsg.c:6827 mpf_mfs_readrecn handle 1
both_unresolved,mfs_file,/home/chukyu/t-dyn/src/dyn232d/dyn232dMsg.c,212,mpf_mfs_open_H,2,OPEN_LOCK,DynREGetSchKKfno(nFnoidxKK),,,"{""UNREACHABLE"": 1}",,,{},False,
both_unresolved,mfs_file,/home/chukyu/t-dyn/src/dyn232d/dyn232dMsg.c,212,mpf_mfs_open_H,2,READ,,,,{},DynREGetSchKKfno(nFnoidxKK),,"{""UNRESOLVED"": 1}",True,t-dyn/src/dyn232d/dyn232dMsg.c:7768 mpf_mfs_open_H arg 2
both_unresolved,mfs_file,/home/chukyu/t-dyn/src/dyn232d/dyn232dMsg.c,220,mpf_mfs_readrecn,1,READREC,&fcb,,,"{""EXTERNAL"": 1}",&fcb,,"{""UNRESOLVED"": 1}",True,t-dyn/src/dyn232d/dyn232dMsg.c:7768 mpf_mfs_open_H arg 2 > t-dyn/src/dyn232d/dyn232dMsg.c:8010 mpf_mfs_readrecn handle 1
both_unresolved,mfs_file,/home/chukyu/t-dyn/src/dyn232d/dyn232dMsg.c,222,mpf_mfs_open_H,2,OPEN_LOCK,DynREGetSchKKLCfno(nFnoidxKK),,,"{""UNREACHABLE"": 1}",,,{},False,
both_unresolved,mfs_file,/home/chukyu/t-dyn/src/dyn232d/dyn232dMsg.c,222,mpf_mfs_open_H,2,READ,,,,{},DynREGetSchKKLCfno(nFnoidxKK),,"{""UNRESOLVED"": 1}",True,t-dyn/src/dyn232d/dyn232dMsg.c:8121 mpf_mfs_open_H arg 2
both_unresolved,mfs_file,/home/chukyu/t-dyn/src/dyn232d/dyn232dMsg.c,230,mpf_mfs_readrecn,1,READREC,&fcb,,,"{""EXTERNAL"": 1}",&fcb,,"{""UNRESOLVED"": 1}",True,t-dyn/src/dyn232d/dyn232dMsg.c:8121 mpf_mfs_open_H arg 2 > t-dyn/src/dyn232d/dyn232dMsg.c:8365 mpf_mfs_readrecn handle 1
legacy_resolved_only,mfs_file,/home/chukyu/t-dyn/src/dyn232d/dyn232dMsg.c,241,mpf_mfs_readrecm,1,READREC,&fcb,,,"{""UNREACHABLE"": 1}",&fcb; DynReGrpIdxFNO,3916,"{""ALREADY_PRESENT"": 1, ""OK_CONST"": 1}",True,t-dyn/src/dyn232d/dyn232dMsg.c:8519 mpf_mfs_open_H arg 2 > t-dyn/src/dyn232d/dyn232dMsg.c:8705 mpf_mfs_readrecm handle 1
both_unresolved,mfs_file,/home/chukyu/t-dyn/src/dyn232d/dyn232dMsg.c,245,mpf_mfs_open_H,2,OPEN_LOCK,DynReGrpSetFNO,,,"{""UNREACHABLE"": 1}",,,{},False,
both_unresolved,mfs_file,/home/chukyu/t-dyn/src/dyn232d/dyn232dMsg.c,245,mpf_mfs_open_H,2,READ,,,,{},DynReGrpSetFNO,,"{""OK_CONST"": 1}",True,t-dyn/src/dyn232d/dyn232dMsg.c:8817 mpf_mfs_open_H arg 2
cvisualizer_resolved_only,mfs_file,/home/chukyu/t-dyn/src/dyn232d/dyn232dMsg.c,253,mpf_mfs_readrecn,1,READREC,&fcb,1023,,"{""EXACT"": 1}",&fcb,,"{""OK_CONST"": 1}",True,t-dyn/src/dyn232d/dyn232dMsg.c:8817 mpf_mfs_open_H arg 2 > t-dyn/src/dyn232d/dyn232dMsg.c:9005 mpf_mfs_readrecn handle 1
legacy_resolved_only,mfs_file,/home/chukyu/t-dyn/src/dyn232d/dyn232dMsg.c,262,mpf_mfs_readrecm,1,READREC,&fcb,,,"{""UNREACHABLE"": 1}",&fcb; DynReCtlMntStaFNO,3986,"{""ALREADY_PRESENT"": 1, ""OK_CONST"": 1}",True,t-dyn/src/dyn232d/dyn232dMsg.c:9181 mpf_mfs_open_H arg 2 > t-dyn/src/dyn232d/dyn232dMsg.c:9401 mpf_mfs_readrecm handle 1
legacy_resolved_only,mfs_file,/home/chukyu/t-dyn/src/dyn232d/dyn232dMsg.c,270,mpf_mfs_readrecn,1,READREC,&fcb,,,"{""EXTERNAL"": 1}",&fcb; DynReCtlMntSetFNO,3987,"{""ALREADY_PRESENT"": 1, ""OK_CONST"": 1}",True,t-dyn/src/dyn232d/dyn232dMsg.c:9482 mpf_mfs_open_H arg 2 > t-dyn/src/dyn232d/dyn232dMsg.c:9712 mpf_mfs_readrecn handle 1
legacy_resolved_only,mfs_file,/home/chukyu/t-dyn/src/dyn232d/dyn232dMsg.c,279,mpf_mfs_readrecm,1,READREC,&fcb,,,"{""UNREACHABLE"": 1}",&fcb; DynReKoteMntStaFNO,3989,"{""ALREADY_PRESENT"": 1, ""OK_CONST"": 1}",True,t-dyn/src/dyn232d/dyn232dMsg.c:9886 mpf_mfs_open_H arg 2 > t-dyn/src/dyn232d/dyn232dMsg.c:10108 mpf_mfs_readrecm handle 1
legacy_resolved_only,mfs_file,/home/chukyu/t-dyn/src/dyn232d/dyn232dMsg.c,287,mpf_mfs_readrecn,1,READREC,&fcb,,,"{""EXTERNAL"": 1}",&fcb; DynReKoteMntSetFNO,3990,"{""ALREADY_PRESENT"": 1, ""OK_CONST"": 1}",True,t-dyn/src/dyn232d/dyn232dMsg.c:10190 mpf_mfs_open_H arg 2 > t-dyn/src/dyn232d/dyn232dMsg.c:10412 mpf_mfs_readrecn handle 1
legacy_resolved_only,mfs_file,/home/chukyu/t-dyn/src/dyn232d/dyn232dMsg.c,298,mpf_mfs_readrecn,1,READREC,&fcb,,,"{""EXTERNAL"": 1}",&fcb; DynReKoTeiHtSetFNO,4013,"{""ALREADY_PRESENT"": 1, ""OK_CONST"": 1}",True,t-dyn/src/dyn232d/dyn232dMsg.c:10566 mpf_mfs_open_H arg 2 > t-dyn/src/dyn232d/dyn232dMsg.c:10758 mpf_mfs_readrecn handle 1
both_unresolved,mfs_file,/home/chukyu/t-dyn/src/dyn232d/dyn232dReEneCtl.c,119,mpf_mfs_open_H,2,OPEN_LOCK,DynReITCInfFNO,,,"{""UNREACHABLE"": 1}",,,{},False,
both_unresolved,mfs_file,/home/chukyu/t-dyn/src/dyn232d/dyn232dReEneCtl.c,119,mpf_mfs_open_H,2,READ,,,,{},DynReITCInfFNO,,"{""OK_CONST"": 1}",True,t-dyn/src/dyn232d/dyn232dReEneCtl.c:4675 mpf_mfs_open_H arg 2
cvisualizer_resolved_only,mfs_file,/home/chukyu/t-dyn/src/dyn232d/dyn232dReEneCtl.c,127,mpf_mfs_readrecn,1,READREC,&fcb,1027,,"{""EXACT"": 1}",&fcb,,"{""OK_CONST"": 1}",True,t-dyn/src/dyn232d/dyn232dReEneCtl.c:4675 mpf_mfs_open_H arg 2 > t-dyn/src/dyn232d/dyn232dReEneCtl.c:4907 mpf_mfs_readrecn handle 1
legacy_resolved_only,mfs_file,/home/chukyu/t-dyn/src/dyn232d/dyn232dReEneCtl.c,149,mpf_mfs_readrecm,1,READREC,&fcb,,,"{""UNREACHABLE"": 1}",&fcb; DynReTaikoSetFNO,3909,"{""ALREADY_PRESENT"": 1, ""OK_CONST"": 1}",True,t-dyn/src/dyn232d/dyn232dReEneCtl.c:5340 mpf_mfs_openm_H arg 2 > t-dyn/src/dyn232d/dyn232dReEneCtl.c:5523 mpf_mfs_readrecm handle 1
both_unresolved,mfs_file,/home/chukyu/t-dyn/src/dyn232d/dyn232dReEneCtl.c,163,mpf_mfs_open_H,2,OPEN_LOCK,DynReCtlStaFNO,,,"{""UNREACHABLE"": 1}",,,{},False,
both_unresolved,mfs_file,/home/chukyu/t-dyn/src/dyn232d/dyn232dReEneCtl.c,163,mpf_mfs_open_H,2,READ,,,,{},DynReCtlStaFNO,,"{""OK_CONST"": 1}",True,t-dyn/src/dyn232d/dyn232dReEneCtl.c:5929 mpf_mfs_open_H arg 2
cvisualizer_resolved_only,mfs_file,/home/chukyu/t-dyn/src/dyn232d/dyn232dReEneCtl.c,171,mpf_mfs_readrecn,1,READREC,&fcb,1022,,"{""EXACT"": 1}",&fcb,,"{""OK_CONST"": 1}",True,t-dyn/src/dyn232d/dyn232dReEneCtl.c:5929 mpf_mfs_open_H arg 2 > t-dyn/src/dyn232d/dyn232dReEneCtl.c:6122 mpf_mfs_readrecn handle 1
both_unresolved,mfs_file,/home/chukyu/t-dyn/src/dyn232d/dyn232dReEneCtl.c,176,mpf_mfs_open_H,2,OPEN_LOCK,DynReKansiStaFNO,,,"{""UNREACHABLE"": 1}",,,{},False,
both_unresolved,mfs_file,/home/chukyu/t-dyn/src/dyn232d/dyn232dReEneCtl.c,176,mpf_mfs_open_H,2,READ,,,,{},DynReKansiStaFNO,,"{""OK_CONST"": 1}",True,t-dyn/src/dyn232d/dyn232dReEneCtl.c:6360 mpf_mfs_open_H arg 2
both_unresolved,mfs_file,/home/chukyu/t-dyn/src/dyn232d/dyn232dReEneCtl.c,185,mpf_mfs_readrecn,1,READREC,&fcb_Kansi,,,"{""EXTERNAL"": 1}",&fcb_Kansi,,"{""OK_CONST"": 1}",True,t-dyn/src/dyn232d/dyn232dReEneCtl.c:6360 mpf_mfs_open_H arg 2 > t-dyn/src/dyn232d/dyn232dReEneCtl.c:6592 mpf_mfs_readrecn handle 1
both_unresolved,mfs_file,/home/chukyu/t-dyn/src/dyn232d/dyn232dReEneCtl.c,565,mpf_mfs_open_H,2,OPEN_LOCK,DynReOutKanSetFNO,,,"{""UNREACHABLE"": 1}",,,{},False,
both_unresolved,mfs_file,/home/chukyu/t-dyn/src/dyn232d/dyn232dReEneCtl.c,565,mpf_mfs_open_H,2,READ,,,,{},DynReOutKanSetFNO,,"{""OK_CONST"": 1}",True,t-dyn/src/dyn232d/dyn232dReEneCtl.c:21919 mpf_mfs_open_H arg 2
cvisualizer_resolved_only,mfs_file,/home/chukyu/t-dyn/src/dyn232d/dyn232dReEneCtl.c,568,mpf_mfs_readrecn,1,READREC,&fcb_KanSet,1031,,"{""EXACT"": 1}",&fcb_KanSet,,"{""OK_CONST"": 1}",True,t-dyn/src/dyn232d/dyn232dReEneCtl.c:21919 mpf_mfs_open_H arg 2 > t-dyn/src/dyn232d/dyn232dReEneCtl.c:22048 mpf_mfs_readrecn handle 1
both_unresolved,mfs_file,/home/chukyu/t-dyn/src/dyn232d/dyn232dReEneCtl.c,579,mpf_mfs_open_H,2,OPEN_LOCK,DynRePfmCtlFNO,,,"{""UNREACHABLE"": 1}",,,{},False,
both_unresolved,mfs_file,/home/chukyu/t-dyn/src/dyn232d/dyn232dReEneCtl.c,579,mpf_mfs_open_H,2,READ,,,,{},DynRePfmCtlFNO,,"{""OK_CONST"": 1}",True,t-dyn/src/dyn232d/dyn232dReEneCtl.c:22566 mpf_mfs_open_H arg 2
cvisualizer_resolved_only,mfs_file,/home/chukyu/t-dyn/src/dyn232d/dyn232dReEneCtl.c,582,mpf_mfs_readrecn,1,READREC,&fcb_Pfm,1031,,"{""EXACT"": 1}",&fcb_Pfm,,"{""OK_CONST"": 1}",True,t-dyn/src/dyn232d/dyn232dReEneCtl.c:22566 mpf_mfs_open_H arg 2 > t-dyn/src/dyn232d/dyn232dReEneCtl.c:22690 mpf_mfs_readrecn handle 1
cvisualizer_resolved_only,mfs_file,/home/chukyu/t-dyn/src/dyn232d/dyn232dReEneCtl.c,617,mpf_mfs_writerecn,1,WRITEREC,&fcb_Pfm,1031,,"{""EXACT"": 1}",&fcb_Pfm,,"{""OK_CONST"": 1}",True,t-dyn/src/dyn232d/dyn232dReEneCtl.c:22566 mpf_mfs_open_H arg 2 > t-dyn/src/dyn232d/dyn232dReEneCtl.c:24269 mpf_mfs_writerecn handle 1
cvisualizer_resolved_only,mfs_file,/home/chukyu/t-dyn/src/dyn232d/dyn232dReEneCtl.c,628,mpf_mfs_writerecn,1,WRITEREC,&fcb,1022; 1027; 1031; 3911,,"{""EXACT"": 5, ""EXTERNAL"": 1}",&fcb,,"{""OK_CONST"": 1}",True,t-dyn/src/dyn232d/dyn232dReEneCtl.c:24565 mpf_mfs_writerecn handle 1
cvisualizer_resolved_only,mfs_file,/home/chukyu/t-dyn/src/dyn232d/dyn232dReEneCtl.c,631,mpf_mfs_writerecn,1,WRITEREC,&fcb_Kansi,1022; 1027; 1031; 3911,,"{""EXACT"": 5, ""EXTERNAL"": 1}",&fcb_Kansi,,"{""OK_CONST"": 1}",True,t-dyn/src/dyn232d/dyn232dReEneCtl.c:24703 mpf_mfs_writerecn handle 1
both_unresolved,mfs_file,/home/chukyu/t-dyn/src/dyn234d/dyn234dAdvCtl.c,195,mpf_mfs_open_H,2,OPEN_LOCK,DynReCtlStaFNO,,,"{""UNREACHABLE"": 1}",,,{},False,
both_unresolved,mfs_file,/home/chukyu/t-dyn/src/dyn234d/dyn234dAdvCtl.c,195,mpf_mfs_open_H,2,READ,,,,{},DynReCtlStaFNO,,"{""OK_CONST"": 1}",True,t-dyn/src/dyn234d/dyn234dAdvCtl.c:6113 mpf_mfs_open_H arg 2
cvisualizer_resolved_only,mfs_file,/home/chukyu/t-dyn/src/dyn234d/dyn234dAdvCtl.c,204,mpf_mfs_readrecn,1,READREC,&fcb_ReEne,1022,,"{""EXACT"": 1}",&fcb_ReEne,,"{""OK_CONST"": 1}",True,t-dyn/src/dyn234d/dyn234dAdvCtl.c:6113 mpf_mfs_open_H arg 2 > t-dyn/src/dyn234d/dyn234dAdvCtl.c:6324 mpf_mfs_readrecn handle 1
both_unresolved,mfs_file,/home/chukyu/t-dyn/src/dyn234d/dyn234dAdvCtl.c,208,mpf_mfs_open_H,2,OPEN_LOCK,iFnoInd,,,"{""UNREACHABLE"": 1}",,,{},False,
legacy_resolved_only,mfs_file,/home/chukyu/t-dyn/src/dyn234d/dyn234dAdvCtl.c,208,mpf_mfs_open_H,2,READ,,,,{},DynAdvCtlStaITkFNO; iFnoInd,3914,"{""ADDED"": 1, ""OK_CONST"": 2}",True,t-dyn/src/dyn234d/dyn234dAdvCtl.c:6486 mpf_mfs_open_H arg 2
disjoint,mfs_file,/home/chukyu/t-dyn/src/dyn234d/dyn234dAdvCtl.c,216,mpf_mfs_readrecn,1,READREC,&fcb_AdvInd,0,0,"{""EXACT"": 1, ""EXTERNAL"": 1, ""UNRESOLVED"": 1}",&fcb_AdvInd; DynAdvCtlStaITkFNO,3914,"{""ADDED"": 1, ""OK_CONST"": 2}",True,t-dyn/src/dyn234d/dyn234dAdvCtl.c:6486 mpf_mfs_open_H arg 2 > t-dyn/src/dyn234d/dyn234dAdvCtl.c:6677 mpf_mfs_readrecn handle 1
both_unresolved,mfs_file,/home/chukyu/t-dyn/src/dyn234d/dyn234dAdvCtl.c,407,mpf_mfs_open_H,2,OPEN_LOCK,iFnoInd,,,"{""UNREACHABLE"": 1}",,,{},False,
both_unresolved,mfs_file,/home/chukyu/t-dyn/src/dyn234d/dyn234dAdvCtl.c,415,mpf_mfs_readrecn,1,READREC,&fcb_AdvInd,,,"{""EXTERNAL"": 1, ""UNRESOLVED"": 1}",,,{},False,
both_unresolved,mfs_file,/home/chukyu/t-dyn/src/dyn234d/dyn234dAdvCtl.c,446,mpf_mfs_open_H,2,OPEN_LOCK,iFnoInd,,,"{""UNREACHABLE"": 1}",,,{},False,
both_unresolved,mfs_file,/home/chukyu/t-dyn/src/dyn234d/dyn234dAdvCtl.c,455,mpf_mfs_writerecn,1,WRITEREC,&fcb_AdvInd,,,"{""EXTERNAL"": 1, ""UNRESOLVED"": 1}",,,{},False,
both_unresolved,mfs_file,/home/chukyu/t-dyn/src/dyn234d/dyn234dAdvCtl.c,559,mpf_mfs_readrecn,1,READREC,&fcb_AdvCmn,,,"{""UNRESOLVED"": 1}",,,{},False,
cvisualizer_resolved_only,mfs_file,/home/chukyu/t-dyn/src/dyn234d/dyn234dAdvCtl.c,573,mpf_mfs_readrecn,1,READREC,&fcb_AdvCmn,1036,,"{""EXACT"": 1}",,,{},False,
both_unresolved,mfs_file,/home/chukyu/t-dyn/src/dyn234d/dyn234dAdvCtl.c,578,mpf_mfs_open_H,2,OPEN_LOCK,iFnoInd,,,"{""UNREACHABLE"": 1}",,,{},False,
both_unresolved,mfs_file,/home/chukyu/t-dyn/src/dyn234d/dyn234dAdvCtl.c,586,mpf_mfs_readrecn,1,READREC,&fcb_AdvInd,,,"{""EXTERNAL"": 1, ""UNRESOLVED"": 1}",,,{},False,
both_unresolved,mfs_file,/home/chukyu/t-dyn/src/dyn234d/dyn234dAdvCtl.c,603,mpf_mfs_open_H,2,OPEN_LOCK,DynReCtlStaFNO,,,"{""UNREACHABLE"": 1}",,,{},False,
cvisualizer_resolved_only,mfs_file,/home/chukyu/t-dyn/src/dyn234d/dyn234dAdvCtl.c,611,mpf_mfs_readrecn,1,READREC,&fcb_ReEne,1022,,"{""EXACT"": 1}",,,{},False,
both_unresolved,mfs_file,/home/chukyu/t-dyn/src/dyn234d/dyn234dAdvCtl.c,677,mpf_mfs_writerecn,1,WRITEREC,&fcb_AdvCmn,,,"{""EXTERNAL"": 1}",,,{},False,
cvisualizer_resolved_only,mfs_file,/home/chukyu/t-dyn/src/dyn234d/dyn234dAdvCtl.c,690,mpf_mfs_writerecn,1,WRITEREC,&fcb_AdvCmn,1031,,"{""EXACT"": 1}",,,{},False,
both_unresolved,mfs_file,/home/chukyu/t-dyn/src/dyn234d/dyn234dAdvCtl.c,696,mpf_mfs_open_H,2,OPEN_LOCK,iFnoInd,,,"{""UNREACHABLE"": 1}",,,{},False,
cvisualizer_resolved_only,mfs_file,/home/chukyu/t-dyn/src/dyn234d/dyn234dAdvCtl.c,705,mpf_mfs_writerecn,1,WRITEREC,&fcb_AdvInd,3947,,"{""EXACT"": 1, ""UNRESOLVED"": 1}",,,{},False,
both_unresolved,mfs_file,/home/chukyu/t-dyn/src/dyn234d/dyn234dAdvCtl.c,719,mpf_mfs_readrecm,1,READREC,&fcb_AdvLog,,,"{""UNREACHABLE"": 1}",,,{},False,
both_unresolved,mfs_file,/home/chukyu/t-dyn/src/dyn234d/dyn234dAdvCtl.c,764,mpf_mfs_writerecm,1,WRITEREC,&fcb_AdvLog,,,"{""UNREACHABLE"": 1}",,,{},False,
both_unresolved,mfs_file,/home/chukyu/t-dyn/src/dyn234d/dyn234dAdvCtl.c,850,mpf_mfs_readrecn,1,READREC,&fcb_Adv,,,"{""UNRESOLVED"": 1}",,,{},False,
cvisualizer_resolved_only,mfs_file,/home/chukyu/t-dyn/src/dyn234d/dyn234dAdvCtl.c,865,mpf_mfs_readrecn,1,READREC,&fcb_Adv,1031,,"{""EXACT"": 1}",,,{},False,
cvisualizer_resolved_only,mfs_file,/home/chukyu/t-dyn/src/dyn234d/dyn234dAdvCtl.c,920,mpf_mfs_writerecn,1,WRITEREC,&fcb_Adv,3911,,"{""EXACT"": 1}",,,{},False,
cvisualizer_resolved_only,mfs_file,/home/chukyu/t-dyn/src/dyn234d/dyn234dAdvCtl.c,936,mpf_mfs_writerecn,1,WRITEREC,&fcb_Adv,1031,,"{""EXACT"": 1}",,,{},False,
cvisualizer_resolved_only,mfs_file,/home/chukyu/t-dyn/src/dyn234d/dyn234dAdvCtl.c,1001,mpf_mfs_writerecn,1,WRITEREC,&fcb_Adv,1646,,"{""EXACT"": 1}",,,{},False,
cvisualizer_resolved_only,mfs_file,/home/chukyu/t-dyn/src/dyn234d/dyn234dAdvCtl.c,1022,mpf_mfs_writerecn,1,WRITEREC,&fcb_Adv,1031,,"{""EXACT"": 1}",,,{},False,
both_unresolved,mfs_file,/home/chukyu/t-dyn/src/dyn234d/dyn234dAdvCtl.c,1081,mpf_mfs_readrecm,1,READREC,&fcb,,,"{""UNREACHABLE"": 1}",,,{},False,
both_unresolved,mfs_file,/home/chukyu/t-dyn/src/dyn234d/dyn234dAdvCtl.c,1086,mpf_mfs_open_H,2,OPEN_LOCK,DynReGrpSetFNO,,,"{""UNREACHABLE"": 1}",,,{},False,
cvisualizer_resolved_only,mfs_file,/home/chukyu/t-dyn/src/dyn234d/dyn234dAdvCtl.c,1092,mpf_mfs_readrecn,1,READREC,&fcb,1023,,"{""EXACT"": 1}",,,{},False,
both_unresolved,mfs_file,/home/chukyu/t-dyn/src/dyn234d/dyn234dAdvCtl.c,1207,mpf_mfs_writerecn,1,WRITEREC,&fcb_Adv,,,"{""EXTERNAL"": 1}",,,{},False,
cvisualizer_resolved_only,mfs_file,/home/chukyu/t-dyn/src/dyn234d/dyn234dAdvCtl.c,1223,mpf_mfs_writerecn,1,WRITEREC,&fcb_Adv,1036,,"{""EXACT"": 1}",,,{},False,
disjoint,mfs_file,/home/chukyu/t-dyn/src/dyn234d/dyn234dAdvCtl.c,1412,mpf_mfs_readrecn,1,READREC,&fcb_Adv,3911,,"{""EXACT"": 1}",&fcb_Adv; DynAdvCtlStaCTkFNO,3913,"{""ALREADY_PRESENT"": 1, ""OK_CONST"": 1}",True,t-dyn/src/dyn234d/dyn234dAdvCtl.c:46658 mpf_mfs_open_H arg 2 > t-dyn/src/dyn234d/dyn234dAdvCtl.c:46874 mpf_mfs_readrecn handle 1
legacy_resolved_only,mfs_file,/home/chukyu/t-dyn/src/dyn234d/dyn234dAdvCtl.c,1487,mpf_mfs_writerecn,1,WRITEREC,&fcb_Adv,,,"{""EXTERNAL"": 1}",&fcb_Adv; DynAdvCtlStaCTkFNO,3913,"{""ALREADY_PRESENT"": 1, ""OK_CONST"": 1}",True,t-dyn/src/dyn234d/dyn234dAdvCtl.c:49448 mpf_mfs_open_H arg 2 > t-dyn/src/dyn234d/dyn234dAdvCtl.c:49748 mpf_mfs_writerecn handle 1
disjoint,mfs_file,/home/chukyu/t-dyn/src/dyn234d/dyn234dAdvCtl.c,1503,mpf_mfs_readrecn,1,READREC,&fcb_Adv,1031,,"{""EXACT"": 1}",&fcb_Adv; DynAdvCtlStaCmnFNO,1037,"{""ALREADY_PRESENT"": 1, ""OK_CONST"": 1}",True,t-dyn/src/dyn234d/dyn234dAdvCtl.c:49999 mpf_mfs_open_H arg 2 > t-dyn/src/dyn234d/dyn234dAdvCtl.c:50215 mpf_mfs_readrecn handle 1
disjoint,mfs_file,/home/chukyu/t-dyn/src/dyn234d/dyn234dAdvCtl.c,1539,mpf_mfs_writerecn,1,WRITEREC,&fcb_Adv,1031,,"{""EXACT"": 1}",&fcb_Adv; DynAdvCtlStaCmnFNO,1037,"{""ALREADY_PRESENT"": 1, ""OK_CONST"": 1}",True,t-dyn/src/dyn234d/dyn234dAdvCtl.c:51116 mpf_mfs_open_H arg 2 > t-dyn/src/dyn234d/dyn234dAdvCtl.c:51416 mpf_mfs_writerecn handle 1
legacy_resolved_only,mfs_file,/home/chukyu/t-dyn/src/dyn234d/dyn234dAdvCtl.c,1644,mpf_mfs_readrecn,1,READREC,&fcb_Adv,,,"{""EXTERNAL"": 1}",&fcb_Adv; DynAdvCtlStaCTkFNO,3913,"{""ALREADY_PRESENT"": 1, ""OK_CONST"": 1}",True,t-dyn/src/dyn234d/dyn234dAdvCtl.c:54077 mpf_mfs_open_H arg 2 > t-dyn/src/dyn234d/dyn234dAdvCtl.c:54294 mpf_mfs_readrecn handle 1
legacy_resolved_only,mfs_file,/home/chukyu/t-dyn/src/dyn234d/dyn234dAdvCtl.c,1648,mpf_mfs_writerecn,1,WRITEREC,&fcb_Adv,,,"{""EXTERNAL"": 1}",&fcb_Adv; DynAdvCtlStaCTkFNO,3913,"{""ALREADY_PRESENT"": 1, ""OK_CONST"": 1}",True,t-dyn/src/dyn234d/dyn234dAdvCtl.c:54077 mpf_mfs_open_H arg 2 > t-dyn/src/dyn234d/dyn234dAdvCtl.c:54459 mpf_mfs_writerecn handle 1
disjoint,mfs_file,/home/chukyu/t-dyn/src/dyn234d/dyn234dAdvCtl.c,1663,mpf_mfs_readrecn,1,READREC,&fcb_Adv,1031,,"{""EXACT"": 1}",&fcb_Adv; DynAdvCtlStaCmnFNO,1037,"{""ALREADY_PRESENT"": 1, ""OK_CONST"": 1}",True,t-dyn/src/dyn234d/dyn234dAdvCtl.c:54692 mpf_mfs_open_H arg 2 > t-dyn/src/dyn234d/dyn234dAdvCtl.c:54909 mpf_mfs_readrecn handle 1
disjoint,mfs_file,/home/chukyu/t-dyn/src/dyn234d/dyn234dAdvCtl.c,1667,mpf_mfs_writerecn,1,WRITEREC,&fcb_Adv,1031,,"{""EXACT"": 1}",&fcb_Adv; DynAdvCtlStaCmnFNO,1037,"{""ALREADY_PRESENT"": 1, ""OK_CONST"": 1}",True,t-dyn/src/dyn234d/dyn234dAdvCtl.c:54692 mpf_mfs_open_H arg 2 > t-dyn/src/dyn234d/dyn234dAdvCtl.c:55070 mpf_mfs_writerecn handle 1
both_unresolved,mfs_file,/home/chukyu/t-dyn/src/dyn235d/dyn235dReEneCtl.c,91,mpf_mfs_open_H,2,OPEN_LOCK,DynReITCInfFNO,,,"{""UNREACHABLE"": 1}",,,{},False,
both_unresolved,mfs_file,/home/chukyu/t-dyn/src/dyn235d/dyn235dReEneCtl.c,91,mpf_mfs_open_H,2,READ,,,,{},DynReITCInfFNO,,"{""OK_CONST"": 1}",True,t-dyn/src/dyn235d/dyn235dReEneCtl.c:3294 mpf_mfs_open_H arg 2
cvisualizer_resolved_only,mfs_file,/home/chukyu/t-dyn/src/dyn235d/dyn235dReEneCtl.c,99,mpf_mfs_readrecn,1,READREC,&fcb,1027,,"{""EXACT"": 1}",&fcb,,"{""OK_CONST"": 1}",True,t-dyn/src/dyn235d/dyn235dReEneCtl.c:3294 mpf_mfs_open_H arg 2 > t-dyn/src/dyn235d/dyn235dReEneCtl.c:3526 mpf_mfs_readrecn handle 1
both_unresolved,mfs_file,/home/chukyu/t-dyn/src/dyn235d/dyn235dReEneCtl.c,118,mpf_mfs_open_H,2,OPEN_LOCK,DynReCtlStaFNO,,,"{""UNREACHABLE"": 1}",,,{},False,
both_unresolved,mfs_file,/home/chukyu/t-dyn/src/dyn235d/dyn235dReEneCtl.c,118,mpf_mfs_open_H,2,READ,,,,{},DynReCtlStaFNO,,"{""OK_CONST"": 1}",True,t-dyn/src/dyn235d/dyn235dReEneCtl.c:4062 mpf_mfs_open_H arg 2
cvisualizer_resolved_only,mfs_file,/home/chukyu/t-dyn/src/dyn235d/dyn235dReEneCtl.c,126,mpf_mfs_readrecn,1,READREC,&fcb,1022,,"{""EXACT"": 1}",&fcb,,"{""OK_CONST"": 1}",True,t-dyn/src/dyn235d/dyn235dReEneCtl.c:4062 mpf_mfs_open_H arg 2 > t-dyn/src/dyn235d/dyn235dReEneCtl.c:4255 mpf_mfs_readrecn handle 1
both_unresolved,mfs_file,/home/chukyu/t-dyn/src/dyn235d/dyn235dReEneCtl.c,129,mpf_mfs_open_H,2,OPEN_LOCK,DynReKansiStaFNO,,,"{""UNREACHABLE"": 1}",,,{},False,
both_unresolved,mfs_file,/home/chukyu/t-dyn/src/dyn235d/dyn235dReEneCtl.c,129,mpf_mfs_open_H,2,READ,,,,{},DynReKansiStaFNO,,"{""OK_CONST"": 1}",True,t-dyn/src/dyn235d/dyn235dReEneCtl.c:4384 mpf_mfs_open_H arg 2
cvisualizer_resolved_only,mfs_file,/home/chukyu/t-dyn/src/dyn235d/dyn235dReEneCtl.c,138,mpf_mfs_readrecn,1,READREC,&fcb_Kansi,1037,,"{""EXACT"": 1}",&fcb_Kansi,,"{""OK_CONST"": 1}",True,t-dyn/src/dyn235d/dyn235dReEneCtl.c:4384 mpf_mfs_open_H arg 2 > t-dyn/src/dyn235d/dyn235dReEneCtl.c:4616 mpf_mfs_readrecn handle 1
legacy_resolved_only,mfs_file,/home/chukyu/t-dyn/src/dyn235d/dyn235dReEneCtl.c,151,mpf_mfs_readrecn,1,READREC,&fcb_Alzn,,,"{""EXTERNAL"": 1}",&fcb_Alzn; DynReCtlStaAlznFNO,4012,"{""ALREADY_PRESENT"": 1, ""OK_CONST"": 1}",True,t-dyn/src/dyn235d/dyn235dReEneCtl.c:4764 mpf_mfs_open_H arg 2 > t-dyn/src/dyn235d/dyn235dReEneCtl.c:5034 mpf_mfs_readrecn handle 1
cvisualizer_resolved_only,mfs_file,/home/chukyu/t-dyn/src/dyn235d/dyn235dReEneCtl.c,299,mpf_mfs_writerecn,1,WRITEREC,&fcb,1022; 1027; 1037,,"{""EXACT"": 3, ""EXTERNAL"": 1}",&fcb,,"{""OK_CONST"": 1}",True,t-dyn/src/dyn235d/dyn235dReEneCtl.c:9780 mpf_mfs_writerecn handle 1
both_unresolved,mfs_file,/home/chukyu/t-dyn/src/dyn235d/dyn235dReEneCtl.c,301,mpf_mfs_writerecn,1,WRITEREC,&fcb_Kansi,,,"{""UNRESOLVED"": 1}",&fcb_Kansi,,"{""OK_CONST"": 1}",True,t-dyn/src/dyn235d/dyn235dReEneCtl.c:9876 mpf_mfs_writerecn handle 1
disjoint,mfs_file,/home/chukyu/t-dyn/src/dyn235d/dyn235dReEneCtl.c,303,mpf_mfs_writerecn,1,WRITEREC,&fcb_Alzn,1022; 1027; 1037,,"{""EXACT"": 3, ""EXTERNAL"": 1}",&fcb_Alzn; DynReCtlStaAlznFNO,4012,"{""ALREADY_PRESENT"": 1, ""OK_CONST"": 1}",True,t-dyn/src/dyn235d/dyn235dReEneCtl.c:9986 mpf_mfs_writerecn handle 1
both_unresolved,mfs_file,/home/chukyu/t-dyn/src/dyn240d/dyn240d.c,150,mpf_mfs_open_H,2,OPEN_LOCK,DynReSndStaDFSFNO,,,"{""UNREACHABLE"": 1}",,,{},False,
both_unresolved,mfs_file,/home/chukyu/t-dyn/src/dyn240d/dyn240d.c,150,mpf_mfs_open_H,2,READ,,,,{},DynReSndStaDFSFNO,,"{""OK_CONST"": 1}",True,t-dyn/src/dyn240d/dyn240d.c:6295 mpf_mfs_open_H arg 2
both_unresolved,mfs_file,/home/chukyu/t-dyn/src/dyn240d/dyn240d.c,161,mpf_mfs_readrecn,1,READREC,&fcb,,,"{""UNRESOLVED"": 1}",&fcb,,"{""OK_CONST"": 1}",True,t-dyn/src/dyn240d/dyn240d.c:6295 mpf_mfs_open_H arg 2 > t-dyn/src/dyn240d/dyn240d.c:6586 mpf_mfs_readrecn handle 1
both_unresolved,mfs_file,/home/chukyu/t-dyn/src/dyn240d/dyn240d.c,177,mpf_mfs_writerecn,1,WRITEREC,&fcb,,,"{""UNRESOLVED"": 1}",&fcb,,"{""OK_CONST"": 1}",True,t-dyn/src/dyn240d/dyn240d.c:6295 mpf_mfs_open_H arg 2 > t-dyn/src/dyn240d/dyn240d.c:7513 mpf_mfs_writerecn handle 1
both_unresolved,mfs_file,/home/chukyu/t-dyn/src/dyn251d/dyn251d.c,127,mpf_mfs_open_H,2,OPEN_LOCK,DynReSndStaDFSFNO,,,"{""UNREACHABLE"": 1}",,,{},False,
both_unresolved,mfs_file,/home/chukyu/t-dyn/src/dyn251d/dyn251d.c,127,mpf_mfs_open_H,2,READ,,,,{},DynReSndStaDFSFNO,,"{""OK_CONST"": 1}",True,t-dyn/src/dyn251d/dyn251d.c:6028 mpf_mfs_open_H arg 2
both_unresolved,mfs_file,/home/chukyu/t-dyn/src/dyn251d/dyn251d.c,135,mpf_mfs_readrecn,1,READREC,&fcb,,,"{""UNRESOLVED"": 1}",&fcb,,"{""OK_CONST"": 1}",True,t-dyn/src/dyn251d/dyn251d.c:6028 mpf_mfs_open_H arg 2 > t-dyn/src/dyn251d/dyn251d.c:6236 mpf_mfs_readrecn handle 1
both_unresolved,mfs_file,/home/chukyu/t-dyn/src/dyn251d/dyn251d.c,175,mpf_mfs_writerecn,1,WRITEREC,&fcb,,,"{""UNRESOLVED"": 1}",&fcb,,"{""OK_CONST"": 1}",True,t-dyn/src/dyn251d/dyn251d.c:6028 mpf_mfs_open_H arg 2 > t-dyn/src/dyn251d/dyn251d.c:8236 mpf_mfs_writerecn handle 1
legacy_resolved_only,mfs_file,/home/chukyu/t-dyn/src/dyn255d/dyn255d.c,100,mpf_mfs_readrecm,1,READREC,&fcb,,,"{""UNREACHABLE"": 1}",&fcb; DynReAtEmeSvStaFNO,1342,"{""ALREADY_PRESENT"": 1, ""OK_CONST"": 1}",True,t-dyn/src/dyn255d/dyn255d.c:4462 mpf_mfs_openm_H arg 2 > t-dyn/src/dyn255d/dyn255d.c:4648 mpf_mfs_readrecm handle 1
both_unresolved,mfs_file,/home/chukyu/t-dyn/src/dyn260/dyn260Main.c,108,mpf_mfs_open_H,2,OPEN_LOCK,DynReGrpSetFNO,,,"{""UNREACHABLE"": 1}",,,{},False,
both_unresolved,mfs_file,/home/chukyu/t-dyn/src/dyn260/dyn260Main.c,108,mpf_mfs_open_H,2,READ,,,,{},DynReGrpSetFNO,,"{""OK_CONST"": 1}",True,t-dyn/src/dyn260/dyn260Main.c:4567 mpf_mfs_open_H arg 2
cvisualizer_resolved_only,mfs_file,/home/chukyu/t-dyn/src/dyn260/dyn260Main.c,113,mpf_mfs_readrecn,1,READREC,&fcb,1023,,"{""EXACT"": 1}",&fcb,,"{""OK_CONST"": 1}",True,t-dyn/src/dyn260/dyn260Main.c:4567 mpf_mfs_open_H arg 2 > t-dyn/src/dyn260/dyn260Main.c:4727 mpf_mfs_readrecn handle 1
legacy_resolved_only,mfs_file,/home/chukyu/t-dyn/src/dyn260/dyn260Main.c,122,mpf_mfs_readrecm,1,READREC,&fcb,,,"{""UNREACHABLE"": 1}",&fcb; DynReGrpIdxFNO,3916,"{""ALREADY_PRESENT"": 1, ""OK_CONST"": 1}",True,t-dyn/src/dyn260/dyn260Main.c:4863 mpf_mfs_open_H arg 2 > t-dyn/src/dyn260/dyn260Main.c:5025 mpf_mfs_readrecm handle 1
legacy_resolved_only,mfs_file,/home/chukyu/t-dyn/src/dyn260/dyn260Main.c,131,mpf_mfs_readrecm,1,READREC,&fcb,,,"{""UNREACHABLE"": 1}",&fcb; DynReCtlMntStaFNO,3986,"{""ALREADY_PRESENT"": 1, ""OK_CONST"": 1}",True,t-dyn/src/dyn260/dyn260Main.c:5174 mpf_mfs_open_H arg 2 > t-dyn/src/dyn260/dyn260Main.c:5338 mpf_mfs_readrecm handle 1
legacy_resolved_only,mfs_file,/home/chukyu/t-dyn/src/dyn260/dyn260Main.c,140,mpf_mfs_readrecn,1,READREC,&fcb,,,"{""UNRESOLVED"": 1}",&fcb; DynReCtlMntSetFNO,3987,"{""ALREADY_PRESENT"": 1, ""OK_CONST"": 1}",True,t-dyn/src/dyn260/dyn260Main.c:5470 mpf_mfs_open_H arg 2 > t-dyn/src/dyn260/dyn260Main.c:5654 mpf_mfs_readrecn handle 1
legacy_resolved_only,mfs_file,/home/chukyu/t-dyn/src/dyn260/dyn260Main.c,149,mpf_mfs_readrecm,1,READREC,&fcb,,,"{""UNREACHABLE"": 1}",&fcb; DynReKoteMntStaFNO,3989,"{""ALREADY_PRESENT"": 1, ""OK_CONST"": 1}",True,t-dyn/src/dyn260/dyn260Main.c:5840 mpf_mfs_open_H arg 2 > t-dyn/src/dyn260/dyn260Main.c:6005 mpf_mfs_readrecm handle 1
legacy_resolved_only,mfs_file,/home/chukyu/t-dyn/src/dyn260/dyn260Main.c,156,mpf_mfs_readrecn,1,READREC,&fcb,,,"{""UNRESOLVED"": 1}",&fcb; DynReKoteMntSetFNO,3990,"{""ALREADY_PRESENT"": 1, ""OK_CONST"": 1}",True,t-dyn/src/dyn260/dyn260Main.c:6089 mpf_mfs_open_H arg 2 > t-dyn/src/dyn260/dyn260Main.c:6254 mpf_mfs_readrecn handle 1
disjoint,mfs_file,/home/chukyu/t-dyn/src/dyn260/dyn260Main.c,165,mpf_mfs_readrecn,1,READREC,&fcb,3919,,"{""EXACT"": 1}",&fcb; DynReKoTeiHtSetFNO,4013,"{""ALREADY_PRESENT"": 1, ""OK_CONST"": 1}",True,t-dyn/src/dyn260/dyn260Main.c:6419 mpf_mfs_open_H arg 2 > t-dyn/src/dyn260/dyn260Main.c:6583 mpf_mfs_readrecn handle 1
legacy_resolved_only,mfs_file,/home/chukyu/t-dyn/src/dyn260/dyn260Main.c,254,mpf_mfs_writerecm,1,WRITEREC,&fcb,,,"{""UNREACHABLE"": 1}",&fcb; DynReSchCsvRedFNO,1034,"{""ALREADY_PRESENT"": 1, ""OK_CONST"": 1}",True,t-dyn/src/dyn260/dyn260Main.c:9188 mpf_mfs_open_H arg 2 > t-dyn/src/dyn260/dyn260Main.c:9356 mpf_mfs_writerecm handle 1
both_unresolved,mfs_file,/home/chukyu/t-dyn/src/dyn261/dyn261Main.c,134,mpf_mfs_open_H,2,OPEN_LOCK,DynReGrpSetFNO,,,"{""UNREACHABLE"": 1}",,,{},False,
both_unresolved,mfs_file,/home/chukyu/t-dyn/src/dyn261/dyn261Main.c,134,mpf_mfs_open_H,2,READ,,,,{},DynReGrpSetFNO,,"{""OK_CONST"": 1}",True,t-dyn/src/dyn261/dyn261Main.c:4983 mpf_mfs_open_H arg 2
cvisualizer_resolved_only,mfs_file,/home/chukyu/t-dyn/src/dyn261/dyn261Main.c,139,mpf_mfs_readrecn,1,READREC,&fcb,1023,,"{""EXACT"": 1}",&fcb,,"{""OK_CONST"": 1}",True,t-dyn/src/dyn261/dyn261Main.c:4983 mpf_mfs_open_H arg 2 > t-dyn/src/dyn261/dyn261Main.c:5143 mpf_mfs_readrecn handle 1
legacy_resolved_only,mfs_file,/home/chukyu/t-dyn/src/dyn261/dyn261Main.c,148,mpf_mfs_readrecm,1,READREC,&fcb,,,"{""UNREACHABLE"": 1}",&fcb; DynReGrpIdxFNO,3916,"{""ALREADY_PRESENT"": 1, ""OK_CONST"": 1}",True,t-dyn/src/dyn261/dyn261Main.c:5279 mpf_mfs_open_H arg 2 > t-dyn/src/dyn261/dyn261Main.c:5441 mpf_mfs_readrecm handle 1
legacy_resolved_only,mfs_file,/home/chukyu/t-dyn/src/dyn261/dyn261Main.c,157,mpf_mfs_readrecm,1,READREC,&fcb,,,"{""UNREACHABLE"": 1}",&fcb; DynReCtlMntStaFNO,3986,"{""ALREADY_PRESENT"": 1, ""OK_CONST"": 1}",True,t-dyn/src/dyn261/dyn261Main.c:5590 mpf_mfs_open_H arg 2 > t-dyn/src/dyn261/dyn261Main.c:5754 mpf_mfs_readrecm handle 1
legacy_resolved_only,mfs_file,/home/chukyu/t-dyn/src/dyn261/dyn261Main.c,166,mpf_mfs_readrecn,1,READREC,&fcb,,,"{""UNRESOLVED"": 1}",&fcb; DynReCtlMntSetFNO,3987,"{""ALREADY_PRESENT"": 1, ""OK_CONST"": 1}",True,t-dyn/src/dyn261/dyn261Main.c:5886 mpf_mfs_open_H arg 2 > t-dyn/src/dyn261/dyn261Main.c:6070 mpf_mfs_readrecn handle 1
legacy_resolved_only,mfs_file,/home/chukyu/t-dyn/src/dyn261/dyn261Main.c,175,mpf_mfs_readrecm,1,READREC,&fcb,,,"{""UNREACHABLE"": 1}",&fcb; DynReKoteMntStaFNO,3989,"{""ALREADY_PRESENT"": 1, ""OK_CONST"": 1}",True,t-dyn/src/dyn261/dyn261Main.c:6256 mpf_mfs_open_H arg 2 > t-dyn/src/dyn261/dyn261Main.c:6421 mpf_mfs_readrecm handle 1
legacy_resolved_only,mfs_file,/home/chukyu/t-dyn/src/dyn261/dyn261Main.c,182,mpf_mfs_readrecn,1,READREC,&fcb,,,"{""UNRESOLVED"": 1}",&fcb; DynReKoteMntSetFNO,3990,"{""ALREADY_PRESENT"": 1, ""OK_CONST"": 1}",True,t-dyn/src/dyn261/dyn261Main.c:6505 mpf_mfs_open_H arg 2 > t-dyn/src/dyn261/dyn261Main.c:6670 mpf_mfs_readrecn handle 1
disjoint,mfs_file,/home/chukyu/t-dyn/src/dyn261/dyn261Main.c,191,mpf_mfs_readrecn,1,READREC,&fcb,1468,,"{""EXACT"": 1}",&fcb; DynReKoTeiHtSetFNO,4013,"{""ALREADY_PRESENT"": 1, ""OK_CONST"": 1}",True,t-dyn/src/dyn261/dyn261Main.c:6835 mpf_mfs_open_H arg 2 > t-dyn/src/dyn261/dyn261Main.c:6999 mpf_mfs_readrecn handle 1
legacy_resolved_only,mfs_file,/home/chukyu/t-dyn/src/dyn261/dyn261Main.c,289,mpf_mfs_writerecm,1,WRITEREC,&fcb,,,"{""UNREACHABLE"": 1}",&fcb; DynReSchCsvRed2FNO,1500,"{""ALREADY_PRESENT"": 1, ""OK_CONST"": 1}",True,t-dyn/src/dyn261/dyn261Main.c:9783 mpf_mfs_open_H arg 2 > t-dyn/src/dyn261/dyn261Main.c:9952 mpf_mfs_writerecm handle 1
legacy_resolved_only,mfs_file,/home/chukyu/t-dyn/src/dyn262/dyn262Main.c,95,mpf_mfs_readrecm,1,READREC,&fcb,,,"{""UNREACHABLE"": 1}",&fcb; DynReTaikoSetFNO,3909,"{""ALREADY_PRESENT"": 1, ""OK_CONST"": 1}",True,t-dyn/src/dyn262/dyn262Main.c:3659 mpf_mfs_openm_H arg 2 > t-dyn/src/dyn262/dyn262Main.c:3725 mpf_mfs_readrecm handle 1
legacy_resolved_only,mfs_file,/home/chukyu/t-dyn/src/dyn262/dyn262Main.c,112,mpf_mfs_readrecm,1,READREC,&fcb,,,"{""UNREACHABLE"": 1}",&fcb; DynReGrpIdxFNO,3916,"{""ALREADY_PRESENT"": 1, ""OK_CONST"": 1}",True,t-dyn/src/dyn262/dyn262Main.c:4113 mpf_mfs_open_H arg 2 > t-dyn/src/dyn262/dyn262Main.c:4275 mpf_mfs_readrecm handle 1
legacy_resolved_only,mfs_file,/home/chukyu/t-dyn/src/dyn262/dyn262Main.c,121,mpf_mfs_readrecm,1,READREC,&fcb,,,"{""UNREACHABLE"": 1}",&fcb; DynReCtlMntStaFNO,3986,"{""ALREADY_PRESENT"": 1, ""OK_CONST"": 1}",True,t-dyn/src/dyn262/dyn262Main.c:4424 mpf_mfs_open_H arg 2 > t-dyn/src/dyn262/dyn262Main.c:4588 mpf_mfs_readrecm handle 1
legacy_resolved_only,mfs_file,/home/chukyu/t-dyn/src/dyn262/dyn262Main.c,130,mpf_mfs_readrecn,1,READREC,&fcb,,,"{""UNRESOLVED"": 1}",&fcb; DynReCtlMntSetFNO,3987,"{""ALREADY_PRESENT"": 1, ""OK_CONST"": 1}",True,t-dyn/src/dyn262/dyn262Main.c:4720 mpf_mfs_open_H arg 2 > t-dyn/src/dyn262/dyn262Main.c:4904 mpf_mfs_readrecn handle 1
legacy_resolved_only,mfs_file,/home/chukyu/t-dyn/src/dyn262/dyn262Main.c,216,mpf_mfs_writerecm,1,WRITEREC,&fcb,,,"{""UNREACHABLE"": 1}",&fcb; DynReGstCsvRedFNO,3901,"{""ALREADY_PRESENT"": 1, ""OK_CONST"": 1}",True,t-dyn/src/dyn262/dyn262Main.c:7209 mpf_mfs_open_H arg 2 > t-dyn/src/dyn262/dyn262Main.c:7377 mpf_mfs_writerecm handle 1
legacy_resolved_only,mfs_file,/home/chukyu/t-dyn/src/dyn263/dyn263Main.c,93,mpf_mfs_readrecm,1,READREC,&fcb,,,"{""UNREACHABLE"": 1}",&fcb; DynReGrpIdxFNO,3916,"{""ALREADY_PRESENT"": 1, ""OK_CONST"": 1}",True,t-dyn/src/dyn263/dyn263Main.c:3307 mpf_mfs_open_H arg 2 > t-dyn/src/dyn263/dyn263Main.c:3469 mpf_mfs_readrecm handle 1
legacy_resolved_only,mfs_file,/home/chukyu/t-dyn/src/dyn263/dyn263Main.c,173,mpf_mfs_writerecm,1,WRITEREC,&fcb,,,"{""UNREACHABLE"": 1}",&fcb; DynReGmjCsvRedFNO,3902,"{""ALREADY_PRESENT"": 1, ""OK_CONST"": 1}",True,t-dyn/src/dyn263/dyn263Main.c:5588 mpf_mfs_open_H arg 2 > t-dyn/src/dyn263/dyn263Main.c:5756 mpf_mfs_writerecm handle 1
legacy_resolved_only,mfs_file,/home/chukyu/t-dyn/src/dyn264/dyn264Main.c,88,mpf_mfs_readrecm,1,READREC,&fcb,,,"{""UNREACHABLE"": 1}",&fcb; DynReTaikoSetFNO,3909,"{""ALREADY_PRESENT"": 1, ""OK_CONST"": 1}",True,t-dyn/src/dyn264/dyn264Main.c:3468 mpf_mfs_openm_H arg 2 > t-dyn/src/dyn264/dyn264Main.c:3534 mpf_mfs_readrecm handle 1
legacy_resolved_only,mfs_file,/home/chukyu/t-dyn/src/dyn264/dyn264Main.c,174,mpf_mfs_writerecm,1,WRITEREC,&fcb,,,"{""UNREACHABLE"": 1}",&fcb; DynReHatuCsvRedFNO,3903,"{""ALREADY_PRESENT"": 1, ""OK_CONST"": 1}",True,t-dyn/src/dyn264/dyn264Main.c:5830 mpf_mfs_open_H arg 2 > t-dyn/src/dyn264/dyn264Main.c:5999 mpf_mfs_writerecm handle 1
legacy_resolved_only,mfs_file,/home/chukyu/t-dyn/src/dyn266/dyn266Main.c,138,mpf_mfs_writerecm,1,WRITEREC,&fcb,,,"{""UNREACHABLE"": 1}",&fcb; DynReKoteCsvRedFNO,3991,"{""ALREADY_PRESENT"": 1, ""OK_CONST"": 1}",True,t-dyn/src/dyn266/dyn266Main.c:4281 mpf_mfs_open_H arg 2 > t-dyn/src/dyn266/dyn266Main.c:4450 mpf_mfs_writerecm handle 1
legacy_resolved_only,mfs_file,/home/chukyu/t-dyn/src/dyn267/dyn267Main.c,92,mpf_mfs_readrecm,1,READREC,&fcb,,,"{""UNREACHABLE"": 1}",&fcb; DynReGrpIdxFNO,3916,"{""ALREADY_PRESENT"": 1, ""OK_CONST"": 1}",True,t-dyn/src/dyn267/dyn267Main.c:3283 mpf_mfs_open_H arg 2 > t-dyn/src/dyn267/dyn267Main.c:3445 mpf_mfs_readrecm handle 1
legacy_resolved_only,mfs_file,/home/chukyu/t-dyn/src/dyn267/dyn267Main.c,101,mpf_mfs_readrecn,1,READREC,&fcb,,,"{""EXTERNAL"": 1}",&fcb; DynReKoteMainteFNO,3988,"{""ALREADY_PRESENT"": 1, ""OK_CONST"": 1}",True,t-dyn/src/dyn267/dyn267Main.c:3586 mpf_mfs_open_H arg 2 > t-dyn/src/dyn267/dyn267Main.c:3751 mpf_mfs_readrecn handle 1
legacy_resolved_only,mfs_file,/home/chukyu/t-dyn/src/dyn267/dyn267Main.c,160,mpf_mfs_writerecm,1,WRITEREC,&fcb,,,"{""UNREACHABLE"": 1}",&fcb; DynReGstCsvRed2FNO,3992,"{""ALREADY_PRESENT"": 1, ""OK_CONST"": 1}",True,t-dyn/src/dyn267/dyn267Main.c:4999 mpf_mfs_open_H arg 2 > t-dyn/src/dyn267/dyn267Main.c:5168 mpf_mfs_writerecm handle 1
both_unresolved,mfs_file,/home/chukyu/t-dyn/src/dyn311d/dyn311d.c,123,mpf_mfs_open_H,2,OPEN_LOCK,DynReITCInfFNO,,,"{""UNREACHABLE"": 1}",,,{},False,
both_unresolved,mfs_file,/home/chukyu/t-dyn/src/dyn311d/dyn311d.c,123,mpf_mfs_open_H,2,READ,,,,{},DynReITCInfFNO,,"{""OK_CONST"": 1}",True,t-dyn/src/dyn311d/dyn311d.c:5186 mpf_mfs_open_H arg 2
cvisualizer_resolved_only,mfs_file,/home/chukyu/t-dyn/src/dyn311d/dyn311d.c,124,mpf_mfs_readrecn,1,READREC,&fcb,1027,,"{""EXACT"": 1}",&fcb,,"{""OK_CONST"": 1}",True,t-dyn/src/dyn311d/dyn311d.c:5186 mpf_mfs_open_H arg 2 > t-dyn/src/dyn311d/dyn311d.c:5252 mpf_mfs_readrecn handle 1
equal,mfs_file,/home/chukyu/t-dyn/src/dyn322d/dyn322dReadOutData.c,66,mpf_mfs_readrecn,1,READREC,&Fcb,1028,,"{""EXACT"": 1}",&Fcb; DynReSsAdrDefFNO,1028,"{""ALREADY_PRESENT"": 1, ""OK_CONST"": 1}",True,t-dyn/src/dyn322d/dyn322dReadOutData.c:2801 mpf_mfs_open_H arg 2 > t-dyn/src/dyn322d/dyn322dReadOutData.c:3139 mpf_mfs_readrecn handle 1
both_unresolved,mfs_file,/home/chukyu/t-dyn/src/dyn322d/dyn322dReadOutData.c,74,mpf_mfs_open_H,2,OPEN_LOCK,DynReOutStaFNO,,,"{""UNREACHABLE"": 1}",,,{},False,
both_unresolved,mfs_file,/home/chukyu/t-dyn/src/dyn322d/dyn322dReadOutData.c,74,mpf_mfs_open_H,2,READ,,,,{},DynReOutStaFNO,,"{""OK_CONST"": 1}",True,t-dyn/src/dyn322d/dyn322dReadOutData.c:3387 mpf_mfs_open_H arg 2
cvisualizer_resolved_only,mfs_file,/home/chukyu/t-dyn/src/dyn322d/dyn322dReadOutData.c,83,mpf_mfs_readrecn,1,READREC,&Fcb,106,,"{""EXACT"": 1}",&Fcb,,"{""OK_CONST"": 1}",True,t-dyn/src/dyn322d/dyn322dReadOutData.c:3387 mpf_mfs_open_H arg 2 > t-dyn/src/dyn322d/dyn322dReadOutData.c:3638 mpf_mfs_readrecn handle 1
cvisualizer_resolved_only,mfs_file,/home/chukyu/t-dyn/src/dyn322d/dyn322dReadOutData.c,97,mpf_mfs_writerecn,1,WRITEREC,&Fcb,0,,"{""EXACT"": 1}",&Fcb,,"{""OK_CONST"": 1}",True,t-dyn/src/dyn322d/dyn322dReadOutData.c:4139 mpf_mfs_writerecn handle 1
both_unresolved,mfs_file,/home/chukyu/t-dyn/src/dyn322d/dyn322dReadOutData.c,114,mpf_mfs_open_H,2,OPEN_LOCK,DynReITCInfFNO,,,"{""UNREACHABLE"": 1}",,,{},False,
both_unresolved,mfs_file,/home/chukyu/t-dyn/src/dyn322d/dyn322dReadOutData.c,114,mpf_mfs_open_H,2,READ,,,,{},DynReITCInfFNO,,"{""OK_CONST"": 1}",True,t-dyn/src/dyn322d/dyn322dReadOutData.c:4691 mpf_mfs_open_H arg 2
cvisualizer_resolved_only,mfs_file,/home/chukyu/t-dyn/src/dyn322d/dyn322dReadOutData.c,122,mpf_mfs_readrecn,1,READREC,&Fcb,1027,,"{""EXACT"": 1}",&Fcb,,"{""OK_CONST"": 1}",True,t-dyn/src/dyn322d/dyn322dReadOutData.c:4691 mpf_mfs_open_H arg 2 > t-dyn/src/dyn322d/dyn322dReadOutData.c:4903 mpf_mfs_readrecn handle 1
legacy_resolved_only,mfs_file,/home/chukyu/t-dyn/src/dyn401d/dyn401dAdvRequest.c,128,mpf_mfs_readrecm,1,READREC,&fcb,,,"{""UNREACHABLE"": 1}",&fcb; DynReGrpIdxFNO,3916,"{""ALREADY_PRESENT"": 1, ""OK_CONST"": 1}",True,t-dyn/src/dyn401d/dyn401dAdvRequest.c:4923 mpf_mfs_open_H arg 2 > t-dyn/src/dyn401d/dyn401dAdvRequest.c:5109 mpf_mfs_readrecm handle 1
both_unresolved,mfs_file,/home/chukyu/t-dyn/src/dyn401d/dyn401dAdvRequest.c,132,mpf_mfs_open_H,2,OPEN_LOCK,DynReGrpSetFNO,,,"{""UNREACHABLE"": 1}",,,{},False,
both_unresolved,mfs_file,/home/chukyu/t-dyn/src/dyn401d/dyn401dAdvRequest.c,132,mpf_mfs_open_H,2,READ,,,,{},DynReGrpSetFNO,,"{""OK_CONST"": 1}",True,t-dyn/src/dyn401d/dyn401dAdvRequest.c:5221 mpf_mfs_open_H arg 2
cvisualizer_resolved_only,mfs_file,/home/chukyu/t-dyn/src/dyn401d/dyn401dAdvRequest.c,138,mpf_mfs_readrecn,1,READREC,&fcb,1023,,"{""EXACT"": 1}",&fcb,,"{""OK_CONST"": 1}",True,t-dyn/src/dyn401d/dyn401dAdvRequest.c:5221 mpf_mfs_open_H arg 2 > t-dyn/src/dyn401d/dyn401dAdvRequest.c:5407 mpf_mfs_readrecn handle 1
disjoint,mfs_file,/home/chukyu/t-dyn/src/dyn401d/dyn401dAdvRequest.c,148,mpf_mfs_readrecn,1,READREC,&fcb,11,,"{""EXACT"": 1}",&fcb; DynReKoTeiHtSetFNO,4013,"{""ALREADY_PRESENT"": 1, ""OK_CONST"": 1}",True,t-dyn/src/dyn401d/dyn401dAdvRequest.c:5564 mpf_mfs_open_H arg 2 > t-dyn/src/dyn401d/dyn401dAdvRequest.c:5754 mpf_mfs_readrecn handle 1
both_unresolved,mfs_file,/home/chukyu/t-dyn/src/dyn401d/dyn401dAdvRequest.c,177,mpf_mfs_open_H,2,OPEN_LOCK,DynREGetSchfno(nFnoidx),,,"{""UNREACHABLE"": 1}",,,{},False,
both_unresolved,mfs_file,/home/chukyu/t-dyn/src/dyn401d/dyn401dAdvRequest.c,177,mpf_mfs_open_H,2,READ,,,,{},DynREGetSchfno(nFnoidx),,"{""UNRESOLVED"": 1}",True,t-dyn/src/dyn401d/dyn401dAdvRequest.c:6738 mpf_mfs_open_H arg 2
both_unresolved,mfs_file,/home/chukyu/t-dyn/src/dyn401d/dyn401dAdvRequest.c,187,mpf_mfs_readrecn,1,READREC,&fcbSch,,,"{""EXTERNAL"": 1}",&fcbSch,,"{""UNRESOLVED"": 1}",True,t-dyn/src/dyn401d/dyn401dAdvRequest.c:6738 mpf_mfs_open_H arg 2 > t-dyn/src/dyn401d/dyn401dAdvRequest.c:6967 mpf_mfs_readrecn handle 1
equal,mfs_file,/home/chukyu/t-dyn/src/dyn401d/dyn401dAdvRequest.c,199,mpf_mfs_readrecn,1,READREC,&fcb,3985,,"{""EXACT"": 1}",&fcb; DynAdvCtlKanIndFNO,3985,"{""ALREADY_PRESENT"": 1, ""OK_CONST"": 1}",True,t-dyn/src/dyn401d/dyn401dAdvRequest.c:7191 mpf_mfs_open_H arg 2 > t-dyn/src/dyn401d/dyn401dAdvRequest.c:7403 mpf_mfs_readrecn handle 1
legacy_resolved_only,mfs_file,/home/chukyu/t-dyn/src/dyn401d/dyn401dAdvRequest.c,209,mpf_mfs_readrecm,1,READREC,&fcb,,,"{""UNREACHABLE"": 1}",&fcb; DynReCtlMntStaFNO,3986,"{""ALREADY_PRESENT"": 1, ""OK_CONST"": 1}",True,t-dyn/src/dyn401d/dyn401dAdvRequest.c:7593 mpf_mfs_open_H arg 2 > t-dyn/src/dyn401d/dyn401dAdvRequest.c:7792 mpf_mfs_readrecm handle 1
legacy_resolved_only,mfs_file,/home/chukyu/t-dyn/src/dyn401d/dyn401dAdvRequest.c,218,mpf_mfs_readrecn,1,READREC,&fcb,,,"{""UNRESOLVED"": 1}",&fcb; DynReCtlMntSetFNO,3987,"{""ALREADY_PRESENT"": 1, ""OK_CONST"": 1}",True,t-dyn/src/dyn401d/dyn401dAdvRequest.c:7929 mpf_mfs_open_H arg 2 > t-dyn/src/dyn401d/dyn401dAdvRequest.c:8148 mpf_mfs_readrecn handle 1
legacy_resolved_only,mfs_file,/home/chukyu/t-dyn/src/dyn401d/dyn401dAdvRequest.c,228,mpf_mfs_readrecm,1,READREC,&fcb,,,"{""UNREACHABLE"": 1}",&fcb; DynReKoteMntStaFNO,3989,"{""ALREADY_PRESENT"": 1, ""OK_CONST"": 1}",True,t-dyn/src/dyn401d/dyn401dAdvRequest.c:8335 mpf_mfs_open_H arg 2 > t-dyn/src/dyn401d/dyn401dAdvRequest.c:8536 mpf_mfs_readrecm handle 1
legacy_resolved_only,mfs_file,/home/chukyu/t-dyn/src/dyn401d/dyn401dAdvRequest.c,235,mpf_mfs_readrecn,1,READREC,&fcb,,,"{""UNRESOLVED"": 1}",&fcb; DynReKoteMntSetFNO,3990,"{""ALREADY_PRESENT"": 1, ""OK_CONST"": 1}",True,t-dyn/src/dyn401d/dyn401dAdvRequest.c:8620 mpf_mfs_open_H arg 2 > t-dyn/src/dyn401d/dyn401dAdvRequest.c:8821 mpf_mfs_readrecn handle 1
both_unresolved,mfs_file,/home/chukyu/t-dyn/src/dyn401d/dyn401dAdvRequest.c,307,mpf_mfs_open_H,2,OPEN_LOCK,DynREGetSchKKfno(nFnoidxKK),,,"{""UNREACHABLE"": 1}",,,{},False,
both_unresolved,mfs_file,/home/chukyu/t-dyn/src/dyn401d/dyn401dAdvRequest.c,307,mpf_mfs_open_H,2,READ,,,,{},DynREGetSchKKfno(nFnoidxKK),,"{""UNRESOLVED"": 1}",True,t-dyn/src/dyn401d/dyn401dAdvRequest.c:10895 mpf_mfs_open_H arg 2
both_unresolved,mfs_file,/home/chukyu/t-dyn/src/dyn401d/dyn401dAdvRequest.c,313,mpf_mfs_readrecn,1,READREC,&fcbSch,,,"{""EXTERNAL"": 1}",&fcbSch,,"{""UNRESOLVED"": 1}",True,t-dyn/src/dyn401d/dyn401dAdvRequest.c:10895 mpf_mfs_open_H arg 2 > t-dyn/src/dyn401d/dyn401dAdvRequest.c:11115 mpf_mfs_readrecn handle 1
both_unresolved,mfs_file,/home/chukyu/t-dyn/src/dyn401d/dyn401dAdvRequest.c,315,mpf_mfs_open_H,2,OPEN_LOCK,DynREGetSchKKLCfno(nFnoidxKK),,,"{""UNREACHABLE"": 1}",,,{},False,
both_unresolved,mfs_file,/home/chukyu/t-dyn/src/dyn401d/dyn401dAdvRequest.c,315,mpf_mfs_open_H,2,READ,,,,{},DynREGetSchKKLCfno(nFnoidxKK),,"{""UNRESOLVED"": 1}",True,t-dyn/src/dyn401d/dyn401dAdvRequest.c:11232 mpf_mfs_open_H arg 2
both_unresolved,mfs_file,/home/chukyu/t-dyn/src/dyn401d/dyn401dAdvRequest.c,321,mpf_mfs_readrecn,1,READREC,&fcbSch,,,"{""EXTERNAL"": 1}",&fcbSch,,"{""UNRESOLVED"": 1}",True,t-dyn/src/dyn401d/dyn401dAdvRequest.c:11232 mpf_mfs_open_H arg 2 > t-dyn/src/dyn401d/dyn401dAdvRequest.c:11459 mpf_mfs_readrecn handle 1
both_unresolved,mfs_file,/home/chukyu/t-dyn/src/dyn401d/dyn401dAdvScheCtrl.c,70,mpf_mfs_open_H,2,OPEN_LOCK,DynAdvCtlStaIndFNO,,,"{""UNREACHABLE"": 1}",,,{},False,
both_unresolved,mfs_file,/home/chukyu/t-dyn/src/dyn401d/dyn401dAdvScheCtrl.c,70,mpf_mfs_open_H,2,READ,,,,{},DynAdvCtlStaIndFNO,,"{""OK_CONST"": 1}",True,t-dyn/src/dyn401d/dyn401dAdvScheCtrl.c:2778 mpf_mfs_open_H arg 2
both_unresolved,mfs_file,/home/chukyu/t-dyn/src/dyn401d/dyn401dAdvScheCtrl.c,79,mpf_mfs_readrecn,1,READREC,&fcbAdvInd,,,"{""EXTERNAL"": 1}",&fcbAdvInd,,"{""OK_CONST"": 1}",True,t-dyn/src/dyn401d/dyn401dAdvScheCtrl.c:2778 mpf_mfs_open_H arg 2 > t-dyn/src/dyn401d/dyn401dAdvScheCtrl.c:3001 mpf_mfs_readrecn handle 1
both_unresolved,mfs_file,/home/chukyu/t-dyn/src/dyn401d/dyn401dAdvScheCtrl.c,293,mpf_mfs_open_H,2,OPEN_LOCK,DynAdvCtlStaIndFNO,,,"{""UNREACHABLE"": 1}",,,{},False,
both_unresolved,mfs_file,/home/chukyu/t-dyn/src/dyn401d/dyn401dAdvScheCtrl.c,293,mpf_mfs_open_H,2,READ,,,,{},DynAdvCtlStaIndFNO,,"{""OK_CONST"": 1}",True,t-dyn/src/dyn401d/dyn401dAdvScheCtrl.c:9432 mpf_mfs_open_H arg 2
both_unresolved,mfs_file,/home/chukyu/t-dyn/src/dyn401d/dyn401dAdvScheCtrl.c,302,mpf_mfs_writerecn,1,WRITEREC,&fcbAdvInd,,,"{""EXTERNAL"": 1}",&fcbAdvInd,,"{""OK_CONST"": 1}",True,t-dyn/src/dyn401d/dyn401dAdvScheCtrl.c:9432 mpf_mfs_open_H arg 2 > t-dyn/src/dyn401d/dyn401dAdvScheCtrl.c:9658 mpf_mfs_writerecn handle 1
both_unresolved,mfs_file,/home/chukyu/t-dyn/src/dyn401d/dyn401dAdvScheCtrl.c,370,mpf_mfs_open_H,2,OPEN_LOCK,DynAdvCtlStaIndFNO,,,"{""UNREACHABLE"": 1}",,,{},False,
both_unresolved,mfs_file,/home/chukyu/t-dyn/src/dyn401d/dyn401dAdvScheCtrl.c,370,mpf_mfs_open_H,2,READ,,,,{},DynAdvCtlStaIndFNO,,"{""OK_CONST"": 1}",True,t-dyn/src/dyn401d/dyn401dAdvScheCtrl.c:11725 mpf_mfs_open_H arg 2
both_unresolved,mfs_file,/home/chukyu/t-dyn/src/dyn401d/dyn401dAdvScheCtrl.c,379,mpf_mfs_readrecn,1,READREC,&fcbAdvInd,,,"{""EXTERNAL"": 1}",&fcbAdvInd,,"{""OK_CONST"": 1}",True,t-dyn/src/dyn401d/dyn401dAdvScheCtrl.c:11725 mpf_mfs_open_H arg 2 > t-dyn/src/dyn401d/dyn401dAdvScheCtrl.c:11953 mpf_mfs_readrecn handle 1
both_unresolved,mfs_file,/home/chukyu/t-dyn/src/dyn401d/dyn401dAdvScheCtrl.c,486,mpf_mfs_open_H,2,OPEN_LOCK,DynAdvCtlStaIndFNO,,,"{""UNREACHABLE"": 1}",,,{},False,
both_unresolved,mfs_file,/home/chukyu/t-dyn/src/dyn401d/dyn401dAdvScheCtrl.c,486,mpf_mfs_open_H,2,READ,,,,{},DynAdvCtlStaIndFNO,,"{""OK_CONST"": 1}",True,t-dyn/src/dyn401d/dyn401dAdvScheCtrl.c:15092 mpf_mfs_open_H arg 2
both_unresolved,mfs_file,/home/chukyu/t-dyn/src/dyn401d/dyn401dAdvScheCtrl.c,495,mpf_mfs_readrecn,1,READREC,&fcbAdvInd,,,"{""EXTERNAL"": 1}",&fcbAdvInd,,"{""OK_CONST"": 1}",True,t-dyn/src/dyn401d/dyn401dAdvScheCtrl.c:15092 mpf_mfs_open_H arg 2 > t-dyn/src/dyn401d/dyn401dAdvScheCtrl.c:15320 mpf_mfs_readrecn handle 1
both_unresolved,mfs_file,/home/chukyu/t-dyn/src/dyn401d/dyn401dAdvScheCtrl.c,594,mpf_mfs_open_H,2,OPEN_LOCK,DynAdvCtlStaIndFNO,,,"{""UNREACHABLE"": 1}",,,{},False,
both_unresolved,mfs_file,/home/chukyu/t-dyn/src/dyn401d/dyn401dAdvScheCtrl.c,594,mpf_mfs_open_H,2,READ,,,,{},DynAdvCtlStaIndFNO,,"{""OK_CONST"": 1}",True,t-dyn/src/dyn401d/dyn401dAdvScheCtrl.c:18508 mpf_mfs_open_H arg 2
both_unresolved,mfs_file,/home/chukyu/t-dyn/src/dyn401d/dyn401dAdvScheCtrl.c,603,mpf_mfs_readrecn,1,READREC,&fcbAdvInd,,,"{""EXTERNAL"": 1}",&fcbAdvInd,,"{""OK_CONST"": 1}",True,t-dyn/src/dyn401d/dyn401dAdvScheCtrl.c:18508 mpf_mfs_open_H arg 2 > t-dyn/src/dyn401d/dyn401dAdvScheCtrl.c:18731 mpf_mfs_readrecn handle 1
both_unresolved,mfs_file,/home/chukyu/t-dyn/src/dyn401d/dyn401dAdvScheCtrl.c,658,mpf_mfs_open_H,2,OPEN_LOCK,DynAdvCtlStaIndFNO,,,"{""UNREACHABLE"": 1}",,,{},False,
both_unresolved,mfs_file,/home/chukyu/t-dyn/src/dyn401d/dyn401dAdvScheCtrl.c,658,mpf_mfs_open_H,2,READ,,,,{},DynAdvCtlStaIndFNO,,"{""OK_CONST"": 1}",True,t-dyn/src/dyn401d/dyn401dAdvScheCtrl.c:20774 mpf_mfs_open_H arg 2
both_unresolved,mfs_file,/home/chukyu/t-dyn/src/dyn401d/dyn401dAdvScheCtrl.c,670,mpf_mfs_writerecn,1,WRITEREC,&fcbAdvInd,,,"{""EXTERNAL"": 1}",&fcbAdvInd,,"{""OK_CONST"": 1}",True,t-dyn/src/dyn401d/dyn401dAdvScheCtrl.c:20774 mpf_mfs_open_H arg 2 > t-dyn/src/dyn401d/dyn401dAdvScheCtrl.c:21093 mpf_mfs_writerecn handle 1
both_unresolved,mfs_file,/home/chukyu/t-dyn/src/dyn401d/dyn401dAdvScheCtrl.c,708,mpf_mfs_open_H,2,OPEN_LOCK,DynReCtlStaFNO,,,"{""UNREACHABLE"": 1}",,,{},False,
both_unresolved,mfs_file,/home/chukyu/t-dyn/src/dyn401d/dyn401dAdvScheCtrl.c,708,mpf_mfs_open_H,2,READ,,,,{},DynReCtlStaFNO,,"{""OK_CONST"": 1}",True,t-dyn/src/dyn401d/dyn401dAdvScheCtrl.c:22587 mpf_mfs_open_H arg 2
cvisualizer_resolved_only,mfs_file,/home/chukyu/t-dyn/src/dyn401d/dyn401dAdvScheCtrl.c,717,mpf_mfs_readrecn,1,READREC,&fcb_ReEne,1022,,"{""EXACT"": 1}",&fcb_ReEne,,"{""OK_CONST"": 1}",True,t-dyn/src/dyn401d/dyn401dAdvScheCtrl.c:22587 mpf_mfs_open_H arg 2 > t-dyn/src/dyn401d/dyn401dAdvScheCtrl.c:22800 mpf_mfs_readrecn handle 1
disjoint,mfs_file,/home/chukyu/t-dyn/src/dyn401d/dyn401dAdvScheCtrl.c,923,mpf_mfs_readrecn,1,READREC,&fcbAdv,1031,,"{""EXACT"": 1}",&fcbAdv; DynAdvCtlStaCmnFNO,1037,"{""ALREADY_PRESENT"": 1, ""OK_CONST"": 1}",True,t-dyn/src/dyn401d/dyn401dAdvScheCtrl.c:28818 mpf_mfs_open_H arg 2 > t-dyn/src/dyn401d/dyn401dAdvScheCtrl.c:29041 mpf_mfs_readrecn handle 1
both_unresolved,mfs_file,/home/chukyu/t-dyn/src/dyn401d/dyn401dAdvScheCtrl.c,936,mpf_mfs_open_H,2,OPEN_LOCK,DynReGrpSetFNO,,,"{""UNREACHABLE"": 1}",,,{},False,
both_unresolved,mfs_file,/home/chukyu/t-dyn/src/dyn401d/dyn401dAdvScheCtrl.c,936,mpf_mfs_open_H,2,READ,,,,{},DynReGrpSetFNO,,"{""OK_CONST"": 1}",True,t-dyn/src/dyn401d/dyn401dAdvScheCtrl.c:29382 mpf_mfs_open_H arg 2
cvisualizer_resolved_only,mfs_file,/home/chukyu/t-dyn/src/dyn401d/dyn401dAdvScheCtrl.c,945,mpf_mfs_readrecn,1,READREC,&fcbGrp,1023,,"{""EXACT"": 1}",&fcbGrp,,"{""OK_CONST"": 1}",True,t-dyn/src/dyn401d/dyn401dAdvScheCtrl.c:29382 mpf_mfs_open_H arg 2 > t-dyn/src/dyn401d/dyn401dAdvScheCtrl.c:29609 mpf_mfs_readrecn handle 1
legacy_resolved_only,mfs_file,/home/chukyu/t-dyn/src/dyn401d/dyn401dAdvScheCtrl.c,957,mpf_mfs_readrecm,1,READREC,&SFcbGrpIdx,,,"{""UNREACHABLE"": 1}",&SFcbGrpIdx; DynReGrpIdxFNO,3916,"{""ALREADY_PRESENT"": 1, ""OK_CONST"": 1}",True,t-dyn/src/dyn401d/dyn401dAdvScheCtrl.c:29769 mpf_mfs_open_H arg 2 > t-dyn/src/dyn401d/dyn401dAdvScheCtrl.c:29964 mpf_mfs_readrecm handle 1
both_unresolved,mfs_file,/home/chukyu/t-dyn/src/dyn401d/dyn401dAdvScheCtrl.c,1084,mpf_mfs_open_H,2,OPEN_LOCK,DynAdvCtlStaIndFNO,,,"{""UNREACHABLE"": 1}",,,{},False,
both_unresolved,mfs_file,/home/chukyu/t-dyn/src/dyn401d/dyn401dAdvScheCtrl.c,1091,mpf_mfs_readrecn,1,READREC,&fcb,,,"{""EXTERNAL"": 1}",,,{},False,
both_unresolved,mfs_file,/home/chukyu/t-dyn/src/dyn401d/dyn401dAdvScheCtrl.c,1103,mpf_mfs_writerecn,1,WRITEREC,&fcb,,,"{""EXTERNAL"": 1}",,,{},False,
legacy_resolved_only,mfs_file,/home/chukyu/t-dyn/src/dyn401d/dyn401dAlznRequest.c,118,mpf_mfs_readrecm,1,READREC,&fcb,,,"{""UNREACHABLE"": 1}",&fcb; DynReGrpIdxFNO,3916,"{""ALREADY_PRESENT"": 1, ""OK_CONST"": 1}",True,t-dyn/src/dyn401d/dyn401dAlznRequest.c:4622 mpf_mfs_open_H arg 2 > t-dyn/src/dyn401d/dyn401dAlznRequest.c:4808 mpf_mfs_readrecm handle 1
both_unresolved,mfs_file,/home/chukyu/t-dyn/src/dyn401d/dyn401dAlznRequest.c,122,mpf_mfs_open_H,2,OPEN_LOCK,DynReGrpSetFNO,,,"{""UNREACHABLE"": 1}",,,{},False,
both_unresolved,mfs_file,/home/chukyu/t-dyn/src/dyn401d/dyn401dAlznRequest.c,122,mpf_mfs_open_H,2,READ,,,,{},DynReGrpSetFNO,,"{""OK_CONST"": 1}",True,t-dyn/src/dyn401d/dyn401dAlznRequest.c:4920 mpf_mfs_open_H arg 2
cvisualizer_resolved_only,mfs_file,/home/chukyu/t-dyn/src/dyn401d/dyn401dAlznRequest.c,130,mpf_mfs_readrecn,1,READREC,&fcb,1023,,"{""EXACT"": 1}",&fcb,,"{""OK_CONST"": 1}",True,t-dyn/src/dyn401d/dyn401dAlznRequest.c:4920 mpf_mfs_open_H arg 2 > t-dyn/src/dyn401d/dyn401dAlznRequest.c:5108 mpf_mfs_readrecn handle 1
legacy_resolved_only,mfs_file,/home/chukyu/t-dyn/src/dyn401d/dyn401dAlznRequest.c,142,mpf_mfs_readrecn,1,READREC,&fcb,,,"{""UNRESOLVED"": 1}",&fcb; DynReKoTeiHtSetFNO,4013,"{""ALREADY_PRESENT"": 1, ""OK_CONST"": 1}",True,t-dyn/src/dyn401d/dyn401dAlznRequest.c:5265 mpf_mfs_open_H arg 2 > t-dyn/src/dyn401d/dyn401dAlznRequest.c:5457 mpf_mfs_readrecn handle 1
both_unresolved,mfs_file,/home/chukyu/t-dyn/src/dyn401d/dyn401dAlznRequest.c,153,mpf_mfs_open_H,2,OPEN_LOCK,DynReCtlStaFNO,,,"{""UNREACHABLE"": 1}",,,{},False,
both_unresolved,mfs_file,/home/chukyu/t-dyn/src/dyn401d/dyn401dAlznRequest.c,153,mpf_mfs_open_H,2,READ,,,,{},DynReCtlStaFNO,,"{""OK_CONST"": 1}",True,t-dyn/src/dyn401d/dyn401dAlznRequest.c:5967 mpf_mfs_open_H arg 2
cvisualizer_resolved_only,mfs_file,/home/chukyu/t-dyn/src/dyn401d/dyn401dAlznRequest.c,161,mpf_mfs_readrecn,1,READREC,&fcb,1022,,"{""EXACT"": 1}",&fcb,,"{""OK_CONST"": 1}",True,t-dyn/src/dyn401d/dyn401dAlznRequest.c:5967 mpf_mfs_open_H arg 2 > t-dyn/src/dyn401d/dyn401dAlznRequest.c:6154 mpf_mfs_readrecn handle 1
both_unresolved,mfs_file,/home/chukyu/t-dyn/src/dyn401d/dyn401dAlznRequest.c,165,mpf_mfs_open_H,2,OPEN_LOCK,DynAdvCtlStaIndFNO,,,"{""UNREACHABLE"": 1}",,,{},False,
both_unresolved,mfs_file,/home/chukyu/t-dyn/src/dyn401d/dyn401dAlznRequest.c,165,mpf_mfs_open_H,2,READ,,,,{},DynAdvCtlStaIndFNO,,"{""OK_CONST"": 1}",True,t-dyn/src/dyn401d/dyn401dAlznRequest.c:6316 mpf_mfs_open_H arg 2
both_unresolved,mfs_file,/home/chukyu/t-dyn/src/dyn401d/dyn401dAlznRequest.c,173,mpf_mfs_readrecn,1,READREC,&fcb,,,"{""EXTERNAL"": 1}",&fcb,,"{""OK_CONST"": 1}",True,t-dyn/src/dyn401d/dyn401dAlznRequest.c:6316 mpf_mfs_open_H arg 2 > t-dyn/src/dyn401d/dyn401dAlznRequest.c:6507 mpf_mfs_readrecn handle 1
legacy_resolved_only,mfs_file,/home/chukyu/t-dyn/src/dyn401d/dyn401dAlznRequest.c,182,mpf_mfs_readrecm,1,READREC,&fcb,,,"{""UNREACHABLE"": 1}",&fcb; DynReCtlMntStaFNO,3986,"{""ALREADY_PRESENT"": 1, ""OK_CONST"": 1}",True,t-dyn/src/dyn401d/dyn401dAlznRequest.c:6687 mpf_mfs_open_H arg 2 > t-dyn/src/dyn401d/dyn401dAlznRequest.c:6886 mpf_mfs_readrecm handle 1
legacy_resolved_only,mfs_file,/home/chukyu/t-dyn/src/dyn401d/dyn401dAlznRequest.c,189,mpf_mfs_readrecn,1,READREC,&fcb,,,"{""EXTERNAL"": 2}",&fcb; DynReCtlMntSetFNO,3987,"{""ALREADY_PRESENT"": 1, ""OK_CONST"": 1}",True,t-dyn/src/dyn401d/dyn401dAlznRequest.c:6969 mpf_mfs_open_H arg 2 > t-dyn/src/dyn401d/dyn401dAlznRequest.c:7170 mpf_mfs_readrecn handle 1
legacy_resolved_only,mfs_file,/home/chukyu/t-dyn/src/dyn401d/dyn401dAlznRequest.c,198,mpf_mfs_readrecm,1,READREC,&fcb,,,"{""UNREACHABLE"": 1}",&fcb; DynReKoteMntStaFNO,3989,"{""ALREADY_PRESENT"": 1, ""OK_CONST"": 1}",True,t-dyn/src/dyn401d/dyn401dAlznRequest.c:7344 mpf_mfs_open_H arg 2 > t-dyn/src/dyn401d/dyn401dAlznRequest.c:7545 mpf_mfs_readrecm handle 1
legacy_resolved_only,mfs_file,/home/chukyu/t-dyn/src/dyn401d/dyn401dAlznRequest.c,205,mpf_mfs_readrecn,1,READREC,&fcb,,,"{""UNRESOLVED"": 1}",&fcb; DynReKoteMntSetFNO,3990,"{""ALREADY_PRESENT"": 1, ""OK_CONST"": 1}",True,t-dyn/src/dyn401d/dyn401dAlznRequest.c:7629 mpf_mfs_open_H arg 2 > t-dyn/src/dyn401d/dyn401dAlznRequest.c:7830 mpf_mfs_readrecn handle 1
legacy_resolved_only,mfs_file,/home/chukyu/t-dyn/src/dyn401d/dyn401dAlznRequest.c,227,mpf_mfs_readrecm,1,READREC,&fcb,,,"{""UNREACHABLE"": 1}",&fcb; DynReGrpSetCmnFNO,4011,"{""ALREADY_PRESENT"": 1, ""OK_CONST"": 1}",True,t-dyn/src/dyn401d/dyn401dAlznRequest.c:8445 mpf_mfs_open_H arg 2 > t-dyn/src/dyn401d/dyn401dAlznRequest.c:8647 mpf_mfs_readrecm handle 1
both_unresolved,mfs_file,/home/chukyu/t-dyn/src/dyn401d/dyn401dAlznRequest.c,245,mpf_mfs_open_H,2,OPEN_LOCK,DynREGetSchKKfno(nFnoidxKK),,,"{""UNREACHABLE"": 1}",,,{},False,
both_unresolved,mfs_file,/home/chukyu/t-dyn/src/dyn401d/dyn401dAlznRequest.c,245,mpf_mfs_open_H,2,READ,,,,{},DynREGetSchKKfno(nFnoidxKK),,"{""UNRESOLVED"": 1}",True,t-dyn/src/dyn401d/dyn401dAlznRequest.c:9184 mpf_mfs_open_H arg 2
both_unresolved,mfs_file,/home/chukyu/t-dyn/src/dyn401d/dyn401dAlznRequest.c,253,mpf_mfs_readrecn,1,READREC,&fcb,,,"{""EXTERNAL"": 1}",&fcb,,"{""UNRESOLVED"": 1}",True,t-dyn/src/dyn401d/dyn401dAlznRequest.c:9184 mpf_mfs_open_H arg 2 > t-dyn/src/dyn401d/dyn401dAlznRequest.c:9422 mpf_mfs_readrecn handle 1
both_unresolved,mfs_file,/home/chukyu/t-dyn/src/dyn401d/dyn401dAlznRequest.c,255,mpf_mfs_open_H,2,OPEN_LOCK,DynREGetSchKKLCfno(nFnoidxKK),,,"{""UNREACHABLE"": 1}",,,{},False,
both_unresolved,mfs_file,/home/chukyu/t-dyn/src/dyn401d/dyn401dAlznRequest.c,255,mpf_mfs_open_H,2,READ,,,,{},DynREGetSchKKLCfno(nFnoidxKK),,"{""UNRESOLVED"": 1}",True,t-dyn/src/dyn401d/dyn401dAlznRequest.c:9532 mpf_mfs_open_H arg 2
both_unresolved,mfs_file,/home/chukyu/t-dyn/src/dyn401d/dyn401dAlznRequest.c,263,mpf_mfs_readrecn,1,READREC,&fcb,,,"{""EXTERNAL"": 1}",&fcb,,"{""UNRESOLVED"": 1}",True,t-dyn/src/dyn401d/dyn401dAlznRequest.c:9532 mpf_mfs_open_H arg 2 > t-dyn/src/dyn401d/dyn401dAlznRequest.c:9776 mpf_mfs_readrecn handle 1
legacy_resolved_only,mfs_file,/home/chukyu/t-dyn/src/dyn401d/dyn401dAlznRequest.c,284,mpf_mfs_readrecn,1,READREC,&fcb_StaAlzn,,,"{""EXTERNAL"": 2}",&fcb_StaAlzn; DynReCtlStaAlznFNO,4012,"{""ALREADY_PRESENT"": 1, ""OK_CONST"": 1}",True,t-dyn/src/dyn401d/dyn401dAlznRequest.c:10089 mpf_mfs_open_H arg 2 > t-dyn/src/dyn401d/dyn401dAlznRequest.c:10331 mpf_mfs_readrecn handle 1
legacy_resolved_only,mfs_file,/home/chukyu/t-dyn/src/dyn401d/dyn401dAlznRequest.c,470,mpf_mfs_writerecn,1,WRITEREC,&fcb_StaAlzn,,,"{""EXTERNAL"": 2}",&fcb_StaAlzn; DynReCtlStaAlznFNO,4012,"{""ALREADY_PRESENT"": 1, ""OK_CONST"": 1}",True,t-dyn/src/dyn401d/dyn401dAlznRequest.c:10089 mpf_mfs_open_H arg 2 > t-dyn/src/dyn401d/dyn401dAlznRequest.c:20013 mpf_mfs_writerecn handle 1
both_unresolved,mfs_file,/home/chukyu/t-dyn/src/dyn401d/dyn401dAlznScheCtrl.c,83,mpf_mfs_readrecm,1,READREC,&fcb,,,"{""UNREACHABLE"": 1}",,,{},False,
legacy_resolved_only,mfs_file,/home/chukyu/t-dyn/src/dyn401d/dyn401dEmReq.c,84,mpf_mfs_readrecm,1,READREC,&fcb,,,"{""UNREACHABLE"": 1}",&fcb; DynReGrpIdxFNO,3916,"{""ALREADY_PRESENT"": 1, ""OK_CONST"": 1}",True,t-dyn/src/dyn401d/dyn401dEmReq.c:2865 mpf_mfs_open_H arg 2 > t-dyn/src/dyn401d/dyn401dEmReq.c:3051 mpf_mfs_readrecm handle 1
both_unresolved,mfs_file,/home/chukyu/t-dyn/src/dyn401d/dyn401dEmReq.c,88,mpf_mfs_open_H,2,OPEN_LOCK,DynReGrpSetFNO,,,"{""UNREACHABLE"": 1}",,,{},False,
both_unresolved,mfs_file,/home/chukyu/t-dyn/src/dyn401d/dyn401dEmReq.c,88,mpf_mfs_open_H,2,READ,,,,{},DynReGrpSetFNO,,"{""OK_CONST"": 1}",True,t-dyn/src/dyn401d/dyn401dEmReq.c:3163 mpf_mfs_open_H arg 2
cvisualizer_resolved_only,mfs_file,/home/chukyu/t-dyn/src/dyn401d/dyn401dEmReq.c,96,mpf_mfs_readrecn,1,READREC,&fcb,1023,,"{""EXACT"": 1}",&fcb,,"{""OK_CONST"": 1}",True,t-dyn/src/dyn401d/dyn401dEmReq.c:3163 mpf_mfs_open_H arg 2 > t-dyn/src/dyn401d/dyn401dEmReq.c:3351 mpf_mfs_readrecn handle 1
both_unresolved,mfs_file,/home/chukyu/t-dyn/src/dyn401d/dyn401dEmReq.c,100,mpf_mfs_open_H,2,OPEN_LOCK,DynReCtlStaFNO,,,"{""UNREACHABLE"": 1}",,,{},False,
both_unresolved,mfs_file,/home/chukyu/t-dyn/src/dyn401d/dyn401dEmReq.c,100,mpf_mfs_open_H,2,READ,,,,{},DynReCtlStaFNO,,"{""OK_CONST"": 1}",True,t-dyn/src/dyn401d/dyn401dEmReq.c:3520 mpf_mfs_open_H arg 2
cvisualizer_resolved_only,mfs_file,/home/chukyu/t-dyn/src/dyn401d/dyn401dEmReq.c,108,mpf_mfs_readrecn,1,READREC,&fcb,1022,,"{""EXACT"": 1}",&fcb,,"{""OK_CONST"": 1}",True,t-dyn/src/dyn401d/dyn401dEmReq.c:3520 mpf_mfs_open_H arg 2 > t-dyn/src/dyn401d/dyn401dEmReq.c:3717 mpf_mfs_readrecn handle 1
legacy_resolved_only,mfs_file,/home/chukyu/t-dyn/src/dyn401d/dyn401dGrpUpd.c,76,mpf_mfs_readrecm,1,READREC,&fcb,,,"{""UNREACHABLE"": 1}",&fcb; DynReGrpIdxFNO,3916,"{""ALREADY_PRESENT"": 1, ""OK_CONST"": 1}",True,t-dyn/src/dyn401d/dyn401dGrpUpd.c:2565 mpf_mfs_open_H arg 2 > t-dyn/src/dyn401d/dyn401dGrpUpd.c:2775 mpf_mfs_readrecm handle 1
both_unresolved,mfs_file,/home/chukyu/t-dyn/src/dyn401d/dyn401dGrpUpd.c,80,mpf_mfs_open_H,2,OPEN_LOCK,DynReGrpSetFNO,,,"{""UNREACHABLE"": 1}",,,{},False,
both_unresolved,mfs_file,/home/chukyu/t-dyn/src/dyn401d/dyn401dGrpUpd.c,80,mpf_mfs_open_H,2,READ,,,,{},DynReGrpSetFNO,,"{""OK_CONST"": 1}",True,t-dyn/src/dyn401d/dyn401dGrpUpd.c:2905 mpf_mfs_open_H arg 2
cvisualizer_resolved_only,mfs_file,/home/chukyu/t-dyn/src/dyn401d/dyn401dGrpUpd.c,88,mpf_mfs_readrecn,1,READREC,&fcb,1023,,"{""EXACT"": 1}",&fcb,,"{""OK_CONST"": 1}",True,t-dyn/src/dyn401d/dyn401dGrpUpd.c:2905 mpf_mfs_open_H arg 2 > t-dyn/src/dyn401d/dyn401dGrpUpd.c:3118 mpf_mfs_readrecn handle 1
cvisualizer_resolved_only,mfs_file,/home/chukyu/t-dyn/src/dyn401d/dyn401dGrpUpd.c,131,mpf_mfs_writerecn,1,WRITEREC,&fcb,1023,,"{""EXACT"": 1}",&fcb,,"{""OK_CONST"": 1}",True,t-dyn/src/dyn401d/dyn401dGrpUpd.c:2905 mpf_mfs_open_H arg 2 > t-dyn/src/dyn401d/dyn401dGrpUpd.c:4667 mpf_mfs_writerecn handle 1
both_unresolved,mfs_file,/home/chukyu/t-dyn/src/dyn401d/dyn401dHesCtrl.c,81,mpf_mfs_readrecm,1,READREC,&fcb,,,"{""UNREACHABLE"": 1}",,,{},False,
both_unresolved,mfs_file,/home/chukyu/t-dyn/src/dyn401d/dyn401dHesCtrl.c,85,mpf_mfs_open_H,2,OPEN_LOCK,DynReGrpSetFNO,,,"{""UNREACHABLE"": 1}",,,{},False,
cvisualizer_resolved_only,mfs_file,/home/chukyu/t-dyn/src/dyn401d/dyn401dHesCtrl.c,93,mpf_mfs_readrecn,1,READREC,&fcb,1023,,"{""EXACT"": 1}",,,{},False,
both_unresolved,mfs_file,/home/chukyu/t-dyn/src/dyn401d/dyn401dHesCtrl.c,125,mpf_mfs_readrecm,1,READREC,&fcb1,,,"{""UNREACHABLE"": 1}",,,{},False,
legacy_resolved_only,mfs_file,/home/chukyu/t-dyn/src/dyn401d/dyn401dMain.c,101,mpf_mfs_readrecm,1,READREC,&fcbGrpIdx,,,"{""UNREACHABLE"": 1}",&fcbGrpIdx; DynReGrpIdxFNO,3916,"{""ALREADY_PRESENT"": 1, ""OK_CONST"": 1}",True,t-dyn/src/dyn401d/dyn401dMain.c:3548 mpf_mfs_open_H arg 2 > t-dyn/src/dyn401d/dyn401dMain.c:3735 mpf_mfs_readrecm handle 1
both_unresolved,mfs_file,/home/chukyu/t-dyn/src/dyn401d/dyn401dMain.c,105,mpf_mfs_open_H,2,OPEN_LOCK,DynReGrpSetFNO,,,"{""UNREACHABLE"": 1}",,,{},False,
both_unresolved,mfs_file,/home/chukyu/t-dyn/src/dyn401d/dyn401dMain.c,105,mpf_mfs_open_H,2,READ,,,,{},DynReGrpSetFNO,,"{""OK_CONST"": 1}",True,t-dyn/src/dyn401d/dyn401dMain.c:3853 mpf_mfs_open_H arg 2
cvisualizer_resolved_only,mfs_file,/home/chukyu/t-dyn/src/dyn401d/dyn401dMain.c,113,mpf_mfs_readrecn,1,READREC,&fcbGrp,1023,,"{""EXACT"": 1}",&fcbGrp,,"{""OK_CONST"": 1}",True,t-dyn/src/dyn401d/dyn401dMain.c:3853 mpf_mfs_open_H arg 2 > t-dyn/src/dyn401d/dyn401dMain.c:4015 mpf_mfs_readrecn handle 1
both_unresolved,mfs_file,/home/chukyu/t-dyn/src/dyn401d/dyn401dMain.c,119,mpf_mfs_open_H,2,OPEN_LOCK,DynAdvCtlStaIndFNO,,,"{""UNREACHABLE"": 1}",,,{},False,
both_unresolved,mfs_file,/home/chukyu/t-dyn/src/dyn401d/dyn401dMain.c,119,mpf_mfs_open_H,2,READ,,,,{},DynAdvCtlStaIndFNO,,"{""OK_CONST"": 1}",True,t-dyn/src/dyn401d/dyn401dMain.c:4217 mpf_mfs_open_H arg 2
both_unresolved,mfs_file,/home/chukyu/t-dyn/src/dyn401d/dyn401dMain.c,127,mpf_mfs_readrecn,1,READREC,&fcbAdvInd,,,"{""EXTERNAL"": 1}",&fcbAdvInd,,"{""OK_CONST"": 1}",True,t-dyn/src/dyn401d/dyn401dMain.c:4217 mpf_mfs_open_H arg 2 > t-dyn/src/dyn401d/dyn401dMain.c:4391 mpf_mfs_readrecn handle 1
both_unresolved,mfs_file,/home/chukyu/t-dyn/src/dyn401d/dyn401dMain.c,165,mpf_mfs_open_H,2,OPEN_LOCK,DynAdvCtlStaIndFNO,,,"{""UNREACHABLE"": 1}",,,{},False,
both_unresolved,mfs_file,/home/chukyu/t-dyn/src/dyn401d/dyn401dMain.c,165,mpf_mfs_open_H,2,READ,,,,{},DynAdvCtlStaIndFNO,,"{""OK_CONST"": 1}",True,t-dyn/src/dyn401d/dyn401dMain.c:5649 mpf_mfs_open_H arg 2
both_unresolved,mfs_file,/home/chukyu/t-dyn/src/dyn401d/dyn401dMain.c,173,mpf_mfs_writerecn,1,WRITEREC,&fcbAdvInd,,,"{""EXTERNAL"": 1}",&fcbAdvInd,,"{""OK_CONST"": 1}",True,t-dyn/src/dyn401d/dyn401dMain.c:5649 mpf_mfs_open_H arg 2 > t-dyn/src/dyn401d/dyn401dMain.c:5824 mpf_mfs_writerecn handle 1
both_unresolved,mfs_file,/home/chukyu/t-dyn/src/dyn401d/dyn401dMain.c,371,mpf_mfs_readrecm,1,READREC,&sFcb,,,"{""UNREACHABLE"": 1}",,,{},False,
both_unresolved,mfs_file,/home/chukyu/t-dyn/src/dyn401d/dyn401dMain.c,579,mpf_mfs_open_H,2,OPEN_LOCK,DynReSndStaDFSFNO,,,"{""UNREACHABLE"": 1}",,,{},False,
both_unresolved,mfs_file,/home/chukyu/t-dyn/src/dyn401d/dyn401dMain.c,590,mpf_mfs_readrecn,1,READREC,&fcb,,,"{""UNRESOLVED"": 1}",,,{},False,
both_unresolved,mfs_file,/home/chukyu/t-dyn/src/dyn401d/dyn401dMain.c,591,mpf_mfs_readrecn,1,READREC,&fcb,,,"{""UNRESOLVED"": 1}",,,{},False,
both_unresolved,mfs_file,/home/chukyu/t-dyn/src/dyn401d/dyn401dMain.c,598,mpf_mfs_open_H,2,OPEN_LOCK,DynReSireiInfFNO,,,"{""UNREACHABLE"": 1}",,,{},False,
both_unresolved,mfs_file,/home/chukyu/t-dyn/src/dyn401d/dyn401dMain.c,606,mpf_mfs_readrecm,1,READREC,&fcbSirei,,,"{""UNREACHABLE"": 1}",,,{},False,
both_unresolved,mfs_file,/home/chukyu/t-dyn/src/dyn401d/dyn401dMain.c,743,mpf_mfs_open_H,2,OPEN_LOCK,DynReSireiInfFNO,,,"{""UNREACHABLE"": 1}",,,{},False,
both_unresolved,mfs_file,/home/chukyu/t-dyn/src/dyn401d/dyn401dMain.c,751,mpf_mfs_writerecm,1,WRITEREC,&fcbSirei,,,"{""UNREACHABLE"": 1}",,,{},False,
both_unresolved,mfs_file,/home/chukyu/t-dyn/src/dyn401d/dyn401dMntCtrl.c,53,mpf_mfs_readrecm,1,READREC,&fcb,,,"{""UNREACHABLE"": 1}",,,{},False,
both_unresolved,mfs_file,/home/chukyu/t-dyn/src/dyn401d/dyn401dMntCtrl.c,71,mpf_mfs_writerecm,1,WRITEREC,&fcb,,,"{""UNREACHABLE"": 1}",,,{},False,
both_unresolved,mfs_file,/home/chukyu/t-dyn/src/dyn401d/dyn401dMntCtrl.c,84,mpf_mfs_readrecn,1,READREC,&fcb,,,"{""UNRESOLVED"": 1}",,,{},False,
both_unresolved,mfs_file,/home/chukyu/t-dyn/src/dyn401d/dyn401dMntCtrl.c,93,mpf_mfs_writerecn,1,WRITEREC,&fcb,,,"{""UNRESOLVED"": 1}",,,{},False,
both_unresolved,mfs_file,/home/chukyu/t-dyn/src/dyn401d/dyn401dMntCtrl.c,126,mpf_mfs_readrecm,1,READREC,&fcb,,,"{""UNREACHABLE"": 1}",,,{},False,
both_unresolved,mfs_file,/home/chukyu/t-dyn/src/dyn401d/dyn401dMntCtrl.c,144,mpf_mfs_writerecm,1,WRITEREC,&fcb,,,"{""UNREACHABLE"": 1}",,,{},False,
both_unresolved,mfs_file,/home/chukyu/t-dyn/src/dyn401d/dyn401dMntCtrl.c,154,mpf_mfs_readrecn,1,READREC,&fcb,,,"{""EXTERNAL"": 1}",,,{},False,
both_unresolved,mfs_file,/home/chukyu/t-dyn/src/dyn401d/dyn401dMntCtrl.c,165,mpf_mfs_writerecn,1,WRITEREC,&fcb,,,"{""EXTERNAL"": 1}",,,{},False,
legacy_resolved_only,mfs_file,/home/chukyu/t-dyn/src/dyn401d/dyn401dRequest.c,149,mpf_mfs_readrecm,1,READREC,&fcb,,,"{""UNREACHABLE"": 1}",&fcb; DynReTaikoSetFNO,3909,"{""ALREADY_PRESENT"": 1, ""OK_CONST"": 1}",True,t-dyn/src/dyn401d/dyn401dRequest.c:6197 mpf_mfs_openm_H arg 2 > t-dyn/src/dyn401d/dyn401dRequest.c:6384 mpf_mfs_readrecm handle 1
legacy_resolved_only,mfs_file,/home/chukyu/t-dyn/src/dyn401d/dyn401dRequest.c,181,mpf_mfs_readrecm,1,READREC,&fcb,,,"{""UNREACHABLE"": 1}",&fcb; DynReGrpIdxFNO,3916,"{""ALREADY_PRESENT"": 1, ""OK_CONST"": 1}",True,t-dyn/src/dyn401d/dyn401dRequest.c:7017 mpf_mfs_open_H arg 2 > t-dyn/src/dyn401d/dyn401dRequest.c:7203 mpf_mfs_readrecm handle 1
both_unresolved,mfs_file,/home/chukyu/t-dyn/src/dyn401d/dyn401dRequest.c,185,mpf_mfs_open_H,2,OPEN_LOCK,DynReGrpSetFNO,,,"{""UNREACHABLE"": 1}",,,{},False,
both_unresolved,mfs_file,/home/chukyu/t-dyn/src/dyn401d/dyn401dRequest.c,185,mpf_mfs_open_H,2,READ,,,,{},DynReGrpSetFNO,,"{""OK_CONST"": 1}",True,t-dyn/src/dyn401d/dyn401dRequest.c:7315 mpf_mfs_open_H arg 2
cvisualizer_resolved_only,mfs_file,/home/chukyu/t-dyn/src/dyn401d/dyn401dRequest.c,193,mpf_mfs_readrecn,1,READREC,&fcb,1023,,"{""EXACT"": 1}",&fcb,,"{""OK_CONST"": 1}",True,t-dyn/src/dyn401d/dyn401dRequest.c:7315 mpf_mfs_open_H arg 2 > t-dyn/src/dyn401d/dyn401dRequest.c:7503 mpf_mfs_readrecn handle 1
legacy_resolved_only,mfs_file,/home/chukyu/t-dyn/src/dyn401d/dyn401dRequest.c,208,mpf_mfs_readrecn,1,READREC,&fcb,,,"{""UNRESOLVED"": 1}",&fcb; DynReSchSetTkFNO,3910,"{""ALREADY_PRESENT"": 1, ""OK_CONST"": 1}",True,t-dyn/src/dyn401d/dyn401dRequest.c:7730 mpf_mfs_open_H arg 2 > t-dyn/src/dyn401d/dyn401dRequest.c:7950 mpf_mfs_readrecn handle 1
both_unresolved,mfs_file,/home/chukyu/t-dyn/src/dyn401d/dyn401dRequest.c,214,mpf_mfs_open_H,2,OPEN_LOCK,DynREGetSchfno(nFnoidx),,,"{""UNREACHABLE"": 1}",,,{},False,
both_unresolved,mfs_file,/home/chukyu/t-dyn/src/dyn401d/dyn401dRequest.c,214,mpf_mfs_open_H,2,READ,,,,{},DynREGetSchfno(nFnoidx),,"{""UNRESOLVED"": 1}",True,t-dyn/src/dyn401d/dyn401dScheCtrl.c:4273 dyn401dRequest arg 2 > [t-dyn/src/dyn401d/dyn401dRequest.c]dyn401dRequest.param2(param_2) > t-dyn/src/dyn401d/dyn401dRequest.c:8178 mpf_mfs_open_H arg 2
both_unresolved,mfs_file,/home/chukyu/t-dyn/src/dyn401d/dyn401dRequest.c,222,mpf_mfs_readrecn,1,READREC,&fcb,,,"{""EXTERNAL"": 1}",&fcb,,"{""UNRESOLVED"": 1}",True,t-dyn/src/dyn401d/dyn401dScheCtrl.c:4273 dyn401dRequest arg 2 > [t-dyn/src/dyn401d/dyn401dRequest.c]dyn401dRequest.param2(param_2) > t-dyn/src/dyn401d/dyn401dRequest.c:8178 mpf_mfs_open_H arg 2 > t-dyn/src/dyn401d/dyn401dRequest.c:8396 mpf_mfs_readrecn handle 1
both_unresolved,mfs_file,/home/chukyu/t-dyn/src/dyn401d/dyn401dRequest.c,227,mpf_mfs_open_H,2,OPEN_LOCK,DynReCtlStaFNO,,,"{""UNREACHABLE"": 1}",,,{},False,
both_unresolved,mfs_file,/home/chukyu/t-dyn/src/dyn401d/dyn401dRequest.c,227,mpf_mfs_open_H,2,READ,,,,{},DynReCtlStaFNO,,"{""OK_CONST"": 1}",True,t-dyn/src/dyn401d/dyn401dRequest.c:8541 mpf_mfs_open_H arg 2
cvisualizer_resolved_only,mfs_file,/home/chukyu/t-dyn/src/dyn401d/dyn401dRequest.c,235,mpf_mfs_readrecn,1,READREC,&fcb,1022,,"{""EXACT"": 1}",&fcb,,"{""OK_CONST"": 1}",True,t-dyn/src/dyn401d/dyn401dRequest.c:8541 mpf_mfs_open_H arg 2 > t-dyn/src/dyn401d/dyn401dRequest.c:8728 mpf_mfs_readrecn handle 1
both_unresolved,mfs_file,/home/chukyu/t-dyn/src/dyn401d/dyn401dRequest.c,239,mpf_mfs_open_H,2,OPEN_LOCK,DynAdvCtlStaIndFNO,,,"{""UNREACHABLE"": 1}",,,{},False,
both_unresolved,mfs_file,/home/chukyu/t-dyn/src/dyn401d/dyn401dRequest.c,239,mpf_mfs_open_H,2,READ,,,,{},DynAdvCtlStaIndFNO,,"{""OK_CONST"": 1}",True,t-dyn/src/dyn401d/dyn401dRequest.c:8890 mpf_mfs_open_H arg 2
both_unresolved,mfs_file,/home/chukyu/t-dyn/src/dyn401d/dyn401dRequest.c,247,mpf_mfs_readrecn,1,READREC,&fcb,,,"{""EXTERNAL"": 1}",&fcb,,"{""OK_CONST"": 1}",True,t-dyn/src/dyn401d/dyn401dRequest.c:8890 mpf_mfs_open_H arg 2 > t-dyn/src/dyn401d/dyn401dRequest.c:9081 mpf_mfs_readrecn handle 1
disjoint,mfs_file,/home/chukyu/t-dyn/src/dyn401d/dyn401dRequest.c,259,mpf_mfs_readrecn,1,READREC,&fcb,1081,,"{""EXACT"": 1}",&fcb; DynReEmeStaIndFNO,1080,"{""ALREADY_PRESENT"": 1, ""OK_CONST"": 1}",True,t-dyn/src/dyn401d/dyn401dRequest.c:9237 mpf_mfs_open_H arg 2 > t-dyn/src/dyn401d/dyn401dRequest.c:9427 mpf_mfs_readrecn handle 1
equal,mfs_file,/home/chukyu/t-dyn/src/dyn401d/dyn401dRequest.c,271,mpf_mfs_readrecn,1,READREC,&fcb,1343,,"{""EXACT"": 1}",&fcb; DynReAtEmeKanFNO,1343,"{""ALREADY_PRESENT"": 1, ""OK_CONST"": 1}",True,t-dyn/src/dyn401d/dyn401dRequest.c:9585 mpf_mfs_open_H arg 2 > t-dyn/src/dyn401d/dyn401dRequest.c:9777 mpf_mfs_readrecn handle 1
legacy_resolved_only,mfs_file,/home/chukyu/t-dyn/src/dyn401d/dyn401dRequest.c,280,mpf_mfs_readrecm,1,READREC,&fcb,,,"{""UNREACHABLE"": 1}",&fcb; DynReCtlMntStaFNO,3986,"{""ALREADY_PRESENT"": 1, ""OK_CONST"": 1}",True,t-dyn/src/dyn401d/dyn401dRequest.c:9953 mpf_mfs_open_H arg 2 > t-dyn/src/dyn401d/dyn401dRequest.c:10152 mpf_mfs_readrecm handle 1
legacy_resolved_only,mfs_file,/home/chukyu/t-dyn/src/dyn401d/dyn401dRequest.c,287,mpf_mfs_readrecn,1,READREC,&fcb,,,"{""UNRESOLVED"": 1}",&fcb; DynReCtlMntSetFNO,3987,"{""ALREADY_PRESENT"": 1, ""OK_CONST"": 1}",True,t-dyn/src/dyn401d/dyn401dRequest.c:10235 mpf_mfs_open_H arg 2 > t-dyn/src/dyn401d/dyn401dRequest.c:10436 mpf_mfs_readrecn handle 1
legacy_resolved_only,mfs_file,/home/chukyu/t-dyn/src/dyn401d/dyn401dRequest.c,296,mpf_mfs_readrecm,1,READREC,&fcb,,,"{""UNREACHABLE"": 1}",&fcb; DynReKoteMntStaFNO,3989,"{""ALREADY_PRESENT"": 1, ""OK_CONST"": 1}",True,t-dyn/src/dyn401d/dyn401dRequest.c:10610 mpf_mfs_open_H arg 2 > t-dyn/src/dyn401d/dyn401dRequest.c:10811 mpf_mfs_readrecm handle 1
legacy_resolved_only,mfs_file,/home/chukyu/t-dyn/src/dyn401d/dyn401dRequest.c,303,mpf_mfs_readrecn,1,READREC,&fcb,,,"{""EXTERNAL"": 1}",&fcb; DynReKoteMntSetFNO,3990,"{""ALREADY_PRESENT"": 1, ""OK_CONST"": 1}",True,t-dyn/src/dyn401d/dyn401dRequest.c:10895 mpf_mfs_open_H arg 2 > t-dyn/src/dyn401d/dyn401dRequest.c:11096 mpf_mfs_readrecn handle 1
legacy_resolved_only,mfs_file,/home/chukyu/t-dyn/src/dyn401d/dyn401dRequest.c,328,mpf_mfs_readrecn,1,READREC,&fcb,,,"{""UNRESOLVED"": 1}",&fcb; DynReKoTeiHtSetFNO,4013,"{""ALREADY_PRESENT"": 1, ""OK_CONST"": 1}",True,t-dyn/src/dyn401d/dyn401dRequest.c:11717 mpf_mfs_open_H arg 2 > t-dyn/src/dyn401d/dyn401dRequest.c:11909 mpf_mfs_readrecn handle 1
both_unresolved,mfs_file,/home/chukyu/t-dyn/src/dyn401d/dyn401dRequest.c,363,mpf_mfs_open_H,2,OPEN_LOCK,DynREGetSchKKfno(nFnoidxKK),,,"{""UNREACHABLE"": 1}",,,{},False,
both_unresolved,mfs_file,/home/chukyu/t-dyn/src/dyn401d/dyn401dRequest.c,363,mpf_mfs_open_H,2,READ,,,,{},DynREGetSchKKfno(nFnoidxKK),,"{""UNRESOLVED"": 1}",True,t-dyn/src/dyn401d/dyn401dScheCtrl.c:4273 dyn401dRequest arg 4 > [t-dyn/src/dyn401d/dyn401dRequest.c]dyn401dRequest.param4(param_4) > t-dyn/src/dyn401d/dyn401dRequest.c:13074 mpf_mfs_open_H arg 2
both_unresolved,mfs_file,/home/chukyu/t-dyn/src/dyn401d/dyn401dRequest.c,371,mpf_mfs_readrecn,1,READREC,&fcb,,,"{""EXTERNAL"": 1}",&fcb,,"{""UNRESOLVED"": 1}",True,t-dyn/src/dyn401d/dyn401dScheCtrl.c:4273 dyn401dRequest arg 4 > [t-dyn/src/dyn401d/dyn401dRequest.c]dyn401dRequest.param4(param_4) > t-dyn/src/dyn401d/dyn401dRequest.c:13074 mpf_mfs_open_H arg 2 > t-dyn/src/dyn401d/dyn401dRequest.c:13312 mpf_mfs_readrecn handle 1
both_unresolved,mfs_file,/home/chukyu/t-dyn/src/dyn401d/dyn401dRequest.c,373,mpf_mfs_open_H,2,OPEN_LOCK,DynREGetSchKKLCfno(nFnoidxKK),,,"{""UNREACHABLE"": 1}",,,{},False,
both_unresolved,mfs_file,/home/chukyu/t-dyn/src/dyn401d/dyn401dRequest.c,373,mpf_mfs_open_H,2,READ,,,,{},DynREGetSchKKLCfno(nFnoidxKK),,"{""UNRESOLVED"": 1}",True,t-dyn/src/dyn401d/dyn401dScheCtrl.c:4273 dyn401dRequest arg 4 > [t-dyn/src/dyn401d/dyn401dRequest.c]dyn401dRequest.param4(param_4) > t-dyn/src/dyn401d/dyn401dRequest.c:13422 mpf_mfs_open_H arg 2
both_unresolved,mfs_file,/home/chukyu/t-dyn/src/dyn401d/dyn401dRequest.c,381,mpf_mfs_readrecn,1,READREC,&fcb,,,"{""EXTERNAL"": 1}",&fcb,,"{""UNRESOLVED"": 1}",True,t-dyn/src/dyn401d/dyn401dScheCtrl.c:4273 dyn401dRequest arg 4 > [t-dyn/src/dyn401d/dyn401dRequest.c]dyn401dRequest.param4(param_4) > t-dyn/src/dyn401d/dyn401dRequest.c:13422 mpf_mfs_open_H arg 2 > t-dyn/src/dyn401d/dyn401dRequest.c:13666 mpf_mfs_readrecn handle 1
legacy_resolved_only,mfs_file,/home/chukyu/t-dyn/src/dyn401d/dyn401dRequest.c,513,mpf_mfs_writerecm,1,WRITEREC,&fcb,,,"{""UNREACHABLE"": 1}",&fcb; DynReEmeStaIndFNO,1080,"{""ALREADY_PRESENT"": 1, ""OK_CONST"": 1}",True,t-dyn/src/dyn401d/dyn401dRequest.c:15994 mpf_mfs_open_H arg 2 > t-dyn/src/dyn401d/dyn401dRequest.c:18459 mpf_mfs_writerecm handle 1
both_unresolved,mfs_file,/home/chukyu/t-dyn/src/dyn401d/dyn401dScheCtrl.c,191,mpf_mfs_readrecm,1,READREC,&fcb,,,"{""UNREACHABLE"": 1}",,,{},False,
both_unresolved,mfs_file,/home/chukyu/t-dyn/src/dyn401d/dyn401dScheCtrl.c,196,mpf_mfs_writerecm,1,WRITEREC,&fcb,,,"{""UNREACHABLE"": 1}",,,{},False,
both_unresolved,mfs_file,/home/chukyu/t-dyn/src/dyn401d/dyn401dScheStaUpd.c,75,mpf_mfs_open_H,2,OPEN_LOCK,DynReSchStaFNO,,,"{""UNREACHABLE"": 1}",,,{},False,
both_unresolved,mfs_file,/home/chukyu/t-dyn/src/dyn401d/dyn401dScheStaUpd.c,75,mpf_mfs_open_H,2,READ,,,,{},DynReSchStaFNO,,"{""OK_CONST"": 1}",True,t-dyn/src/dyn401d/dyn401dScheStaUpd.c:2970 mpf_mfs_open_H arg 2
both_unresolved,mfs_file,/home/chukyu/t-dyn/src/dyn401d/dyn401dScheStaUpd.c,83,mpf_mfs_readrecn,1,READREC,&fcb,,,"{""EXTERNAL"": 1}",&fcb,,"{""OK_CONST"": 1}",True,t-dyn/src/dyn401d/dyn401dScheStaUpd.c:2970 mpf_mfs_open_H arg 2 > t-dyn/src/dyn401d/dyn401dScheStaUpd.c:3181 mpf_mfs_readrecn handle 1
legacy_resolved_only,mfs_file,/home/chukyu/t-dyn/src/dyn401d/dyn401dScheStaUpd.c,110,mpf_mfs_readrecn,1,READREC,&fcb,,,"{""EXTERNAL"": 1}",&fcb; DynReSchStaKKFNO,1489,"{""ALREADY_PRESENT"": 1, ""OK_CONST"": 1}",True,t-dyn/src/dyn401d/dyn401dScheStaUpd.c:3768 mpf_mfs_open_H arg 2 > t-dyn/src/dyn401d/dyn401dScheStaUpd.c:3999 mpf_mfs_readrecn handle 1
both_unresolved,mfs_file,/home/chukyu/t-dyn/src/dyn401d/dyn401dScheStaUpd.c,158,mpf_mfs_open_H,2,OPEN_LOCK,DynReSchStaFNO,,,"{""UNREACHABLE"": 1}",,,{},False,
both_unresolved,mfs_file,/home/chukyu/t-dyn/src/dyn401d/dyn401dScheStaUpd.c,158,mpf_mfs_open_H,2,READ,,,,{},DynReSchStaFNO,,"{""OK_CONST"": 1}",True,t-dyn/src/dyn401d/dyn401dScheStaUpd.c:5565 mpf_mfs_open_H arg 2
both_unresolved,mfs_file,/home/chukyu/t-dyn/src/dyn401d/dyn401dScheStaUpd.c,168,mpf_mfs_writerecn,1,WRITEREC,&fcb,,,"{""EXTERNAL"": 1}",&fcb,,"{""OK_CONST"": 1}",True,t-dyn/src/dyn401d/dyn401dScheStaUpd.c:5565 mpf_mfs_open_H arg 2 > t-dyn/src/dyn401d/dyn401dScheStaUpd.c:5805 mpf_mfs_writerecn handle 1
both_unresolved,mfs_file,/home/chukyu/t-dyn/src/dyn401d/dyn401dScheStaUpd.c,190,mpf_mfs_open_H,2,OPEN_LOCK,DynREGetSchfno(nFnoidx),,,"{""UNREACHABLE"": 1}",,,{},False,
both_unresolved,mfs_file,/home/chukyu/t-dyn/src/dyn401d/dyn401dScheStaUpd.c,190,mpf_mfs_open_H,2,READ,,,,{},DynREGetSchfno(nFnoidx),,"{""UNRESOLVED"": 1}",True,t-dyn/src/dyn401d/dyn401dScheStaUpd.c:6809 mpf_mfs_open_H arg 2
both_unresolved,mfs_file,/home/chukyu/t-dyn/src/dyn401d/dyn401dScheStaUpd.c,200,mpf_mfs_writerecm,1,WRITEREC,&fcb,,,"{""UNREACHABLE"": 1}",&fcb,,"{""UNRESOLVED"": 1}",True,t-dyn/src/dyn401d/dyn401dScheStaUpd.c:6809 mpf_mfs_open_H arg 2 > t-dyn/src/dyn401d/dyn401dScheStaUpd.c:7149 mpf_mfs_writerecm handle 1
legacy_resolved_only,mfs_file,/home/chukyu/t-dyn/src/dyn401d/dyn401dScheStaUpd.c,226,mpf_mfs_writerecm,1,WRITEREC,&fcb,,,"{""UNREACHABLE"": 1}",&fcb; DynReSchColorFNO,1487,"{""ALREADY_PRESENT"": 1, ""OK_CONST"": 1}",True,t-dyn/src/dyn401d/dyn401dScheStaUpd.c:7739 mpf_mfs_open_H arg 2 > t-dyn/src/dyn401d/dyn401dScheStaUpd.c:8118 mpf_mfs_writerecm handle 1
legacy_resolved_only,mfs_file,/home/chukyu/t-dyn/src/dyn401d/dyn401dScheStaUpd.c,243,mpf_mfs_readrecn,1,READREC,&fcb,,,"{""EXTERNAL"": 1}",&fcb; DynReSchStaKKFNO,1489,"{""ALREADY_PRESENT"": 1, ""OK_CONST"": 1}",True,t-dyn/src/dyn401d/dyn401dScheStaUpd.c:8369 mpf_mfs_open_H arg 2 > t-dyn/src/dyn401d/dyn401dScheStaUpd.c:8576 mpf_mfs_readrecn handle 1
legacy_resolved_only,mfs_file,/home/chukyu/t-dyn/src/dyn401d/dyn401dScheStaUpd.c,272,mpf_mfs_writerecn,1,WRITEREC,&fcb,,,"{""EXTERNAL"": 1}",&fcb; DynReSchStaKKFNO,1489,"{""ALREADY_PRESENT"": 1, ""OK_CONST"": 1}",True,t-dyn/src/dyn401d/dyn401dScheStaUpd.c:9351 mpf_mfs_open_H arg 2 > t-dyn/src/dyn401d/dyn401dScheStaUpd.c:9611 mpf_mfs_writerecn handle 1
both_unresolved,mfs_file,/home/chukyu/t-dyn/src/dyn401d/dyn401dScheStaUpd.c,283,mpf_mfs_open_H,2,OPEN_LOCK,DynREGetSchKKfno(0),,,"{""UNREACHABLE"": 1}",,,{},False,
both_unresolved,mfs_file,/home/chukyu/t-dyn/src/dyn401d/dyn401dScheStaUpd.c,283,mpf_mfs_open_H,2,READ,,,,{},DynREGetSchKKfno(0),,"{""UNRESOLVED"": 1}",True,t-dyn/src/dyn401d/dyn401dScheStaUpd.c:10070 mpf_mfs_open_H arg 2
both_unresolved,mfs_file,/home/chukyu/t-dyn/src/dyn401d/dyn401dScheStaUpd.c,291,mpf_mfs_readrecm,1,READREC,&fcb,,,"{""UNREACHABLE"": 1}",&fcb,,"{""UNRESOLVED"": 1}",True,t-dyn/src/dyn401d/dyn401dScheStaUpd.c:10070 mpf_mfs_open_H arg 2 > t-dyn/src/dyn401d/dyn401dScheStaUpd.c:10304 mpf_mfs_readrecm handle 1
both_unresolved,mfs_file,/home/chukyu/t-dyn/src/dyn401d/dyn401dScheStaUpd.c,299,mpf_mfs_open_H,2,OPEN_LOCK,DynREGetSchKKfno(nFnoidx),,,"{""UNREACHABLE"": 1}",,,{},False,
both_unresolved,mfs_file,/home/chukyu/t-dyn/src/dyn401d/dyn401dScheStaUpd.c,299,mpf_mfs_open_H,2,READ,,,,{},DynREGetSchKKfno(nFnoidx),,"{""UNRESOLVED"": 1}",True,t-dyn/src/dyn401d/dyn401dScheStaUpd.c:10713 mpf_mfs_open_H arg 2
both_unresolved,mfs_file,/home/chukyu/t-dyn/src/dyn401d/dyn401dScheStaUpd.c,309,mpf_mfs_writerecm,1,WRITEREC,&fcb,,,"{""UNREACHABLE"": 1}",&fcb,,"{""UNRESOLVED"": 1}",True,t-dyn/src/dyn401d/dyn401dScheStaUpd.c:10713 mpf_mfs_open_H arg 2 > t-dyn/src/dyn401d/dyn401dScheStaUpd.c:11057 mpf_mfs_writerecm handle 1
both_unresolved,mfs_file,/home/chukyu/t-dyn/src/dyn401d/dyn401dScheStaUpd.c,314,mpf_mfs_writerecm,1,WRITEREC,&fcb,,,"{""UNREACHABLE"": 1}",&fcb,,"{""UNRESOLVED"": 1}",True,t-dyn/src/dyn401d/dyn401dScheStaUpd.c:10713 mpf_mfs_open_H arg 2 > t-dyn/src/dyn401d/dyn401dScheStaUpd.c:11267 mpf_mfs_writerecm handle 1
both_unresolved,mfs_file,/home/chukyu/t-dyn/src/dyn401d/dyn401dScheStaUpd.c,322,mpf_mfs_open_H,2,OPEN_LOCK,DynREGetSchKKfno(0),,,"{""UNREACHABLE"": 1}",,,{},False,
both_unresolved,mfs_file,/home/chukyu/t-dyn/src/dyn401d/dyn401dScheStaUpd.c,322,mpf_mfs_open_H,2,READ,,,,{},DynREGetSchKKfno(0),,"{""UNRESOLVED"": 1}",True,t-dyn/src/dyn401d/dyn401dScheStaUpd.c:11595 mpf_mfs_open_H arg 2
both_unresolved,mfs_file,/home/chukyu/t-dyn/src/dyn401d/dyn401dScheStaUpd.c,330,mpf_mfs_writerecm,1,WRITEREC,&fcb,,,"{""UNREACHABLE"": 1}",&fcb,,"{""UNRESOLVED"": 1}",True,t-dyn/src/dyn401d/dyn401dScheStaUpd.c:11595 mpf_mfs_open_H arg 2 > t-dyn/src/dyn401d/dyn401dScheStaUpd.c:11830 mpf_mfs_writerecm handle 1
both_unresolved,mfs_file,/home/chukyu/t-dyn/src/dyn401d/dyn401dScheStaUpd.c,334,mpf_mfs_open_H,2,OPEN_LOCK,DynREGetSchKKLCfno(0),,,"{""UNREACHABLE"": 1}",,,{},False,
both_unresolved,mfs_file,/home/chukyu/t-dyn/src/dyn401d/dyn401dScheStaUpd.c,334,mpf_mfs_open_H,2,READ,,,,{},DynREGetSchKKLCfno(0),,"{""UNRESOLVED"": 1}",True,t-dyn/src/dyn401d/dyn401dScheStaUpd.c:12010 mpf_mfs_open_H arg 2
both_unresolved,mfs_file,/home/chukyu/t-dyn/src/dyn401d/dyn401dScheStaUpd.c,342,mpf_mfs_readrecm,1,READREC,&fcb,,,"{""UNREACHABLE"": 1}",&fcb,,"{""UNRESOLVED"": 1}",True,t-dyn/src/dyn401d/dyn401dScheStaUpd.c:12010 mpf_mfs_open_H arg 2 > t-dyn/src/dyn401d/dyn401dScheStaUpd.c:12246 mpf_mfs_readrecm handle 1
both_unresolved,mfs_file,/home/chukyu/t-dyn/src/dyn401d/dyn401dScheStaUpd.c,350,mpf_mfs_open_H,2,OPEN_LOCK,DynREGetSchKKLCfno(nFnoidx),,,"{""UNREACHABLE"": 1}",,,{},False,
both_unresolved,mfs_file,/home/chukyu/t-dyn/src/dyn401d/dyn401dScheStaUpd.c,350,mpf_mfs_open_H,2,READ,,,,{},DynREGetSchKKLCfno(nFnoidx),,"{""UNRESOLVED"": 1}",True,t-dyn/src/dyn401d/dyn401dScheStaUpd.c:12661 mpf_mfs_open_H arg 2
both_unresolved,mfs_file,/home/chukyu/t-dyn/src/dyn401d/dyn401dScheStaUpd.c,360,mpf_mfs_writerecm,1,WRITEREC,&fcb,,,"{""UNREACHABLE"": 1}",&fcb,,"{""UNRESOLVED"": 1}",True,t-dyn/src/dyn401d/dyn401dScheStaUpd.c:12661 mpf_mfs_open_H arg 2 > t-dyn/src/dyn401d/dyn401dScheStaUpd.c:13007 mpf_mfs_writerecm handle 1
both_unresolved,mfs_file,/home/chukyu/t-dyn/src/dyn401d/dyn401dScheStaUpd.c,365,mpf_mfs_writerecm,1,WRITEREC,&fcb,,,"{""UNREACHABLE"": 1}",&fcb,,"{""UNRESOLVED"": 1}",True,t-dyn/src/dyn401d/dyn401dScheStaUpd.c:12661 mpf_mfs_open_H arg 2 > t-dyn/src/dyn401d/dyn401dScheStaUpd.c:13219 mpf_mfs_writerecm handle 1
both_unresolved,mfs_file,/home/chukyu/t-dyn/src/dyn401d/dyn401dScheStaUpd.c,373,mpf_mfs_open_H,2,OPEN_LOCK,DynREGetSchKKLCfno(0),,,"{""UNREACHABLE"": 1}",,,{},False,
both_unresolved,mfs_file,/home/chukyu/t-dyn/src/dyn401d/dyn401dScheStaUpd.c,373,mpf_mfs_open_H,2,READ,,,,{},DynREGetSchKKLCfno(0),,"{""UNRESOLVED"": 1}",True,t-dyn/src/dyn401d/dyn401dScheStaUpd.c:13553 mpf_mfs_open_H arg 2
both_unresolved,mfs_file,/home/chukyu/t-dyn/src/dyn401d/dyn401dScheStaUpd.c,381,mpf_mfs_writerecm,1,WRITEREC,&fcb,,,"{""UNREACHABLE"": 1}",&fcb,,"{""UNRESOLVED"": 1}",True,t-dyn/src/dyn401d/dyn401dScheStaUpd.c:13553 mpf_mfs_open_H arg 2 > t-dyn/src/dyn401d/dyn401dScheStaUpd.c:13790 mpf_mfs_writerecm handle 1
both_unresolved,mfs_file,/home/chukyu/t-dyn/src/dyn402d/dyn402dKanCtl.c,87,mpf_mfs_open_H,2,OPEN_LOCK,DynReITCInfFNO,,,"{""UNREACHABLE"": 1}",,,{},False,
both_unresolved,mfs_file,/home/chukyu/t-dyn/src/dyn402d/dyn402dKanCtl.c,87,mpf_mfs_open_H,2,READ,,,,{},DynReITCInfFNO,,"{""OK_CONST"": 1}",True,t-dyn/src/dyn402d/dyn402dKanCtl.c:3451 mpf_mfs_open_H arg 2
cvisualizer_resolved_only,mfs_file,/home/chukyu/t-dyn/src/dyn402d/dyn402dKanCtl.c,95,mpf_mfs_readrecn,1,READREC,&fcb,1027,,"{""EXACT"": 1}",&fcb,,"{""OK_CONST"": 1}",True,t-dyn/src/dyn402d/dyn402dKanCtl.c:3451 mpf_mfs_open_H arg 2 > t-dyn/src/dyn402d/dyn402dKanCtl.c:3694 mpf_mfs_readrecn handle 1
both_unresolved,mfs_file,/home/chukyu/t-dyn/src/dyn402d/dyn402dKanCtl.c,211,mpf_mfs_open_H,2,OPEN_LOCK,DynReOutKanStaFNO,,,"{""UNREACHABLE"": 1}",,,{},False,
both_unresolved,mfs_file,/home/chukyu/t-dyn/src/dyn402d/dyn402dKanCtl.c,211,mpf_mfs_open_H,2,READ,,,,{},DynReOutKanStaFNO,,"{""OK_CONST"": 1}",True,t-dyn/src/dyn402d/dyn402dKanCtl.c:7007 mpf_mfs_open_H arg 2
both_unresolved,mfs_file,/home/chukyu/t-dyn/src/dyn402d/dyn402dKanCtl.c,220,mpf_mfs_open_H,2,OPEN_LOCK,DynReKansiStaFNO,,,"{""UNREACHABLE"": 1}",,,{},False,
both_unresolved,mfs_file,/home/chukyu/t-dyn/src/dyn402d/dyn402dKanCtl.c,220,mpf_mfs_open_H,2,READ,,,,{},DynReKansiStaFNO,,"{""OK_CONST"": 1}",True,t-dyn/src/dyn402d/dyn402dKanCtl.c:7276 mpf_mfs_open_H arg 2
both_unresolved,mfs_file,/home/chukyu/t-dyn/src/dyn402d/dyn402dKanCtl.c,230,mpf_mfs_open_H,2,OPEN_LOCK,DynReOutKanSetFNO,,,"{""UNREACHABLE"": 1}",,,{},False,
both_unresolved,mfs_file,/home/chukyu/t-dyn/src/dyn402d/dyn402dKanCtl.c,230,mpf_mfs_open_H,2,READ,,,,{},DynReOutKanSetFNO,,"{""OK_CONST"": 1}",True,t-dyn/src/dyn402d/dyn402dKanCtl.c:7588 mpf_mfs_open_H arg 2
both_unresolved,mfs_file,/home/chukyu/t-dyn/src/dyn402d/dyn402dKanCtl.c,248,mpf_mfs_writerecn,1,WRITEREC,&fcb_OutKanSta,,,"{""UNRESOLVED"": 1}",&fcb_OutKanSta,,"{""OK_CONST"": 1}",True,t-dyn/src/dyn402d/dyn402dKanCtl.c:8159 mpf_mfs_writerecn handle 1
both_unresolved,mfs_file,/home/chukyu/t-dyn/src/dyn402d/dyn402dKanCtl.c,253,mpf_mfs_writerecn,1,WRITEREC,&fcb_KansiSta,,,"{""UNRESOLVED"": 1}",&fcb_KansiSta,,"{""OK_CONST"": 1}",True,t-dyn/src/dyn402d/dyn402dKanCtl.c:8391 mpf_mfs_writerecn handle 1
both_unresolved,mfs_file,/home/chukyu/t-dyn/src/dyn402d/dyn402dKanCtl.c,261,mpf_mfs_readrecn,1,READREC,&fcb_OutKanSta,,,"{""UNRESOLVED"": 1}",&fcb_OutKanSta,,"{""OK_CONST"": 1}",True,t-dyn/src/dyn402d/dyn402dKanCtl.c:8672 mpf_mfs_readrecn handle 1
both_unresolved,mfs_file,/home/chukyu/t-dyn/src/dyn402d/dyn402dKanCtl.c,263,mpf_mfs_readrecn,1,READREC,&fcb_KansiSta,,,"{""UNRESOLVED"": 1}",&fcb_KansiSta,,"{""OK_CONST"": 1}",True,t-dyn/src/dyn402d/dyn402dKanCtl.c:8824 mpf_mfs_readrecn handle 1
cvisualizer_resolved_only,mfs_file,/home/chukyu/t-dyn/src/dyn402d/dyn402dKanCtl.c,265,mpf_mfs_readrecn,1,READREC,&fcb_OutKanSet,1031,,"{""EXACT"": 1}",&fcb_OutKanSet,,"{""OK_CONST"": 1}",True,t-dyn/src/dyn402d/dyn402dKanCtl.c:7588 mpf_mfs_open_H arg 2 > t-dyn/src/dyn402d/dyn402dKanCtl.c:8976 mpf_mfs_readrecn handle 1
both_unresolved,mfs_file,/home/chukyu/t-dyn/src/dyn402d/dyn402dKanValGet.c,134,mpf_mfs_open_H,2,OPEN_LOCK,DynRePfmCtlFNO,,,"{""UNREACHABLE"": 1}",,,{},False,
both_unresolved,mfs_file,/home/chukyu/t-dyn/src/dyn402d/dyn402dKanValGet.c,134,mpf_mfs_open_H,2,READ,,,,{},DynRePfmCtlFNO,,"{""OK_CONST"": 1}",True,t-dyn/src/dyn402d/dyn402dKanValGet.c:5556 mpf_mfs_open_H arg 2
cvisualizer_resolved_only,mfs_file,/home/chukyu/t-dyn/src/dyn402d/dyn402dKanValGet.c,142,mpf_mfs_readrecn,1,READREC,&fcb,1031,,"{""EXACT"": 1}",&fcb,,"{""OK_CONST"": 1}",True,t-dyn/src/dyn402d/dyn402dKanValGet.c:5556 mpf_mfs_open_H arg 2 > t-dyn/src/dyn402d/dyn402dKanValGet.c:5744 mpf_mfs_readrecn handle 1
both_unresolved,mfs_file,/home/chukyu/t-dyn/src/dyn402d/dyn402dKanValGet.c,186,mpf_mfs_open_H,2,OPEN_LOCK,DynReCtlStaFNO,,,"{""UNREACHABLE"": 1}",,,{},False,
both_unresolved,mfs_file,/home/chukyu/t-dyn/src/dyn402d/dyn402dKanValGet.c,186,mpf_mfs_open_H,2,READ,,,,{},DynReCtlStaFNO,,"{""OK_CONST"": 1}",True,t-dyn/src/dyn402d/dyn402dKanValGet.c:7254 mpf_mfs_open_H arg 2
cvisualizer_resolved_only,mfs_file,/home/chukyu/t-dyn/src/dyn402d/dyn402dKanValGet.c,194,mpf_mfs_readrecn,1,READREC,&fcb,1022,,"{""EXACT"": 1}",&fcb,,"{""OK_CONST"": 1}",True,t-dyn/src/dyn402d/dyn402dKanValGet.c:7254 mpf_mfs_open_H arg 2 > t-dyn/src/dyn402d/dyn402dKanValGet.c:7490 mpf_mfs_readrecn handle 1
legacy_resolved_only,mfs_file,/home/chukyu/t-dyn/src/dyn402d/dyn402dKanValGet.c,315,mpf_mfs_readrecm,1,READREC,&Refcb,,,"{""UNREACHABLE"": 1}",&Refcb; DynReGrpIdxFNO,3916,"{""ALREADY_PRESENT"": 1, ""OK_CONST"": 1}",True,t-dyn/src/dyn402d/dyn402dKanValGet.c:11855 mpf_mfs_open_H arg 2 > t-dyn/src/dyn402d/dyn402dKanValGet.c:12023 mpf_mfs_readrecm handle 1
both_unresolved,mfs_file,/home/chukyu/t-dyn/src/dyn402d/dyn402dKanValGet.c,319,mpf_mfs_open_H,2,OPEN_LOCK,DynReGrpSetFNO,,,"{""UNREACHABLE"": 1}",,,{},False,
both_unresolved,mfs_file,/home/chukyu/t-dyn/src/dyn402d/dyn402dKanValGet.c,319,mpf_mfs_open_H,2,READ,,,,{},DynReGrpSetFNO,,"{""OK_CONST"": 1}",True,t-dyn/src/dyn402d/dyn402dKanValGet.c:12141 mpf_mfs_open_H arg 2
cvisualizer_resolved_only,mfs_file,/home/chukyu/t-dyn/src/dyn402d/dyn402dKanValGet.c,326,mpf_mfs_readrecn,1,READREC,&Refcb,1023,,"{""EXACT"": 1}",&Refcb,,"{""OK_CONST"": 1}",True,t-dyn/src/dyn402d/dyn402dKanValGet.c:12141 mpf_mfs_open_H arg 2 > t-dyn/src/dyn402d/dyn402dKanValGet.c:12310 mpf_mfs_readrecn handle 1
legacy_resolved_only,mfs_file,/home/chukyu/t-dyn/src/dyn402d/dyn402dKanValGet.c,335,mpf_mfs_readrecm,1,READREC,&Refcb,,,"{""UNREACHABLE"": 1}",&Refcb; DynReCtlMntStaFNO,3986,"{""ALREADY_PRESENT"": 1, ""OK_CONST"": 1}",True,t-dyn/src/dyn402d/dyn402dKanValGet.c:12493 mpf_mfs_open_H arg 2 > t-dyn/src/dyn402d/dyn402dKanValGet.c:12694 mpf_mfs_readrecm handle 1
legacy_resolved_only,mfs_file,/home/chukyu/t-dyn/src/dyn402d/dyn402dKanValGet.c,342,mpf_mfs_readrecn,1,READREC,&Refcb,,,"{""EXTERNAL"": 1}",&Refcb; DynReCtlMntSetFNO,3987,"{""ALREADY_PRESENT"": 1, ""OK_CONST"": 1}",True,t-dyn/src/dyn402d/dyn402dKanValGet.c:12781 mpf_mfs_open_H arg 2 > t-dyn/src/dyn402d/dyn402dKanValGet.c:12984 mpf_mfs_readrecn handle 1
legacy_resolved_only,mfs_file,/home/chukyu/t-dyn/src/dyn402d/dyn402dKanValGet.c,351,mpf_mfs_readrecm,1,READREC,&Refcb,,,"{""UNREACHABLE"": 1}",&Refcb; DynReKoteMntStaFNO,3989,"{""ALREADY_PRESENT"": 1, ""OK_CONST"": 1}",True,t-dyn/src/dyn402d/dyn402dKanValGet.c:13165 mpf_mfs_open_H arg 2 > t-dyn/src/dyn402d/dyn402dKanValGet.c:13368 mpf_mfs_readrecm handle 1
legacy_resolved_only,mfs_file,/home/chukyu/t-dyn/src/dyn402d/dyn402dKanValGet.c,358,mpf_mfs_readrecn,1,READREC,&Refcb,,,"{""EXTERNAL"": 1}",&Refcb; DynReKoteMntSetFNO,3990,"{""ALREADY_PRESENT"": 1, ""OK_CONST"": 1}",True,t-dyn/src/dyn402d/dyn402dKanValGet.c:13456 mpf_mfs_open_H arg 2 > t-dyn/src/dyn402d/dyn402dKanValGet.c:13659 mpf_mfs_readrecn handle 1
disjoint,mfs_file,/home/chukyu/t-dyn/src/dyn402d/dyn402dKanValGet.c,369,mpf_mfs_readrecn,1,READREC,&Refcb,261,,"{""EXACT"": 1}",&Refcb; DynReKoTeiHtSetFNO,4013,"{""ALREADY_PRESENT"": 1, ""OK_CONST"": 1}",True,t-dyn/src/dyn402d/dyn402dKanValGet.c:13820 mpf_mfs_open_H arg 2 > t-dyn/src/dyn402d/dyn402dKanValGet.c:13993 mpf_mfs_readrecn handle 1
both_unresolved,mfs_file,/home/chukyu/t-dyn/src/dyn402d/dyn402dKanValGet.c,424,mpf_mfs_open_H,2,OPEN_LOCK,DynREGetSchfno(nFnoidx),,,"{""UNREACHABLE"": 1}",,,{},False,
both_unresolved,mfs_file,/home/chukyu/t-dyn/src/dyn402d/dyn402dKanValGet.c,424,mpf_mfs_open_H,2,READ,,,,{},DynREGetSchfno(nFnoidx),,"{""UNRESOLVED"": 1}",True,t-dyn/src/dyn402d/dyn402dKanValGet.c:15794 mpf_mfs_open_H arg 2
both_unresolved,mfs_file,/home/chukyu/t-dyn/src/dyn402d/dyn402dKanValGet.c,431,mpf_mfs_readrecn,1,READREC,&Refcb,,,"{""EXTERNAL"": 1}",&Refcb,,"{""UNRESOLVED"": 1}",True,t-dyn/src/dyn402d/dyn402dKanValGet.c:15794 mpf_mfs_open_H arg 2 > t-dyn/src/dyn402d/dyn402dKanValGet.c:15972 mpf_mfs_readrecn handle 1
both_unresolved,mfs_file,/home/chukyu/t-dyn/src/dyn402d/dyn402dKanValGet.c,445,mpf_mfs_open_H,2,OPEN_LOCK,DynREGetSchKKfno(nFnoidxKK),,,"{""UNREACHABLE"": 1}",,,{},False,
both_unresolved,mfs_file,/home/chukyu/t-dyn/src/dyn402d/dyn402dKanValGet.c,445,mpf_mfs_open_H,2,READ,,,,{},DynREGetSchKKfno(nFnoidxKK),,"{""UNRESOLVED"": 1}",True,t-dyn/src/dyn402d/dyn402dKanValGet.c:16473 mpf_mfs_open_H arg 2
both_unresolved,mfs_file,/home/chukyu/t-dyn/src/dyn402d/dyn402dKanValGet.c,450,mpf_mfs_readrecn,1,READREC,&Refcb,,,"{""EXTERNAL"": 1}",&Refcb,,"{""UNRESOLVED"": 1}",True,t-dyn/src/dyn402d/dyn402dKanValGet.c:16473 mpf_mfs_open_H arg 2 > t-dyn/src/dyn402d/dyn402dKanValGet.c:16669 mpf_mfs_readrecn handle 1
both_unresolved,mfs_file,/home/chukyu/t-dyn/src/dyn402d/dyn402dKanValGet.c,452,mpf_mfs_open_H,2,OPEN_LOCK,DynREGetSchKKLCfno(nFnoidxKK),,,"{""UNREACHABLE"": 1}",,,{},False,
both_unresolved,mfs_file,/home/chukyu/t-dyn/src/dyn402d/dyn402dKanValGet.c,452,mpf_mfs_open_H,2,READ,,,,{},DynREGetSchKKLCfno(nFnoidxKK),,"{""UNRESOLVED"": 1}",True,t-dyn/src/dyn402d/dyn402dKanValGet.c:16784 mpf_mfs_open_H arg 2
both_unresolved,mfs_file,/home/chukyu/t-dyn/src/dyn402d/dyn402dKanValGet.c,457,mpf_mfs_readrecn,1,READREC,&Refcb,,,"{""EXTERNAL"": 1}",&Refcb,,"{""UNRESOLVED"": 1}",True,t-dyn/src/dyn402d/dyn402dKanValGet.c:16784 mpf_mfs_open_H arg 2 > t-dyn/src/dyn402d/dyn402dKanValGet.c:16986 mpf_mfs_readrecn handle 1
both_unresolved,mfs_file,/home/chukyu/t-dyn/src/dyn430d/dyn430dPfmCtrl.c,178,mpf_mfs_open_H,2,OPEN_LOCK,DynRePmfLogInfFNO,,,"{""UNREACHABLE"": 1}",,,{},False,
cvisualizer_resolved_only,mfs_file,/home/chukyu/t-dyn/src/dyn430d/dyn430dPfmCtrl.c,183,mpf_mfs_readrecn,1,READREC,&fcb,1031,,"{""EXACT"": 1}",,,{},False,
cvisualizer_resolved_only,mfs_file,/home/chukyu/t-dyn/src/dyn430d/dyn430dPfmCtrl.c,190,mpf_mfs_writerecn,1,WRITEREC,&fcb,1031,,"{""EXACT"": 1}",,,{},False,
both_unresolved,mfs_file,/home/chukyu/t-dyn/src/dyn430d/dyn430dPfmCtrl.c,201,mpf_mfs_open_H,2,OPEN_LOCK,DynRePfmStaFNO,,,"{""UNREACHABLE"": 1}",,,{},False,
cvisualizer_resolved_only,mfs_file,/home/chukyu/t-dyn/src/dyn430d/dyn430dPfmCtrl.c,209,mpf_mfs_readrecn,1,READREC,&fcb,1029,,"{""EXACT"": 1}",,,{},False,
both_unresolved,mfs_file,/home/chukyu/t-dyn/src/dyn430d/dyn430dPfmCtrl.c,223,mpf_mfs_open_H,2,OPEN_LOCK,DynRePfmCtlFNO,,,"{""UNREACHABLE"": 1}",,,{},False,
cvisualizer_resolved_only,mfs_file,/home/chukyu/t-dyn/src/dyn430d/dyn430dPfmCtrl.c,231,mpf_mfs_readrecn,1,READREC,&fcb,1031,,"{""EXACT"": 1}",,,{},False,
both_unresolved,mfs_file,/home/chukyu/t-dyn/src/dyn430d/dyn430dPfmCtrl.c,235,mpf_mfs_open_H,2,OPEN_LOCK,DynRePfmSetFNO,,,"{""UNREACHABLE"": 1}",,,{},False,
cvisualizer_resolved_only,mfs_file,/home/chukyu/t-dyn/src/dyn430d/dyn430dPfmCtrl.c,243,mpf_mfs_readrecn,1,READREC,&fcb,1030,,"{""EXACT"": 1}",,,{},False,
both_unresolved,mfs_file,/home/chukyu/t-dyn/src/dyn430d/dyn430dPfmCtrl.c,247,mpf_mfs_open_H,2,OPEN_LOCK,DynReCtlStaFNO,,,"{""UNREACHABLE"": 1}",,,{},False,
cvisualizer_resolved_only,mfs_file,/home/chukyu/t-dyn/src/dyn430d/dyn430dPfmCtrl.c,255,mpf_mfs_readrecn,1,READREC,&fcb,1022,,"{""EXACT"": 1}",,,{},False,
both_unresolved,mfs_file,/home/chukyu/t-dyn/src/dyn430d/dyn430dPfmCtrl.c,261,mpf_mfs_open_H,2,OPEN_LOCK,DynRePmfLogInfFNO,,,"{""UNREACHABLE"": 1}",,,{},False,
both_unresolved,mfs_file,/home/chukyu/t-dyn/src/dyn430d/dyn430dPfmCtrl.c,266,mpf_mfs_readrecn,1,READREC,&fcb,,,"{""EXTERNAL"": 1}",,,{},False,
both_unresolved,mfs_file,/home/chukyu/t-dyn/src/dyn430d/dyn430dPfmCtrl.c,361,mpf_mfs_open_H,2,OPEN_LOCK,DynRePfmCtlFNO,,,"{""UNREACHABLE"": 1}",,,{},False,
cvisualizer_resolved_only,mfs_file,/home/chukyu/t-dyn/src/dyn430d/dyn430dPfmCtrl.c,369,mpf_mfs_writerecn,1,WRITEREC,&fcb,1031,,"{""EXACT"": 1}",,,{},False,
both_unresolved,mfs_file,/home/chukyu/t-dyn/src/dyn430d/dyn430dPfmCtrl.c,373,mpf_mfs_open_H,2,OPEN_LOCK,DynRePfmSetFNO,,,"{""UNREACHABLE"": 1}",,,{},False,
cvisualizer_resolved_only,mfs_file,/home/chukyu/t-dyn/src/dyn430d/dyn430dPfmCtrl.c,381,mpf_mfs_writerecn,1,WRITEREC,&fcb,1030,,"{""EXACT"": 1}",,,{},False,
both_unresolved,mfs_file,/home/chukyu/t-dyn/src/dyn430d/dyn430dPfmCtrl.c,387,mpf_mfs_open_H,2,OPEN_LOCK,DynRePmfLogInfFNO,,,"{""UNREACHABLE"": 1}",,,{},False,
cvisualizer_resolved_only,mfs_file,/home/chukyu/t-dyn/src/dyn430d/dyn430dPfmCtrl.c,392,mpf_mfs_writerecn,1,WRITEREC,&fcb,1031,,"{""EXACT"": 1}",,,{},False,
both_unresolved,mfs_file,/home/chukyu/t-dyn/src/dyn430d/dyn430dPfmCtrl.c,399,mpf_mfs_open_H,2,OPEN_LOCK,DynRePfmStaFNO,,,"{""UNREACHABLE"": 1}",,,{},False,
cvisualizer_resolved_only,mfs_file,/home/chukyu/t-dyn/src/dyn430d/dyn430dPfmCtrl.c,407,mpf_mfs_writerecn,1,WRITEREC,&fcb,1029,,"{""EXACT"": 1}",,,{},False,
legacy_resolved_only,mfs_file,/home/chukyu/t-dyn/src/dyn431/dyn431Main.c,184,mpf_mfs_readrecm,1,READREC,&fcb,,,"{""UNREACHABLE"": 1}",&fcb; DynReGrpIdxFNO,3916,"{""ALREADY_PRESENT"": 1, ""OK_CONST"": 1}",True,t-dyn/src/dyn431/dyn431Main.c:5845 mpf_mfs_open_H arg 2 > t-dyn/src/dyn431/dyn431Main.c:6053 mpf_mfs_readrecm handle 1
both_unresolved,mfs_file,/home/chukyu/t-dyn/src/dyn431/dyn431Main.c,189,mpf_mfs_open_H,2,OPEN_LOCK,DynReGrpSetFNO,,,"{""UNREACHABLE"": 1}",,,{},False,
both_unresolved,mfs_file,/home/chukyu/t-dyn/src/dyn431/dyn431Main.c,189,mpf_mfs_open_H,2,READ,,,,{},DynReGrpSetFNO,,"{""OK_CONST"": 1}",True,t-dyn/src/dyn431/dyn431Main.c:6194 mpf_mfs_open_H arg 2
cvisualizer_resolved_only,mfs_file,/home/chukyu/t-dyn/src/dyn431/dyn431Main.c,201,mpf_mfs_readrecn,1,READREC,&fcb,1023,,"{""EXACT"": 1}",&fcb,,"{""OK_CONST"": 1}",True,t-dyn/src/dyn431/dyn431Main.c:6194 mpf_mfs_open_H arg 2 > t-dyn/src/dyn431/dyn431Main.c:6466 mpf_mfs_readrecn handle 1
both_unresolved,mfs_file,/home/chukyu/t-dyn/src/dyn431/dyn431Main.c,210,mpf_mfs_open_H,2,OPEN_LOCK,DynREGetPfmfno(nFnoidx),,,"{""UNREACHABLE"": 1}",,,{},False,
both_unresolved,mfs_file,/home/chukyu/t-dyn/src/dyn431/dyn431Main.c,210,mpf_mfs_open_H,2,READ,,,,{},DynREGetPfmfno(nFnoidx),,"{""UNRESOLVED"": 1}",True,t-dyn/src/dyn431/dyn431Main.c:6790 mpf_mfs_open_H arg 2
both_unresolved,mfs_file,/home/chukyu/t-dyn/src/dyn431/dyn431Main.c,219,mpf_mfs_readrecn,1,READREC,&fcb,,,"{""EXTERNAL"": 1}",&fcb,,"{""UNRESOLVED"": 1}",True,t-dyn/src/dyn431/dyn431Main.c:6790 mpf_mfs_open_H arg 2 > t-dyn/src/dyn431/dyn431Main.c:7006 mpf_mfs_readrecn handle 1
both_unresolved,mfs_file,/home/chukyu/t-dyn/src/dyn431/dyn431Main.c,228,mpf_mfs_open_H,2,OPEN_LOCK,DynREGetPfmfno(nFnoidx),,,"{""UNREACHABLE"": 1}",,,{},False,
both_unresolved,mfs_file,/home/chukyu/t-dyn/src/dyn431/dyn431Main.c,228,mpf_mfs_open_H,2,READ,,,,{},DynREGetPfmfno(nFnoidx),,"{""UNRESOLVED"": 1}",True,t-dyn/src/dyn431/dyn431Main.c:7400 mpf_mfs_open_H arg 2
both_unresolved,mfs_file,/home/chukyu/t-dyn/src/dyn431/dyn431Main.c,240,mpf_mfs_readrecn,1,READREC,&fcb,,,"{""EXTERNAL"": 1}",&fcb,,"{""UNRESOLVED"": 1}",True,t-dyn/src/dyn431/dyn431Main.c:7400 mpf_mfs_open_H arg 2 > t-dyn/src/dyn431/dyn431Main.c:7745 mpf_mfs_readrecn handle 1
both_unresolved,mfs_file,/home/chukyu/t-dyn/src/dyn432d/dyn432dAdvCtrl.c,108,mpf_mfs_open_H,2,OPEN_LOCK,iFnoInd,,,"{""UNREACHABLE"": 1}",,,{},False,
cvisualizer_resolved_only,mfs_file,/home/chukyu/t-dyn/src/dyn432d/dyn432dAdvCtrl.c,116,mpf_mfs_readrecn,1,READREC,&fcb,3983,,"{""EXACT"": 1, ""EXTERNAL"": 1}",,,{},False,
cvisualizer_resolved_only,mfs_file,/home/chukyu/t-dyn/src/dyn432d/dyn432dAdvCtrl.c,269,mpf_mfs_writerecn,1,WRITEREC,&fcb,3983,,"{""EXACT"": 1, ""EXTERNAL"": 1}",,,{},False,
both_unresolved,mfs_file,/home/chukyu/t-dyn/src/dyn432d/dyn432dReEneCtrl.c,95,mpf_mfs_readrecm,1,READREC,&fcb,,,"{""UNREACHABLE"": 1}",,,{},False,
both_unresolved,mfs_file,/home/chukyu/t-dyn/src/dyn432d/dyn432dReEneCtrl.c,106,mpf_mfs_readrecm,1,READREC,&fcb,,,"{""UNREACHABLE"": 1}",,,{},False,
both_unresolved,mfs_file,/home/chukyu/t-dyn/src/dyn432d/dyn432dReEneCtrl.c,110,mpf_mfs_open_H,2,OPEN_LOCK,DynReGrpSetFNO,,,"{""UNREACHABLE"": 1}",,,{},False,
cvisualizer_resolved_only,mfs_file,/home/chukyu/t-dyn/src/dyn432d/dyn432dReEneCtrl.c,116,mpf_mfs_readrecn,1,READREC,&fcb,1023,,"{""EXACT"": 1}",,,{},False,
both_unresolved,mfs_file,/home/chukyu/t-dyn/src/dyn432d/dyn432dReEneCtrl.c,162,mpf_mfs_open_H,2,OPEN_LOCK,DynReCtlStaFNO,,,"{""UNREACHABLE"": 1}",,,{},False,
cvisualizer_resolved_only,mfs_file,/home/chukyu/t-dyn/src/dyn432d/dyn432dReEneCtrl.c,170,mpf_mfs_readrecn,1,READREC,&fcb,1022,,"{""EXACT"": 1}",,,{},False,
both_unresolved,mfs_file,/home/chukyu/t-dyn/src/dyn432d/dyn432dReEneCtrl.c,181,mpf_mfs_readrecn,1,READREC,&fcb_Alzn,,,"{""EXTERNAL"": 1}",,,{},False,
both_unresolved,mfs_file,/home/chukyu/t-dyn/src/dyn432d/dyn432dReEneCtrl.c,353,mpf_mfs_writerecn,1,WRITEREC,&fcb_Alzn,,,"{""EXTERNAL"": 1}",,,{},False,
cvisualizer_resolved_only,mfs_file,/home/chukyu/t-dyn/src/dyn432d/dyn432dReEneCtrl.c,355,mpf_mfs_writerecn,1,WRITEREC,&fcb,1022,,"{""EXACT"": 1}",,,{},False,
legacy_resolved_only,mfs_file,/home/chukyu/t-dyn/src/dyn441/dyn441AtComProc.c,85,mpf_mfs_readrecm,1,READREC,&sFcb,,,"{""UNREACHABLE"": 1}",&sFcb; DynReAtEmeSvStaFNO,1342,"{""ALREADY_PRESENT"": 1, ""OK_CONST"": 1}",True,t-dyn/src/dyn441/dyn441AtComProc.c:4137 mpf_mfs_openm_H arg 2 > t-dyn/src/dyn441/dyn441AtComProc.c:4322 mpf_mfs_readrecm handle 1
legacy_resolved_only,mfs_file,/home/chukyu/t-dyn/src/dyn441/dyn441AtComProc.c,109,mpf_mfs_readrecm,1,READREC,&sFcb,,,"{""UNREACHABLE"": 1}",&sFcb; DynReAtEmeSetFNO,1341,"{""ALREADY_PRESENT"": 1, ""OK_CONST"": 1}",True,t-dyn/src/dyn441/dyn441AtComProc.c:4742 mpf_mfs_openm_H arg 2 > t-dyn/src/dyn441/dyn441AtComProc.c:4972 mpf_mfs_readrecm handle 1
legacy_resolved_only,mfs_file,/home/chukyu/t-dyn/src/dyn441/dyn441AtComProc.c,126,mpf_mfs_readrecm,1,READREC,&sFcb,,,"{""UNREACHABLE"": 1}",&sFcb; DynReGrpIdxFNO,3916,"{""ALREADY_PRESENT"": 1, ""OK_CONST"": 1}",True,t-dyn/src/dyn441/dyn441AtComProc.c:5480 mpf_mfs_open_H arg 2 > t-dyn/src/dyn441/dyn441AtComProc.c:5734 mpf_mfs_readrecm handle 1
both_unresolved,mfs_file,/home/chukyu/t-dyn/src/dyn441/dyn441AtComProc.c,130,mpf_mfs_open_H,2,OPEN_LOCK,DynReGrpSetFNO,,,"{""UNREACHABLE"": 1}",,,{},False,
both_unresolved,mfs_file,/home/chukyu/t-dyn/src/dyn441/dyn441AtComProc.c,130,mpf_mfs_open_H,2,READ,,,,{},DynReGrpSetFNO,,"{""OK_CONST"": 1}",True,t-dyn/src/dyn441/dyn441AtComProc.c:5898 mpf_mfs_open_H arg 2
cvisualizer_resolved_only,mfs_file,/home/chukyu/t-dyn/src/dyn441/dyn441AtComProc.c,136,mpf_mfs_readrecn,1,READREC,&sFcb,1023,,"{""EXACT"": 1}",&sFcb,,"{""OK_CONST"": 1}",True,t-dyn/src/dyn441/dyn441AtComProc.c:5898 mpf_mfs_open_H arg 2 > t-dyn/src/dyn441/dyn441AtComProc.c:6180 mpf_mfs_readrecn handle 1
both_unresolved,mfs_file,/home/chukyu/t-dyn/src/dyn441/dyn441AtComProc.c,142,mpf_mfs_open_H,2,OPEN_LOCK,DynReCtlStaFNO,,,"{""UNREACHABLE"": 1}",,,{},False,
both_unresolved,mfs_file,/home/chukyu/t-dyn/src/dyn441/dyn441AtComProc.c,142,mpf_mfs_open_H,2,READ,,,,{},DynReCtlStaFNO,,"{""OK_CONST"": 1}",True,t-dyn/src/dyn441/dyn441AtComProc.c:6463 mpf_mfs_open_H arg 2
cvisualizer_resolved_only,mfs_file,/home/chukyu/t-dyn/src/dyn441/dyn441AtComProc.c,148,mpf_mfs_readrecn,1,READREC,&sFcb,1022,,"{""EXACT"": 1}",&sFcb,,"{""OK_CONST"": 1}",True,t-dyn/src/dyn441/dyn441AtComProc.c:6463 mpf_mfs_open_H arg 2 > t-dyn/src/dyn441/dyn441AtComProc.c:6745 mpf_mfs_readrecn handle 1
both_unresolved,mfs_file,/home/chukyu/t-dyn/src/dyn441/dyn441AtComProc.c,152,mpf_mfs_open_H,2,OPEN_LOCK,DynAdvCtlStaIndFNO,,,"{""UNREACHABLE"": 1}",,,{},False,
both_unresolved,mfs_file,/home/chukyu/t-dyn/src/dyn441/dyn441AtComProc.c,152,mpf_mfs_open_H,2,READ,,,,{},DynAdvCtlStaIndFNO,,"{""OK_CONST"": 1}",True,t-dyn/src/dyn441/dyn441AtComProc.c:6963 mpf_mfs_open_H arg 2
both_unresolved,mfs_file,/home/chukyu/t-dyn/src/dyn441/dyn441AtComProc.c,158,mpf_mfs_readrecn,1,READREC,&sFcb,,,"{""EXTERNAL"": 1}",&sFcb,,"{""OK_CONST"": 1}",True,t-dyn/src/dyn441/dyn441AtComProc.c:6963 mpf_mfs_open_H arg 2 > t-dyn/src/dyn441/dyn441AtComProc.c:7249 mpf_mfs_readrecn handle 1
equal,mfs_file,/home/chukyu/t-dyn/src/dyn441/dyn441AtComProc.c,168,mpf_mfs_readrecn,1,READREC,&sFcb,1343,,"{""EXACT"": 1}",&sFcb; DynReAtEmeKanFNO,1343,"{""ALREADY_PRESENT"": 1, ""OK_CONST"": 1}",True,t-dyn/src/dyn441/dyn441AtComProc.c:7454 mpf_mfs_open_H arg 2 > t-dyn/src/dyn441/dyn441AtComProc.c:7738 mpf_mfs_readrecn handle 1
both_unresolved,mfs_file,/home/chukyu/t-dyn/src/dyn500/dyn500TransSchdule.c,95,mpf_mfs_open_H,2,OPEN_LOCK,DynReTrnDataInfFNO,,,"{""UNREACHABLE"": 1}",,,{},False,
both_unresolved,mfs_file,/home/chukyu/t-dyn/src/dyn500/dyn500TransSchdule.c,95,mpf_mfs_open_H,2,READ,,,,{},DynReTrnDataInfFNO,,"{""OK_CONST"": 1}",True,t-dyn/src/dyn500/dyn500TransSchdule.c:4564 mpf_mfs_open_H arg 2
both_unresolved,mfs_file,/home/chukyu/t-dyn/src/dyn500/dyn500TransSchdule.c,100,mpf_mfs_readrecn,1,READREC,&fcb,,,"{""EXTERNAL"": 1}",&fcb,,"{""OK_CONST"": 1}",True,t-dyn/src/dyn500/dyn500TransSchdule.c:4564 mpf_mfs_open_H arg 2 > t-dyn/src/dyn500/dyn500TransSchdule.c:4699 mpf_mfs_readrecn handle 1
equal,mfs_file,/home/chukyu/t-dyn/src/dyn500/dyn500TransSchdule.c,111,mpf_mfs_readrecn,1,READREC,&fcb,1071,,"{""EXACT"": 1}",&fcb; DynReCtlNtcInfFNO,1071,"{""ALREADY_PRESENT"": 1, ""OK_CONST"": 1}",True,t-dyn/src/dyn500/dyn500TransSchdule.c:4893 mpf_mfs_open_H arg 2 > t-dyn/src/dyn500/dyn500TransSchdule.c:5027 mpf_mfs_readrecn handle 1
both_unresolved,mfs_file,/home/chukyu/t-dyn/src/dyn500/dyn500TransSchdule.c,117,mpf_mfs_open_H,2,OPEN_LOCK,DynReCtlNtcDatFNO,,,"{""UNREACHABLE"": 1}",,,{},False,
both_unresolved,mfs_file,/home/chukyu/t-dyn/src/dyn500/dyn500TransSchdule.c,117,mpf_mfs_open_H,2,READ,,,,{},DynReCtlNtcDatFNO,,"{""OK_CONST"": 1}",True,t-dyn/src/dyn500/dyn500TransSchdule.c:5217 mpf_mfs_open_H arg 2
cvisualizer_resolved_only,mfs_file,/home/chukyu/t-dyn/src/dyn500/dyn500TransSchdule.c,125,mpf_mfs_readrecn,1,READREC,&fcb,1072,,"{""EXACT"": 1}",&fcb,,"{""OK_CONST"": 1}",True,t-dyn/src/dyn500/dyn500TransSchdule.c:5217 mpf_mfs_open_H arg 2 > t-dyn/src/dyn500/dyn500TransSchdule.c:5472 mpf_mfs_readrecn handle 1
both_unresolved,mfs_file,/home/chukyu/t-dyn/src/dyn500/dyn500TransSchdule.c,140,mpf_mfs_open_H,2,OPEN_LOCK,DynReCtlNtcDatFNO,,,"{""UNREACHABLE"": 1}",,,{},False,
both_unresolved,mfs_file,/home/chukyu/t-dyn/src/dyn500/dyn500TransSchdule.c,140,mpf_mfs_open_H,2,READ,,,,{},DynReCtlNtcDatFNO,,"{""OK_CONST"": 1}",True,t-dyn/src/dyn500/dyn500TransSchdule.c:6127 mpf_mfs_open_H arg 2
cvisualizer_resolved_only,mfs_file,/home/chukyu/t-dyn/src/dyn500/dyn500TransSchdule.c,147,mpf_mfs_writerecn,1,WRITEREC,&fcb,1072,,"{""EXACT"": 1}",&fcb,,"{""OK_CONST"": 1}",True,t-dyn/src/dyn500/dyn500TransSchdule.c:6127 mpf_mfs_open_H arg 2 > t-dyn/src/dyn500/dyn500TransSchdule.c:6328 mpf_mfs_writerecn handle 1
disjoint,mfs_file,/home/chukyu/t-dyn/src/dyn500/dyn500TransSchdule.c,160,mpf_mfs_readrecn,1,READREC,&fcb,3911,,"{""EXACT"": 1}",&fcb; DynReCtlNtcDtPvFNO,3906,"{""ALREADY_PRESENT"": 1, ""OK_CONST"": 1}",True,t-dyn/src/dyn500/dyn500TransSchdule.c:6521 mpf_mfs_open_H arg 2 > t-dyn/src/dyn500/dyn500TransSchdule.c:6657 mpf_mfs_readrecn handle 1
disjoint,mfs_file,/home/chukyu/t-dyn/src/dyn500/dyn500TransSchdule.c,177,mpf_mfs_writerecn,1,WRITEREC,&fcb,3911,,"{""EXACT"": 1}",&fcb; DynReCtlNtcDtPvFNO,3906,"{""ALREADY_PRESENT"": 1, ""OK_CONST"": 1}",True,t-dyn/src/dyn500/dyn500TransSchdule.c:6521 mpf_mfs_open_H arg 2 > t-dyn/src/dyn500/dyn500TransSchdule.c:7559 mpf_mfs_writerecn handle 1
legacy_resolved_only,mfs_file,/home/chukyu/t-dyn/src/dyn500/dyn500TransSchdule.c,187,mpf_mfs_readrecn,1,READREC,&fcb,,,"{""UNRESOLVED"": 1}",&fcb; DynReTrnSndPfmFNO,3905,"{""ALREADY_PRESENT"": 1, ""OK_CONST"": 1}",True,t-dyn/src/dyn500/dyn500TransSchdule.c:7749 mpf_mfs_open_H arg 2 > t-dyn/src/dyn500/dyn500TransSchdule.c:7883 mpf_mfs_readrecn handle 1
legacy_resolved_only,mfs_file,/home/chukyu/t-dyn/src/dyn500/dyn500TransSchdule.c,454,mpf_mfs_writerecm,1,WRITEREC,&fcb,,,"{""UNREACHABLE"": 1}",&fcb; DynReTrnSndPfmFNO,3905,"{""ALREADY_PRESENT"": 1, ""OK_CONST"": 1}",True,t-dyn/src/dyn500/dyn500TransSchdule.c:22020 mpf_mfs_open_H arg 2 > t-dyn/src/dyn500/dyn500TransSchdule.c:22308 mpf_mfs_writerecm handle 1
both_unresolved,mfs_file,/home/chukyu/t-dyn/src/dyn501d/dyn501dDataCreate.c,628,mpf_mfs_open_H,2,OPEN_LOCK,DynReCtlNtcDatFNO,,,"{""UNREACHABLE"": 1}",,,{},False,
both_unresolved,mfs_file,/home/chukyu/t-dyn/src/dyn501d/dyn501dDataCreate.c,628,mpf_mfs_open_H,2,READ,,,,{},DynReCtlNtcDatFNO,,"{""OK_CONST"": 1}",True,t-dyn/src/dyn501d/dyn501dDataCreate.c:25166 mpf_mfs_open_H arg 2
cvisualizer_resolved_only,mfs_file,/home/chukyu/t-dyn/src/dyn501d/dyn501dDataCreate.c,636,mpf_mfs_writerecn,1,WRITEREC,&fcb,1072,,"{""EXACT"": 1}",&fcb,,"{""OK_CONST"": 1}",True,t-dyn/src/dyn501d/dyn501dDataCreate.c:25166 mpf_mfs_open_H arg 2 > t-dyn/src/dyn501d/dyn501dDataCreate.c:25435 mpf_mfs_writerecn handle 1
legacy_resolved_only,mfs_file,/home/chukyu/t-dyn/src/dyn501d/dyn501dDataCreate.c,1184,mpf_mfs_writerecm,1,WRITEREC,&fcb,,,"{""UNREACHABLE"": 1}",&fcb; DynReCtlNtcDtPvFNO,3906,"{""ALREADY_PRESENT"": 1, ""OK_CONST"": 1}",True,t-dyn/src/dyn501d/dyn501dDataCreate.c:46521 mpf_mfs_open_H arg 2 > t-dyn/src/dyn501d/dyn501dDataCreate.c:46791 mpf_mfs_writerecm handle 1
legacy_resolved_only,mfs_file,/home/chukyu/t-dyn/src/dyn501d/dyn501dDataCreate.c,2035,mpf_mfs_readrecm,1,READREC,&fcb,,,"{""UNREACHABLE"": 1}",&fcb; DynReGrpIdxFNO,3916,"{""ALREADY_PRESENT"": 1, ""OK_CONST"": 1}",True,t-dyn/src/dyn501d/dyn501dDataCreate.c:84808 mpf_mfs_open_H arg 2 > t-dyn/src/dyn501d/dyn501dDataCreate.c:84951 mpf_mfs_readrecm handle 1
both_unresolved,mfs_file,/home/chukyu/t-dyn/src/dyn501d/dyn501dDataCreate.c,2038,mpf_mfs_open_H,2,OPEN_LOCK,DynReGrpSetFNO,,,"{""UNREACHABLE"": 1}",,,{},False,
both_unresolved,mfs_file,/home/chukyu/t-dyn/src/dyn501d/dyn501dDataCreate.c,2038,mpf_mfs_open_H,2,READ,,,,{},DynReGrpSetFNO,,"{""OK_CONST"": 1}",True,t-dyn/src/dyn501d/dyn501dDataCreate.c:85027 mpf_mfs_open_H arg 2
cvisualizer_resolved_only,mfs_file,/home/chukyu/t-dyn/src/dyn501d/dyn501dDataCreate.c,2046,mpf_mfs_readrecn,1,READREC,&fcb,1023,,"{""EXACT"": 1}",&fcb,,"{""OK_CONST"": 1}",True,t-dyn/src/dyn501d/dyn501dDataCreate.c:85027 mpf_mfs_open_H arg 2 > t-dyn/src/dyn501d/dyn501dDataCreate.c:85259 mpf_mfs_readrecn handle 1
legacy_resolved_only,mfs_file,/home/chukyu/t-dyn/src/dyn501d/dyn501dDataCreate.c,2057,mpf_mfs_readrecm,1,READREC,&fcb,,,"{""UNREACHABLE"": 1}",&fcb; DynReCtlMntStaFNO,3986,"{""ALREADY_PRESENT"": 1, ""OK_CONST"": 1}",True,t-dyn/src/dyn501d/dyn501dDataCreate.c:85486 mpf_mfs_open_H arg 2 > t-dyn/src/dyn501d/dyn501dDataCreate.c:85747 mpf_mfs_readrecm handle 1
legacy_resolved_only,mfs_file,/home/chukyu/t-dyn/src/dyn501d/dyn501dDataCreate.c,2067,mpf_mfs_readrecn,1,READREC,&fcb,,,"{""UNRESOLVED"": 1}",&fcb; DynReCtlMntSetFNO,3987,"{""ALREADY_PRESENT"": 1, ""OK_CONST"": 1}",True,t-dyn/src/dyn501d/dyn501dDataCreate.c:85887 mpf_mfs_open_H arg 2 > t-dyn/src/dyn501d/dyn501dDataCreate.c:86174 mpf_mfs_readrecn handle 1
legacy_resolved_only,mfs_file,/home/chukyu/t-dyn/src/dyn501d/dyn501dDataCreate.c,2078,mpf_mfs_readrecm,1,READREC,&fcb,,,"{""UNREACHABLE"": 1}",&fcb; DynReKoteMntStaFNO,3989,"{""ALREADY_PRESENT"": 1, ""OK_CONST"": 1}",True,t-dyn/src/dyn501d/dyn501dDataCreate.c:86362 mpf_mfs_open_H arg 2 > t-dyn/src/dyn501d/dyn501dDataCreate.c:86625 mpf_mfs_readrecm handle 1
legacy_resolved_only,mfs_file,/home/chukyu/t-dyn/src/dyn501d/dyn501dDataCreate.c,2088,mpf_mfs_readrecn,1,READREC,&fcb,,,"{""UNRESOLVED"": 1}",&fcb; DynReKoteMntSetFNO,3990,"{""ALREADY_PRESENT"": 1, ""OK_CONST"": 1}",True,t-dyn/src/dyn501d/dyn501dDataCreate.c:86709 mpf_mfs_open_H arg 2 > t-dyn/src/dyn501d/dyn501dDataCreate.c:87011 mpf_mfs_readrecn handle 1
legacy_resolved_only,mfs_file,/home/chukyu/t-dyn/src/dyn501d/dyn501dDataCreate.c,2114,mpf_mfs_readrecn,1,READREC,&fcb,,,"{""EXTERNAL"": 1}",&fcb; DynReKoTeiHtSetFNO,4013,"{""ALREADY_PRESENT"": 1, ""OK_CONST"": 1}",True,t-dyn/src/dyn501d/dyn501dDataCreate.c:87842 mpf_mfs_open_H arg 2 > t-dyn/src/dyn501d/dyn501dDataCreate.c:88072 mpf_mfs_readrecn handle 1
both_unresolved,mfs_file,/home/chukyu/t-dyn/src/dyn501d/dyn501dDataCreate.c,2132,mpf_mfs_open_H,2,OPEN_LOCK,DynREGetSchfno(nFnoidx),,,"{""UNREACHABLE"": 1}",,,{},False,
both_unresolved,mfs_file,/home/chukyu/t-dyn/src/dyn501d/dyn501dDataCreate.c,2132,mpf_mfs_open_H,2,READ,,,,{},DynREGetSchfno(nFnoidx),,"{""UNRESOLVED"": 1}",True,t-dyn/src/dyn501d/dyn501dDataCreate.c:88765 mpf_mfs_open_H arg 2
both_unresolved,mfs_file,/home/chukyu/t-dyn/src/dyn501d/dyn501dDataCreate.c,2138,mpf_mfs_readrecn,1,READREC,&fcb,,,"{""EXTERNAL"": 1}",&fcb,,"{""UNRESOLVED"": 1}",True,t-dyn/src/dyn501d/dyn501dDataCreate.c:88765 mpf_mfs_open_H arg 2 > t-dyn/src/dyn501d/dyn501dDataCreate.c:88954 mpf_mfs_readrecn handle 1
both_unresolved,mfs_file,/home/chukyu/t-dyn/src/dyn501d/dyn501dDataCreate.c,2152,mpf_mfs_open_H,2,OPEN_LOCK,DynREGetSchKKfno(nFnoidxKK),,,"{""UNREACHABLE"": 1}",,,{},False,
both_unresolved,mfs_file,/home/chukyu/t-dyn/src/dyn501d/dyn501dDataCreate.c,2152,mpf_mfs_open_H,2,READ,,,,{},DynREGetSchKKfno(nFnoidxKK),,"{""UNRESOLVED"": 1}",True,t-dyn/src/dyn501d/dyn501dDataCreate.c:89430 mpf_mfs_open_H arg 2
both_unresolved,mfs_file,/home/chukyu/t-dyn/src/dyn501d/dyn501dDataCreate.c,2159,mpf_mfs_readrecn,1,READREC,&fcb,,,"{""EXTERNAL"": 1}",&fcb,,"{""UNRESOLVED"": 1}",True,t-dyn/src/dyn501d/dyn501dDataCreate.c:89430 mpf_mfs_open_H arg 2 > t-dyn/src/dyn501d/dyn501dDataCreate.c:89717 mpf_mfs_readrecn handle 1
both_unresolved,mfs_file,/home/chukyu/t-dyn/src/dyn501d/dyn501dDataCreate.c,2161,mpf_mfs_open_H,2,OPEN_LOCK,DynREGetSchKKLCfno(nFnoidxKK),,,"{""UNREACHABLE"": 1}",,,{},False,
both_unresolved,mfs_file,/home/chukyu/t-dyn/src/dyn501d/dyn501dDataCreate.c,2161,mpf_mfs_open_H,2,READ,,,,{},DynREGetSchKKLCfno(nFnoidxKK),,"{""UNRESOLVED"": 1}",True,t-dyn/src/dyn501d/dyn501dDataCreate.c:89826 mpf_mfs_open_H arg 2
both_unresolved,mfs_file,/home/chukyu/t-dyn/src/dyn501d/dyn501dDataCreate.c,2168,mpf_mfs_readrecn,1,READREC,&fcb,,,"{""EXTERNAL"": 1}",&fcb,,"{""UNRESOLVED"": 1}",True,t-dyn/src/dyn501d/dyn501dDataCreate.c:89826 mpf_mfs_open_H arg 2 > t-dyn/src/dyn501d/dyn501dDataCreate.c:90115 mpf_mfs_readrecn handle 1
both_unresolved,mfs_file,/home/chukyu/t-dyn/src/dyn501d/dyn501dDataCreate.c,2222,mpf_mfs_open_H,2,OPEN_LOCK,DynReCtlNtcDatFNO,,,"{""UNREACHABLE"": 1}",,,{},False,
both_unresolved,mfs_file,/home/chukyu/t-dyn/src/dyn501d/dyn501dDataCreate.c,2222,mpf_mfs_open_H,2,READ,,,,{},DynReCtlNtcDatFNO,,"{""OK_CONST"": 1}",True,t-dyn/src/dyn501d/dyn501dDataCreate.c:91867 mpf_mfs_open_H arg 2
cvisualizer_resolved_only,mfs_file,/home/chukyu/t-dyn/src/dyn501d/dyn501dDataCreate.c,2228,mpf_mfs_readrecn,1,READREC,&fcb,1072,,"{""EXACT"": 1}",&fcb,,"{""OK_CONST"": 1}",True,t-dyn/src/dyn501d/dyn501dDataCreate.c:91867 mpf_mfs_open_H arg 2 > t-dyn/src/dyn501d/dyn501dDataCreate.c:92073 mpf_mfs_readrecn handle 1
both_unresolved,mfs_file,/home/chukyu/t-dyn/src/dyn501d/dyn501dDataCreate.c,2256,mpf_mfs_open_H,2,OPEN_LOCK,DynRePmfLogInfFNO,,,"{""UNREACHABLE"": 1}",,,{},False,
both_unresolved,mfs_file,/home/chukyu/t-dyn/src/dyn501d/dyn501dDataCreate.c,2256,mpf_mfs_open_H,2,READ,,,,{},DynRePmfLogInfFNO,,"{""OK_CONST"": 1}",True,t-dyn/src/dyn501d/dyn501dDataCreate.c:93023 mpf_mfs_open_H arg 2
cvisualizer_resolved_only,mfs_file,/home/chukyu/t-dyn/src/dyn501d/dyn501dDataCreate.c,2268,mpf_mfs_readrecn,1,READREC,&fcb,1069,,"{""EXACT"": 1}",&fcb,,"{""OK_CONST"": 1}",True,t-dyn/src/dyn501d/dyn501dDataCreate.c:93023 mpf_mfs_open_H arg 2 > t-dyn/src/dyn501d/dyn501dDataCreate.c:93551 mpf_mfs_readrecn handle 1
cvisualizer_resolved_only,mfs_file,/home/chukyu/t-dyn/src/dyn501d/dyn501dDataCreate.c,2273,mpf_mfs_readrecn,1,READREC,&fcb,1069,,"{""EXACT"": 1}",&fcb,,"{""OK_CONST"": 1}",True,t-dyn/src/dyn501d/dyn501dDataCreate.c:93023 mpf_mfs_open_H arg 2 > t-dyn/src/dyn501d/dyn501dDataCreate.c:93723 mpf_mfs_readrecn handle 1
both_unresolved,mfs_file,/home/chukyu/t-dyn/src/dyn501d/dyn501dDataCreate.c,2290,mpf_mfs_open_H,2,OPEN_LOCK,DynREGetPfmfno(nFnoidx),,,"{""UNREACHABLE"": 1}",,,{},False,
both_unresolved,mfs_file,/home/chukyu/t-dyn/src/dyn501d/dyn501dDataCreate.c,2290,mpf_mfs_open_H,2,READ,,,,{},DynREGetPfmfno(nFnoidx),,"{""UNRESOLVED"": 1}",True,t-dyn/src/dyn501d/dyn501dDataCreate.c:94240 mpf_mfs_open_H arg 2
both_unresolved,mfs_file,/home/chukyu/t-dyn/src/dyn501d/dyn501dDataCreate.c,2296,mpf_mfs_readrecn,1,READREC,&fcb,,,"{""EXTERNAL"": 1}",&fcb,,"{""UNRESOLVED"": 1}",True,t-dyn/src/dyn501d/dyn501dDataCreate.c:94240 mpf_mfs_open_H arg 2 > t-dyn/src/dyn501d/dyn501dDataCreate.c:94453 mpf_mfs_readrecn handle 1
disjoint,mfs_file,/home/chukyu/t-dyn/src/dyn501d/dyn501dDataCreate.c,2308,mpf_mfs_readrecn,1,READREC,&fcb,3993,,"{""EXACT"": 1}",&fcb; DynReKoteMainteFNO,3988,"{""ALREADY_PRESENT"": 1, ""OK_CONST"": 1}",True,t-dyn/src/dyn501d/dyn501dDataCreate.c:94610 mpf_mfs_open_H arg 2 > t-dyn/src/dyn501d/dyn501dDataCreate.c:94907 mpf_mfs_readrecn handle 1
both_unresolved,mfs_file,/home/chukyu/t-dyn/src/dyn501d/dyn501dDataCreate.c,2319,mpf_mfs_open_H,2,OPEN_LOCK,DynRePfmCtlFNO,,,"{""UNREACHABLE"": 1}",,,{},False,
both_unresolved,mfs_file,/home/chukyu/t-dyn/src/dyn501d/dyn501dDataCreate.c,2319,mpf_mfs_open_H,2,READ,,,,{},DynRePfmCtlFNO,,"{""OK_CONST"": 1}",True,t-dyn/src/dyn501d/dyn501dDataCreate.c:95369 mpf_mfs_open_H arg 2
cvisualizer_resolved_only,mfs_file,/home/chukyu/t-dyn/src/dyn501d/dyn501dDataCreate.c,2325,mpf_mfs_readrecn,1,READREC,&fcb,1031,,"{""EXACT"": 1}",&fcb,,"{""OK_CONST"": 1}",True,t-dyn/src/dyn501d/dyn501dDataCreate.c:95369 mpf_mfs_open_H arg 2 > t-dyn/src/dyn501d/dyn501dDataCreate.c:95576 mpf_mfs_readrecn handle 1
both_unresolved,mfs_file,/home/chukyu/t-dyn/src/dyn501d/dyn501dDataCreate.c,2330,mpf_mfs_open_H,2,OPEN_LOCK,DynReCtlStaFNO,,,"{""UNREACHABLE"": 1}",,,{},False,
both_unresolved,mfs_file,/home/chukyu/t-dyn/src/dyn501d/dyn501dDataCreate.c,2330,mpf_mfs_open_H,2,READ,,,,{},DynReCtlStaFNO,,"{""OK_CONST"": 1}",True,t-dyn/src/dyn501d/dyn501dDataCreate.c:95753 mpf_mfs_open_H arg 2
cvisualizer_resolved_only,mfs_file,/home/chukyu/t-dyn/src/dyn501d/dyn501dDataCreate.c,2336,mpf_mfs_readrecn,1,READREC,&fcb,1022,,"{""EXACT"": 1}",&fcb,,"{""OK_CONST"": 1}",True,t-dyn/src/dyn501d/dyn501dDataCreate.c:95753 mpf_mfs_open_H arg 2 > t-dyn/src/dyn501d/dyn501dDataCreate.c:95960 mpf_mfs_readrecn handle 1
legacy_resolved_only,mfs_file,/home/chukyu/t-dyn/src/dyn501d/dyn501dDataCreate.c,2354,mpf_mfs_readrecm,1,READREC,&fcb,,,"{""UNREACHABLE"": 1}",&fcb; DynReCtlNtcDtPvFNO,3906,"{""ALREADY_PRESENT"": 1, ""OK_CONST"": 1}",True,t-dyn/src/dyn501d/dyn501dDataCreate.c:96264 mpf_mfs_open_H arg 2 > t-dyn/src/dyn501d/dyn501dDataCreate.c:96471 mpf_mfs_readrecm handle 1
disjoint,mfs_file,/home/chukyu/t-dyn/src/dyn501d/dyn501dFtpCreate.c,179,mpf_mfs_readrecn,1,READREC,&fcb,1035,,"{""EXACT"": 1}",&fcb; DynReRlSvSetFNO,1041,"{""ALREADY_PRESENT"": 1, ""OK_CONST"": 1}",True,t-dyn/src/dyn501d/dyn501dFtpCreate.c:6276 mpf_mfs_open_H arg 2 > t-dyn/src/dyn501d/dyn501dFtpCreate.c:6540 mpf_mfs_readrecn handle 1
both_unresolved,mfs_file,/home/chukyu/t-dyn/src/dyn501d/dyn501dFtpCreate.c,541,mpf_mfs_open_H,2,OPEN_LOCK,DynReTrnMngInfFNO,,,"{""UNREACHABLE"": 1}",,,{},False,
both_unresolved,mfs_file,/home/chukyu/t-dyn/src/dyn501d/dyn501dFtpCreate.c,541,mpf_mfs_open_H,2,READ,,,,{},DynReTrnMngInfFNO,,"{""OK_CONST"": 1}",True,t-dyn/src/dyn501d/dyn501dFtpCreate.c:21981 mpf_mfs_open_H arg 2
cvisualizer_resolved_only,mfs_file,/home/chukyu/t-dyn/src/dyn501d/dyn501dFtpCreate.c,550,mpf_mfs_readrecn,1,READREC,&fcb,1074,,"{""EXACT"": 1}",&fcb,,"{""OK_CONST"": 1}",True,t-dyn/src/dyn501d/dyn501dFtpCreate.c:21981 mpf_mfs_open_H arg 2 > t-dyn/src/dyn501d/dyn501dFtpCreate.c:22299 mpf_mfs_readrecn handle 1
both_unresolved,mfs_file,/home/chukyu/t-dyn/src/dyn501d/dyn501dFtpCreate.c,641,mpf_mfs_open_H,2,OPEN_LOCK,DynReTrnMngInfFNO,,,"{""UNREACHABLE"": 1}",,,{},False,
both_unresolved,mfs_file,/home/chukyu/t-dyn/src/dyn501d/dyn501dFtpCreate.c,641,mpf_mfs_open_H,2,READ,,,,{},DynReTrnMngInfFNO,,"{""OK_CONST"": 1}",True,t-dyn/src/dyn501d/dyn501dFtpCreate.c:26343 mpf_mfs_open_H arg 2
cvisualizer_resolved_only,mfs_file,/home/chukyu/t-dyn/src/dyn501d/dyn501dFtpCreate.c,648,mpf_mfs_writerecn,1,WRITEREC,&fcb,1074,,"{""EXACT"": 1}",&fcb,,"{""OK_CONST"": 1}",True,t-dyn/src/dyn501d/dyn501dFtpCreate.c:26343 mpf_mfs_open_H arg 2 > t-dyn/src/dyn501d/dyn501dFtpCreate.c:26578 mpf_mfs_writerecn handle 1
both_unresolved,mfs_file,/home/chukyu/t-dyn/src/dyn501d/dyn501dStoreDat.c,183,mpf_mfs_open_H,2,OPEN_LOCK,DynReTrnMngInfFNO,,,"{""UNREACHABLE"": 1}",,,{},False,
both_unresolved,mfs_file,/home/chukyu/t-dyn/src/dyn501d/dyn501dStoreDat.c,183,mpf_mfs_open_H,2,READ,,,,{},DynReTrnMngInfFNO,,"{""OK_CONST"": 1}",True,t-dyn/src/dyn501d/dyn501dStoreDat.c:6187 mpf_mfs_open_H arg 2
both_unresolved,mfs_file,/home/chukyu/t-dyn/src/dyn501d/dyn501dStoreDat.c,190,mpf_mfs_readrecm,1,READREC,&fcb,,,"{""UNREACHABLE"": 1}",&fcb,,"{""OK_CONST"": 1}",True,t-dyn/src/dyn501d/dyn501dStoreDat.c:6187 mpf_mfs_open_H arg 2 > t-dyn/src/dyn501d/dyn501dStoreDat.c:6440 mpf_mfs_readrecm handle 1
both_unresolved,mfs_file,/home/chukyu/t-dyn/src/dyn501d/dyn501dStoreDat.c,203,mpf_mfs_writerecm,1,WRITEREC,&fcb,,,"{""UNREACHABLE"": 1}",&fcb,,"{""OK_CONST"": 1}",True,t-dyn/src/dyn501d/dyn501dStoreDat.c:6187 mpf_mfs_open_H arg 2 > t-dyn/src/dyn501d/dyn501dStoreDat.c:7037 mpf_mfs_writerecm handle 1
both_unresolved,mfs_file,/home/chukyu/t-dyn/src/dyn501d/dyn501dStoreDat.c,364,mpf_mfs_open_H,2,OPEN_LOCK,DynReTrnMngInfFNO,,,"{""UNREACHABLE"": 1}",,,{},False,
both_unresolved,mfs_file,/home/chukyu/t-dyn/src/dyn501d/dyn501dStoreDat.c,364,mpf_mfs_open_H,2,READ,,,,{},DynReTrnMngInfFNO,,"{""OK_CONST"": 1}",True,t-dyn/src/dyn501d/dyn501dStoreDat.c:11916 mpf_mfs_open_H arg 2
both_unresolved,mfs_file,/home/chukyu/t-dyn/src/dyn501d/dyn501dStoreDat.c,371,mpf_mfs_readrecm,1,READREC,&fcb,,,"{""UNREACHABLE"": 1}",&fcb,,"{""OK_CONST"": 1}",True,t-dyn/src/dyn501d/dyn501dStoreDat.c:11916 mpf_mfs_open_H arg 2 > t-dyn/src/dyn501d/dyn501dStoreDat.c:12169 mpf_mfs_readrecm handle 1
both_unresolved,mfs_file,/home/chukyu/t-dyn/src/dyn501d/dyn501dStoreDat.c,384,mpf_mfs_writerecm,1,WRITEREC,&fcb,,,"{""UNREACHABLE"": 1}",&fcb,,"{""OK_CONST"": 1}",True,t-dyn/src/dyn501d/dyn501dStoreDat.c:11916 mpf_mfs_open_H arg 2 > t-dyn/src/dyn501d/dyn501dStoreDat.c:12710 mpf_mfs_writerecm handle 1
both_unresolved,mfs_file,/home/chukyu/t-dyn/src/dyn501d/dyn501dStoreDat.c,544,mpf_mfs_open_H,2,OPEN_LOCK,DynReTrnMngInfFNO,,,"{""UNREACHABLE"": 1}",,,{},False,
both_unresolved,mfs_file,/home/chukyu/t-dyn/src/dyn501d/dyn501dStoreDat.c,544,mpf_mfs_open_H,2,READ,,,,{},DynReTrnMngInfFNO,,"{""OK_CONST"": 1}",True,t-dyn/src/dyn501d/dyn501dStoreDat.c:17433 mpf_mfs_open_H arg 2
both_unresolved,mfs_file,/home/chukyu/t-dyn/src/dyn501d/dyn501dStoreDat.c,551,mpf_mfs_readrecm,1,READREC,&fcb,,,"{""UNREACHABLE"": 1}",&fcb,,"{""OK_CONST"": 1}",True,t-dyn/src/dyn501d/dyn501dStoreDat.c:17433 mpf_mfs_open_H arg 2 > t-dyn/src/dyn501d/dyn501dStoreDat.c:17682 mpf_mfs_readrecm handle 1
both_unresolved,mfs_file,/home/chukyu/t-dyn/src/dyn501d/dyn501dStoreDat.c,570,mpf_mfs_writerecm,1,WRITEREC,&fcb,,,"{""UNREACHABLE"": 1}",&fcb,,"{""OK_CONST"": 1}",True,t-dyn/src/dyn501d/dyn501dStoreDat.c:17433 mpf_mfs_open_H arg 2 > t-dyn/src/dyn501d/dyn501dStoreDat.c:18297 mpf_mfs_writerecm handle 1
both_unresolved,mfs_file,/home/chukyu/t-dyn/src/dyn510d/dyn510dCsvLoad.c,380,mpf_mfs_open_H,2,OPEN_LOCK,DynReTrnMngInfFNO,,,"{""UNREACHABLE"": 1}",,,{},False,
both_unresolved,mfs_file,/home/chukyu/t-dyn/src/dyn510d/dyn510dCsvLoad.c,380,mpf_mfs_open_H,2,READ,,,,{},DynReTrnMngInfFNO,,"{""OK_CONST"": 1}",True,t-dyn/src/dyn510d/dyn510dCsvLoad.c:12769 mpf_mfs_open_H arg 2
cvisualizer_resolved_only,mfs_file,/home/chukyu/t-dyn/src/dyn510d/dyn510dCsvLoad.c,390,mpf_mfs_readrecn,1,READREC,&fcb,1074,,"{""EXACT"": 1}",&fcb,,"{""OK_CONST"": 1}",True,t-dyn/src/dyn510d/dyn510dCsvLoad.c:12769 mpf_mfs_open_H arg 2 > t-dyn/src/dyn510d/dyn510dCsvLoad.c:13062 mpf_mfs_readrecn handle 1
both_unresolved,mfs_file,/home/chukyu/t-dyn/src/dyn510d/dyn510dCsvLoad.c,557,mpf_mfs_open_H,2,OPEN_LOCK,DynReTrnMngInfFNO,,,"{""UNREACHABLE"": 1}",,,{},False,
both_unresolved,mfs_file,/home/chukyu/t-dyn/src/dyn510d/dyn510dCsvLoad.c,557,mpf_mfs_open_H,2,READ,,,,{},DynReTrnMngInfFNO,,"{""OK_CONST"": 1}",True,t-dyn/src/dyn510d/dyn510dCsvLoad.c:21890 mpf_mfs_open_H arg 2
cvisualizer_resolved_only,mfs_file,/home/chukyu/t-dyn/src/dyn510d/dyn510dCsvLoad.c,570,mpf_mfs_writerecn,1,WRITEREC,&fcb,1073,,"{""EXACT"": 1}",&fcb,,"{""OK_CONST"": 1}",True,t-dyn/src/dyn510d/dyn510dCsvLoad.c:21890 mpf_mfs_open_H arg 2 > t-dyn/src/dyn510d/dyn510dCsvLoad.c:22280 mpf_mfs_writerecn handle 1
disjoint,mfs_file,/home/chukyu/t-dyn/src/dyn510d/dyn510dCsvLoad.c,594,mpf_mfs_readrecn,1,READREC,&fcb,1076,,"{""EXACT"": 1}",&fcb; DynReMyPageStaFNO,1075,"{""ALREADY_PRESENT"": 1, ""OK_CONST"": 1}",True,t-dyn/src/dyn510d/dyn510dCsvLoad.c:22748 mpf_mfs_open_H arg 2 > t-dyn/src/dyn510d/dyn510dCsvLoad.c:23031 mpf_mfs_readrecn handle 1
disjoint,mfs_file,/home/chukyu/t-dyn/src/dyn510d/dyn510dCsvLoad.c,598,mpf_mfs_writerecn,1,WRITEREC,&fcb,1076,,"{""EXACT"": 1}",&fcb; DynReMyPageStaFNO,1075,"{""ALREADY_PRESENT"": 1, ""OK_CONST"": 1}",True,t-dyn/src/dyn510d/dyn510dCsvLoad.c:22748 mpf_mfs_open_H arg 2 > t-dyn/src/dyn510d/dyn510dCsvLoad.c:23137 mpf_mfs_writerecn handle 1
disjoint,mfs_file,/home/chukyu/t-dyn/src/dyn510d/dyn510dCsvLoad.c,626,mpf_mfs_readrecn,1,READREC,&fcb,1041,,"{""EXACT"": 1}",&fcb; DynReHESHealthFNO,1048,"{""ALREADY_PRESENT"": 1, ""OK_CONST"": 1}",True,t-dyn/src/dyn510d/dyn510dCsvLoad.c:23815 mpf_mfs_open_H arg 2 > t-dyn/src/dyn510d/dyn510dCsvLoad.c:24096 mpf_mfs_readrecn handle 1
disjoint,mfs_file,/home/chukyu/t-dyn/src/dyn510d/dyn510dCsvLoad.c,631,mpf_mfs_writerecn,1,WRITEREC,&fcb,1041,,"{""EXACT"": 1}",&fcb; DynReHESHealthFNO,1048,"{""ALREADY_PRESENT"": 1, ""OK_CONST"": 1}",True,t-dyn/src/dyn510d/dyn510dCsvLoad.c:23815 mpf_mfs_open_H arg 2 > t-dyn/src/dyn510d/dyn510dCsvLoad.c:24281 mpf_mfs_writerecn handle 1
both_unresolved,mfs_file,/home/chukyu/t-dyn/src/dyn510d/dyn510dFtpGet.c,311,mpf_mfs_open_H,2,OPEN_LOCK,DynReTrnMngInfFNO,,,"{""UNREACHABLE"": 1}",,,{},False,
both_unresolved,mfs_file,/home/chukyu/t-dyn/src/dyn510d/dyn510dFtpGet.c,311,mpf_mfs_open_H,2,READ,,,,{},DynReTrnMngInfFNO,,"{""OK_CONST"": 1}",True,t-dyn/src/dyn510d/dyn510dFtpGet.c:11671 mpf_mfs_open_H arg 2
cvisualizer_resolved_only,mfs_file,/home/chukyu/t-dyn/src/dyn510d/dyn510dFtpGet.c,318,mpf_mfs_readrecn,1,READREC,&fcb,1074,,"{""EXACT"": 1}",&fcb,,"{""OK_CONST"": 1}",True,t-dyn/src/dyn510d/dyn510dFtpGet.c:11671 mpf_mfs_open_H arg 2 > t-dyn/src/dyn510d/dyn510dFtpGet.c:11823 mpf_mfs_readrecn handle 1
both_unresolved,mfs_file,/home/chukyu/t-dyn/src/dyn510d/dyn510dFtpGet.c,480,mpf_mfs_open_H,2,OPEN_LOCK,DynReTrnMngInfFNO,,,"{""UNREACHABLE"": 1}",,,{},False,
both_unresolved,mfs_file,/home/chukyu/t-dyn/src/dyn510d/dyn510dFtpGet.c,480,mpf_mfs_open_H,2,READ,,,,{},DynReTrnMngInfFNO,,"{""OK_CONST"": 1}",True,t-dyn/src/dyn510d/dyn510dFtpGet.c:19400 mpf_mfs_open_H arg 2
cvisualizer_resolved_only,mfs_file,/home/chukyu/t-dyn/src/dyn510d/dyn510dFtpGet.c,489,mpf_mfs_writerecn,1,WRITEREC,&fcb,1074,,"{""EXACT"": 1}",&fcb,,"{""OK_CONST"": 1}",True,t-dyn/src/dyn510d/dyn510dFtpGet.c:19400 mpf_mfs_open_H arg 2 > t-dyn/src/dyn510d/dyn510dFtpGet.c:19646 mpf_mfs_writerecn handle 1
both_unresolved,mfs_file,/home/chukyu/t-dyn/src/dyn510d/dyn510dFtpGet.c,615,mpf_mfs_open_H,2,OPEN_LOCK,DynReTrnDataInfFNO,,,"{""UNREACHABLE"": 1}",,,{},False,
both_unresolved,mfs_file,/home/chukyu/t-dyn/src/dyn510d/dyn510dFtpGet.c,615,mpf_mfs_open_H,2,READ,,,,{},DynReTrnDataInfFNO,,"{""OK_CONST"": 1}",True,t-dyn/src/dyn510d/dyn510dFtpGet.c:23585 mpf_mfs_open_H arg 2
cvisualizer_resolved_only,mfs_file,/home/chukyu/t-dyn/src/dyn510d/dyn510dFtpGet.c,621,mpf_mfs_readrecn,1,READREC,&fcb,1073,,"{""EXACT"": 1}",&fcb,,"{""OK_CONST"": 1}",True,t-dyn/src/dyn510d/dyn510dFtpGet.c:23585 mpf_mfs_open_H arg 2 > t-dyn/src/dyn510d/dyn510dFtpGet.c:23796 mpf_mfs_readrecn handle 1
both_unresolved,mfs_file,/home/chukyu/t-dyn/src/dyn532/dyn532FtpFile.c,169,mpf_mfs_open_H,2,OPEN_LOCK,DynReTrnDataInfFNO,,,"{""UNREACHABLE"": 1}",,,{},False,
both_unresolved,mfs_file,/home/chukyu/t-dyn/src/dyn532/dyn532FtpFile.c,169,mpf_mfs_open_H,2,READ,,,,{},DynReTrnDataInfFNO,,"{""OK_CONST"": 1}",True,t-dyn/src/dyn532/dyn532FtpFile.c:6008 mpf_mfs_open_H arg 2
cvisualizer_resolved_only,mfs_file,/home/chukyu/t-dyn/src/dyn532/dyn532FtpFile.c,175,mpf_mfs_readrecn,1,READREC,&fcb,1073,,"{""EXACT"": 1}",&fcb,,"{""OK_CONST"": 1}",True,t-dyn/src/dyn532/dyn532FtpFile.c:6008 mpf_mfs_open_H arg 2 > t-dyn/src/dyn532/dyn532FtpFile.c:6223 mpf_mfs_readrecn handle 1
legacy_resolved_only,mfs_file,/home/chukyu/t-dyn/src/dyn561/dyn561FtpRcv.c,480,mpf_mfs_readrecm,1,READREC,&fcb,,,"{""UNREACHABLE"": 1}",&fcb; DynReGpIdStaFNO,3993,"{""ALREADY_PRESENT"": 1, ""OK_CONST"": 1}",True,t-dyn/src/dyn561/dyn561FtpRcv.c:16807 mpf_mfs_open_H arg 2 > t-dyn/src/dyn561/dyn561FtpRcv.c:17055 mpf_mfs_readrecm handle 1
legacy_resolved_only,mfs_file,/home/chukyu/t-dyn/src/dyn561/dyn561FtpRcv.c,542,mpf_mfs_writerecm,1,WRITEREC,&fcb,,,"{""UNREACHABLE"": 1}",&fcb; DynReGpIdStaFNO,3993,"{""ALREADY_PRESENT"": 1, ""OK_CONST"": 1}",True,t-dyn/src/dyn561/dyn561FtpRcv.c:18543 mpf_mfs_open_H arg 2 > t-dyn/src/dyn561/dyn561FtpRcv.c:18927 mpf_mfs_writerecm handle 1
legacy_resolved_only,mfs_file,/home/chukyu/t-dyn/src/dyn561/dyn561FtpRcv.c,599,mpf_mfs_writerecn,1,WRITEREC,&fcb,,,"{""EXTERNAL"": 1}",&fcb; DynReGpIdInfFNO,3994,"{""ALREADY_PRESENT"": 1, ""OK_CONST"": 1}",True,t-dyn/src/dyn561/dyn561FtpRcv.c:20883 mpf_mfs_open_H arg 2 > t-dyn/src/dyn561/dyn561FtpRcv.c:21146 mpf_mfs_writerecn handle 1
both_unresolved,mfs_file,/home/chukyu/t-dyn/src/dyn561/dyn561Main.c,135,mpf_mfs_open_H,2,OPEN_LOCK,DynReTrnMngInfFNO,,,"{""UNREACHABLE"": 1}",,,{},False,
both_unresolved,mfs_file,/home/chukyu/t-dyn/src/dyn561/dyn561Main.c,135,mpf_mfs_open_H,2,READ,,,,{},DynReTrnMngInfFNO,,"{""OK_CONST"": 1}",True,t-dyn/src/dyn561/dyn561Main.c:5468 mpf_mfs_open_H arg 2
cvisualizer_resolved_only,mfs_file,/home/chukyu/t-dyn/src/dyn561/dyn561Main.c,143,mpf_mfs_readrecn,1,READREC,&fcb,1074,,"{""EXACT"": 1}",&fcb,,"{""OK_CONST"": 1}",True,t-dyn/src/dyn561/dyn561Main.c:5468 mpf_mfs_open_H arg 2 > t-dyn/src/dyn561/dyn561Main.c:5802 mpf_mfs_readrecn handle 1
cvisualizer_resolved_only,mfs_file,/home/chukyu/t-dyn/src/dyn561/dyn561Main.c,146,mpf_mfs_writerecn,1,WRITEREC,&fcb,1074,,"{""EXACT"": 1}",&fcb,,"{""OK_CONST"": 1}",True,t-dyn/src/dyn561/dyn561Main.c:5468 mpf_mfs_open_H arg 2 > t-dyn/src/dyn561/dyn561Main.c:6053 mpf_mfs_writerecn handle 1
legacy_resolved_only,mfs_file,/home/chukyu/t-dyn/src/dyn562/dyn562FtpRcv.c,543,mpf_mfs_readrecm,1,READREC,&fcb,,,"{""UNREACHABLE"": 1}",&fcb; DynReGrpIdxFNO,3916,"{""ALREADY_PRESENT"": 1, ""OK_CONST"": 1}",True,t-dyn/src/dyn562/dyn562FtpRcv.c:19317 mpf_mfs_open_H arg 2 > t-dyn/src/dyn562/dyn562FtpRcv.c:19530 mpf_mfs_readrecm handle 1
both_unresolved,mfs_file,/home/chukyu/t-dyn/src/dyn562/dyn562FtpRcv.c,546,mpf_mfs_open_H,2,OPEN_LOCK,DynReGrpSetFNO,,,"{""UNREACHABLE"": 1}",,,{},False,
both_unresolved,mfs_file,/home/chukyu/t-dyn/src/dyn562/dyn562FtpRcv.c,546,mpf_mfs_open_H,2,READ,,,,{},DynReGrpSetFNO,,"{""OK_CONST"": 1}",True,t-dyn/src/dyn562/dyn562FtpRcv.c:19644 mpf_mfs_open_H arg 2
cvisualizer_resolved_only,mfs_file,/home/chukyu/t-dyn/src/dyn562/dyn562FtpRcv.c,556,mpf_mfs_readrecn,1,READREC,&fcb,1023,,"{""EXACT"": 1}",&fcb,,"{""OK_CONST"": 1}",True,t-dyn/src/dyn562/dyn562FtpRcv.c:19644 mpf_mfs_open_H arg 2 > t-dyn/src/dyn562/dyn562FtpRcv.c:19898 mpf_mfs_readrecn handle 1
legacy_resolved_only,mfs_file,/home/chukyu/t-dyn/src/dyn562/dyn562FtpRcv.c,576,mpf_mfs_readrecm,1,READREC,&fcb,,,"{""UNREACHABLE"": 1}",&fcb; DynReCtlMntStaFNO,3986,"{""ALREADY_PRESENT"": 1, ""OK_CONST"": 1}",True,t-dyn/src/dyn562/dyn562FtpRcv.c:20511 mpf_mfs_open_H arg 2 > t-dyn/src/dyn562/dyn562FtpRcv.c:20757 mpf_mfs_readrecm handle 1
legacy_resolved_only,mfs_file,/home/chukyu/t-dyn/src/dyn562/dyn562FtpRcv.c,586,mpf_mfs_readrecn,1,READREC,&fcb,,,"{""EXTERNAL"": 1}",&fcb; DynReCtlMntSetFNO,3987,"{""ALREADY_PRESENT"": 1, ""OK_CONST"": 1}",True,t-dyn/src/dyn562/dyn562FtpRcv.c:20905 mpf_mfs_open_H arg 2 > t-dyn/src/dyn562/dyn562FtpRcv.c:21179 mpf_mfs_readrecn handle 1
legacy_resolved_only,mfs_file,/home/chukyu/t-dyn/src/dyn562/dyn562FtpRcv.c,599,mpf_mfs_readrecn,1,READREC,&fcb,,,"{""EXTERNAL"": 1}",&fcb; DynReKoteMainteFNO,3988,"{""ALREADY_PRESENT"": 1, ""OK_CONST"": 1}",True,t-dyn/src/dyn562/dyn562FtpRcv.c:21413 mpf_mfs_open_H arg 2 > t-dyn/src/dyn562/dyn562FtpRcv.c:21669 mpf_mfs_readrecn handle 1
legacy_resolved_only,mfs_file,/home/chukyu/t-dyn/src/dyn562/dyn562FtpRcv.c,609,mpf_mfs_readrecm,1,READREC,&fcb,,,"{""UNREACHABLE"": 1}",&fcb; DynReKoteMntStaFNO,3989,"{""ALREADY_PRESENT"": 1, ""OK_CONST"": 1}",True,t-dyn/src/dyn562/dyn562FtpRcv.c:21923 mpf_mfs_open_H arg 2 > t-dyn/src/dyn562/dyn562FtpRcv.c:22171 mpf_mfs_readrecm handle 1
legacy_resolved_only,mfs_file,/home/chukyu/t-dyn/src/dyn562/dyn562FtpRcv.c,619,mpf_mfs_readrecn,1,READREC,&fcb,,,"{""EXTERNAL"": 1}",&fcb; DynReKoteMntSetFNO,3990,"{""ALREADY_PRESENT"": 1, ""OK_CONST"": 1}",True,t-dyn/src/dyn562/dyn562FtpRcv.c:22255 mpf_mfs_open_H arg 2 > t-dyn/src/dyn562/dyn562FtpRcv.c:22542 mpf_mfs_readrecn handle 1
equal,mfs_file,/home/chukyu/t-dyn/src/dyn562/dyn562FtpRcv.c,631,mpf_mfs_readrecn,1,READREC,&fcb,4013,,"{""EXACT"": 1}",&fcb; DynReKoTeiHtSetFNO,4013,"{""ALREADY_PRESENT"": 1, ""OK_CONST"": 1}",True,t-dyn/src/dyn562/dyn562FtpRcv.c:22767 mpf_mfs_open_H arg 2 > t-dyn/src/dyn562/dyn562FtpRcv.c:22985 mpf_mfs_readrecn handle 1
both_unresolved,mfs_file,/home/chukyu/t-dyn/src/dyn562/dyn562FtpRcv.c,706,mpf_mfs_writerecm,1,WRITEREC,&fcbSchKK,,,"{""UNREACHABLE"": 1}",&fcbSchKK,,"{""OK_CONST"": 1}",True,t-dyn/src/dyn562/dyn562FtpRcv.c:25348 mpf_mfs_writerecm handle 1
both_unresolved,mfs_file,/home/chukyu/t-dyn/src/dyn562/dyn562FtpRcv.c,717,mpf_mfs_open_H,2,OPEN_LOCK,DynREGetSchfno(nFnoidx),,,"{""UNREACHABLE"": 1}",,,{},False,
both_unresolved,mfs_file,/home/chukyu/t-dyn/src/dyn562/dyn562FtpRcv.c,717,mpf_mfs_open_H,2,READ,,,,{},DynREGetSchfno(nFnoidx),,"{""UNRESOLVED"": 1}",True,t-dyn/src/dyn562/dyn562FtpRcv.c:25825 mpf_mfs_open_H arg 2
both_unresolved,mfs_file,/home/chukyu/t-dyn/src/dyn562/dyn562FtpRcv.c,724,mpf_mfs_readrecm,1,READREC,&fcbSch,,,"{""UNREACHABLE"": 1}",&fcbSch,,"{""UNRESOLVED"": 1}",True,t-dyn/src/dyn562/dyn562FtpRcv.c:25825 mpf_mfs_open_H arg 2 > t-dyn/src/dyn562/dyn562FtpRcv.c:26113 mpf_mfs_readrecm handle 1
both_unresolved,mfs_file,/home/chukyu/t-dyn/src/dyn562/dyn562FtpRcv.c,743,mpf_mfs_writerecm,1,WRITEREC,&fcbSch,,,"{""UNREACHABLE"": 1}",&fcbSch,,"{""UNRESOLVED"": 1}",True,t-dyn/src/dyn562/dyn562FtpRcv.c:25825 mpf_mfs_open_H arg 2 > t-dyn/src/dyn562/dyn562FtpRcv.c:26948 mpf_mfs_writerecm handle 1
both_unresolved,mfs_file,/home/chukyu/t-dyn/src/dyn562/dyn562FtpRcv.c,767,mpf_mfs_open_H,2,OPEN_LOCK,DynREGetSchKKLCfno(nFnoidxKK),,,"{""UNREACHABLE"": 1}",,,{},False,
both_unresolved,mfs_file,/home/chukyu/t-dyn/src/dyn562/dyn562FtpRcv.c,767,mpf_mfs_open_H,2,READ,,,,{},DynREGetSchKKLCfno(nFnoidxKK),,"{""UNRESOLVED"": 1}",True,t-dyn/src/dyn562/dyn562FtpRcv.c:27805 mpf_mfs_open_H arg 2
both_unresolved,mfs_file,/home/chukyu/t-dyn/src/dyn562/dyn562FtpRcv.c,771,mpf_mfs_open_H,2,OPEN_LOCK,DynREGetSchKKfno(nFnoidxKK),,,"{""UNREACHABLE"": 1}",,,{},False,
both_unresolved,mfs_file,/home/chukyu/t-dyn/src/dyn562/dyn562FtpRcv.c,771,mpf_mfs_open_H,2,READ,,,,{},DynREGetSchKKfno(nFnoidxKK),,"{""UNRESOLVED"": 1}",True,t-dyn/src/dyn562/dyn562FtpRcv.c:27972 mpf_mfs_open_H arg 2
both_unresolved,mfs_file,/home/chukyu/t-dyn/src/dyn562/dyn562FtpRcv.c,779,mpf_mfs_readrecm,1,READREC,&fcbSchKK,,,"{""UNREACHABLE"": 1}",&fcbSchKK,,"{""UNRESOLVED"": 2}",True,t-dyn/src/dyn562/dyn562FtpRcv.c:27805 mpf_mfs_open_H arg 2 > t-dyn/src/dyn562/dyn562FtpRcv.c:28256 mpf_mfs_readrecm handle 1 || t-dyn/src/dyn562/dyn562FtpRcv.c:27972 mpf_mfs_open_H arg 2 > t-dyn/src/dyn562/dyn562FtpRcv.c:28256 mpf_mfs_readrecm handle 1
both_unresolved,mfs_file,/home/chukyu/t-dyn/src/dyn562/dyn562FtpRcv.c,925,mpf_mfs_writerecm,1,WRITEREC,&fcbSchKK,,,"{""UNREACHABLE"": 1}",&fcbSchKK,,"{""UNRESOLVED"": 2}",True,t-dyn/src/dyn562/dyn562FtpRcv.c:27805 mpf_mfs_open_H arg 2 > t-dyn/src/dyn562/dyn562FtpRcv.c:33796 mpf_mfs_writerecm handle 1 || t-dyn/src/dyn562/dyn562FtpRcv.c:27972 mpf_mfs_open_H arg 2 > t-dyn/src/dyn562/dyn562FtpRcv.c:33796 mpf_mfs_writerecm handle 1
both_unresolved,mfs_file,/home/chukyu/t-dyn/src/dyn562/dyn562FtpRcv.c,937,mpf_mfs_open_H,2,OPEN_LOCK,DynREGetSchfno(nFnoidx),,,"{""UNREACHABLE"": 1}",,,{},False,
both_unresolved,mfs_file,/home/chukyu/t-dyn/src/dyn562/dyn562FtpRcv.c,937,mpf_mfs_open_H,2,READ,,,,{},DynREGetSchfno(nFnoidx),,"{""UNRESOLVED"": 1}",True,t-dyn/src/dyn562/dyn562FtpRcv.c:34154 mpf_mfs_open_H arg 2
both_unresolved,mfs_file,/home/chukyu/t-dyn/src/dyn562/dyn562FtpRcv.c,943,mpf_mfs_readrecm,1,READREC,&fcbSch,,,"{""UNREACHABLE"": 1}",&fcbSch,,"{""UNRESOLVED"": 1}",True,t-dyn/src/dyn562/dyn562FtpRcv.c:34154 mpf_mfs_open_H arg 2 > t-dyn/src/dyn562/dyn562FtpRcv.c:34328 mpf_mfs_readrecm handle 1
both_unresolved,mfs_file,/home/chukyu/t-dyn/src/dyn562/dyn562FtpRcv.c,962,mpf_mfs_writerecm,1,WRITEREC,&fcbSch,,,"{""UNREACHABLE"": 1}",&fcbSch,,"{""UNRESOLVED"": 1}",True,t-dyn/src/dyn562/dyn562FtpRcv.c:34154 mpf_mfs_open_H arg 2 > t-dyn/src/dyn562/dyn562FtpRcv.c:34947 mpf_mfs_writerecm handle 1
both_unresolved,mfs_file,/home/chukyu/t-dyn/src/dyn562/dyn562Main.c,134,mpf_mfs_open_H,2,OPEN_LOCK,DynReTrnMngInfFNO,,,"{""UNREACHABLE"": 1}",,,{},False,
both_unresolved,mfs_file,/home/chukyu/t-dyn/src/dyn562/dyn562Main.c,134,mpf_mfs_open_H,2,READ,,,,{},DynReTrnMngInfFNO,,"{""OK_CONST"": 1}",True,t-dyn/src/dyn562/dyn562Main.c:5467 mpf_mfs_open_H arg 2
cvisualizer_resolved_only,mfs_file,/home/chukyu/t-dyn/src/dyn562/dyn562Main.c,142,mpf_mfs_readrecn,1,READREC,&fcb,1074,,"{""EXACT"": 1}",&fcb,,"{""OK_CONST"": 1}",True,t-dyn/src/dyn562/dyn562Main.c:5467 mpf_mfs_open_H arg 2 > t-dyn/src/dyn562/dyn562Main.c:5803 mpf_mfs_readrecn handle 1
cvisualizer_resolved_only,mfs_file,/home/chukyu/t-dyn/src/dyn562/dyn562Main.c,145,mpf_mfs_writerecn,1,WRITEREC,&fcb,1074,,"{""EXACT"": 1}",&fcb,,"{""OK_CONST"": 1}",True,t-dyn/src/dyn562/dyn562Main.c:5467 mpf_mfs_open_H arg 2 > t-dyn/src/dyn562/dyn562Main.c:6057 mpf_mfs_writerecn handle 1
legacy_resolved_only,mfs_file,/home/chukyu/t-dyn/src/dyn563/dyn563FtpRcv.c,544,mpf_mfs_readrecm,1,READREC,&fcb,,,"{""UNREACHABLE"": 1}",&fcb; DynReGrpIdxFNO,3916,"{""ALREADY_PRESENT"": 1, ""OK_CONST"": 1}",True,t-dyn/src/dyn563/dyn563FtpRcv.c:19400 mpf_mfs_open_H arg 2 > t-dyn/src/dyn563/dyn563FtpRcv.c:19613 mpf_mfs_readrecm handle 1
both_unresolved,mfs_file,/home/chukyu/t-dyn/src/dyn563/dyn563FtpRcv.c,547,mpf_mfs_open_H,2,OPEN_LOCK,DynReGrpSetFNO,,,"{""UNREACHABLE"": 1}",,,{},False,
both_unresolved,mfs_file,/home/chukyu/t-dyn/src/dyn563/dyn563FtpRcv.c,547,mpf_mfs_open_H,2,READ,,,,{},DynReGrpSetFNO,,"{""OK_CONST"": 1}",True,t-dyn/src/dyn563/dyn563FtpRcv.c:19727 mpf_mfs_open_H arg 2
cvisualizer_resolved_only,mfs_file,/home/chukyu/t-dyn/src/dyn563/dyn563FtpRcv.c,557,mpf_mfs_readrecn,1,READREC,&fcb,1023,,"{""EXACT"": 1}",&fcb,,"{""OK_CONST"": 1}",True,t-dyn/src/dyn563/dyn563FtpRcv.c:19727 mpf_mfs_open_H arg 2 > t-dyn/src/dyn563/dyn563FtpRcv.c:19981 mpf_mfs_readrecn handle 1
legacy_resolved_only,mfs_file,/home/chukyu/t-dyn/src/dyn563/dyn563FtpRcv.c,577,mpf_mfs_readrecm,1,READREC,&fcb,,,"{""UNREACHABLE"": 1}",&fcb; DynReCtlMntStaFNO,3986,"{""ALREADY_PRESENT"": 1, ""OK_CONST"": 1}",True,t-dyn/src/dyn563/dyn563FtpRcv.c:20594 mpf_mfs_open_H arg 2 > t-dyn/src/dyn563/dyn563FtpRcv.c:20840 mpf_mfs_readrecm handle 1
legacy_resolved_only,mfs_file,/home/chukyu/t-dyn/src/dyn563/dyn563FtpRcv.c,587,mpf_mfs_readrecn,1,READREC,&fcb,,,"{""UNRESOLVED"": 1}",&fcb; DynReCtlMntSetFNO,3987,"{""ALREADY_PRESENT"": 1, ""OK_CONST"": 1}",True,t-dyn/src/dyn563/dyn563FtpRcv.c:20988 mpf_mfs_open_H arg 2 > t-dyn/src/dyn563/dyn563FtpRcv.c:21262 mpf_mfs_readrecn handle 1
legacy_resolved_only,mfs_file,/home/chukyu/t-dyn/src/dyn563/dyn563FtpRcv.c,600,mpf_mfs_readrecn,1,READREC,&fcb,,,"{""EXTERNAL"": 1}",&fcb; DynReKoteMainteFNO,3988,"{""ALREADY_PRESENT"": 1, ""OK_CONST"": 1}",True,t-dyn/src/dyn563/dyn563FtpRcv.c:21496 mpf_mfs_open_H arg 2 > t-dyn/src/dyn563/dyn563FtpRcv.c:21752 mpf_mfs_readrecn handle 1
legacy_resolved_only,mfs_file,/home/chukyu/t-dyn/src/dyn563/dyn563FtpRcv.c,610,mpf_mfs_readrecm,1,READREC,&fcb,,,"{""UNREACHABLE"": 1}",&fcb; DynReKoteMntStaFNO,3989,"{""ALREADY_PRESENT"": 1, ""OK_CONST"": 1}",True,t-dyn/src/dyn563/dyn563FtpRcv.c:22006 mpf_mfs_open_H arg 2 > t-dyn/src/dyn563/dyn563FtpRcv.c:22254 mpf_mfs_readrecm handle 1
legacy_resolved_only,mfs_file,/home/chukyu/t-dyn/src/dyn563/dyn563FtpRcv.c,620,mpf_mfs_readrecn,1,READREC,&fcb,,,"{""EXTERNAL"": 1}",&fcb; DynReKoteMntSetFNO,3990,"{""ALREADY_PRESENT"": 1, ""OK_CONST"": 1}",True,t-dyn/src/dyn563/dyn563FtpRcv.c:22338 mpf_mfs_open_H arg 2 > t-dyn/src/dyn563/dyn563FtpRcv.c:22625 mpf_mfs_readrecn handle 1
equal,mfs_file,/home/chukyu/t-dyn/src/dyn563/dyn563FtpRcv.c,633,mpf_mfs_readrecn,1,READREC,&fcb,4013,,"{""EXACT"": 1}",&fcb; DynReKoTeiHtSetFNO,4013,"{""ALREADY_PRESENT"": 1, ""OK_CONST"": 1}",True,t-dyn/src/dyn563/dyn563FtpRcv.c:22850 mpf_mfs_open_H arg 2 > t-dyn/src/dyn563/dyn563FtpRcv.c:23069 mpf_mfs_readrecn handle 1
both_unresolved,mfs_file,/home/chukyu/t-dyn/src/dyn563/dyn563FtpRcv.c,708,mpf_mfs_writerecm,1,WRITEREC,&fcbSchKK,,,"{""UNREACHABLE"": 1}",&fcbSchKK,,"{""OK_CONST"": 1}",True,t-dyn/src/dyn563/dyn563FtpRcv.c:25450 mpf_mfs_writerecm handle 1
both_unresolved,mfs_file,/home/chukyu/t-dyn/src/dyn563/dyn563FtpRcv.c,719,mpf_mfs_open_H,2,OPEN_LOCK,DynREGetSchfno(nFnoidx),,,"{""UNREACHABLE"": 1}",,,{},False,
both_unresolved,mfs_file,/home/chukyu/t-dyn/src/dyn563/dyn563FtpRcv.c,719,mpf_mfs_open_H,2,READ,,,,{},DynREGetSchfno(nFnoidx),,"{""UNRESOLVED"": 1}",True,t-dyn/src/dyn563/dyn563FtpRcv.c:25927 mpf_mfs_open_H arg 2
both_unresolved,mfs_file,/home/chukyu/t-dyn/src/dyn563/dyn563FtpRcv.c,726,mpf_mfs_readrecm,1,READREC,&fcbSch,,,"{""UNREACHABLE"": 1}",&fcbSch,,"{""UNRESOLVED"": 1}",True,t-dyn/src/dyn563/dyn563FtpRcv.c:25927 mpf_mfs_open_H arg 2 > t-dyn/src/dyn563/dyn563FtpRcv.c:26215 mpf_mfs_readrecm handle 1
both_unresolved,mfs_file,/home/chukyu/t-dyn/src/dyn563/dyn563FtpRcv.c,745,mpf_mfs_writerecm,1,WRITEREC,&fcbSch,,,"{""UNREACHABLE"": 1}",&fcbSch,,"{""UNRESOLVED"": 1}",True,t-dyn/src/dyn563/dyn563FtpRcv.c:25927 mpf_mfs_open_H arg 2 > t-dyn/src/dyn563/dyn563FtpRcv.c:27050 mpf_mfs_writerecm handle 1
both_unresolved,mfs_file,/home/chukyu/t-dyn/src/dyn563/dyn563FtpRcv.c,769,mpf_mfs_open_H,2,OPEN_LOCK,DynREGetSchKKLCfno(nFnoidxKK),,,"{""UNREACHABLE"": 1}",,,{},False,
both_unresolved,mfs_file,/home/chukyu/t-dyn/src/dyn563/dyn563FtpRcv.c,769,mpf_mfs_open_H,2,READ,,,,{},DynREGetSchKKLCfno(nFnoidxKK),,"{""UNRESOLVED"": 1}",True,t-dyn/src/dyn563/dyn563FtpRcv.c:27907 mpf_mfs_open_H arg 2
both_unresolved,mfs_file,/home/chukyu/t-dyn/src/dyn563/dyn563FtpRcv.c,773,mpf_mfs_open_H,2,OPEN_LOCK,DynREGetSchKKfno(nFnoidxKK),,,"{""UNREACHABLE"": 1}",,,{},False,
both_unresolved,mfs_file,/home/chukyu/t-dyn/src/dyn563/dyn563FtpRcv.c,773,mpf_mfs_open_H,2,READ,,,,{},DynREGetSchKKfno(nFnoidxKK),,"{""UNRESOLVED"": 1}",True,t-dyn/src/dyn563/dyn563FtpRcv.c:28074 mpf_mfs_open_H arg 2
both_unresolved,mfs_file,/home/chukyu/t-dyn/src/dyn563/dyn563FtpRcv.c,781,mpf_mfs_readrecm,1,READREC,&fcbSchKK,,,"{""UNREACHABLE"": 1}",&fcbSchKK,,"{""UNRESOLVED"": 2}",True,t-dyn/src/dyn563/dyn563FtpRcv.c:27907 mpf_mfs_open_H arg 2 > t-dyn/src/dyn563/dyn563FtpRcv.c:28358 mpf_mfs_readrecm handle 1 || t-dyn/src/dyn563/dyn563FtpRcv.c:28074 mpf_mfs_open_H arg 2 > t-dyn/src/dyn563/dyn563FtpRcv.c:28358 mpf_mfs_readrecm handle 1
both_unresolved,mfs_file,/home/chukyu/t-dyn/src/dyn563/dyn563FtpRcv.c,927,mpf_mfs_writerecm,1,WRITEREC,&fcbSchKK,,,"{""UNREACHABLE"": 1}",&fcbSchKK,,"{""UNRESOLVED"": 2}",True,t-dyn/src/dyn563/dyn563FtpRcv.c:27907 mpf_mfs_open_H arg 2 > t-dyn/src/dyn563/dyn563FtpRcv.c:33898 mpf_mfs_writerecm handle 1 || t-dyn/src/dyn563/dyn563FtpRcv.c:28074 mpf_mfs_open_H arg 2 > t-dyn/src/dyn563/dyn563FtpRcv.c:33898 mpf_mfs_writerecm handle 1
both_unresolved,mfs_file,/home/chukyu/t-dyn/src/dyn563/dyn563FtpRcv.c,939,mpf_mfs_open_H,2,OPEN_LOCK,DynREGetSchfno(nFnoidx),,,"{""UNREACHABLE"": 1}",,,{},False,
both_unresolved,mfs_file,/home/chukyu/t-dyn/src/dyn563/dyn563FtpRcv.c,939,mpf_mfs_open_H,2,READ,,,,{},DynREGetSchfno(nFnoidx),,"{""UNRESOLVED"": 1}",True,t-dyn/src/dyn563/dyn563FtpRcv.c:34256 mpf_mfs_open_H arg 2
both_unresolved,mfs_file,/home/chukyu/t-dyn/src/dyn563/dyn563FtpRcv.c,945,mpf_mfs_readrecm,1,READREC,&fcbSch,,,"{""UNREACHABLE"": 1}",&fcbSch,,"{""UNRESOLVED"": 1}",True,t-dyn/src/dyn563/dyn563FtpRcv.c:34256 mpf_mfs_open_H arg 2 > t-dyn/src/dyn563/dyn563FtpRcv.c:34430 mpf_mfs_readrecm handle 1
both_unresolved,mfs_file,/home/chukyu/t-dyn/src/dyn563/dyn563FtpRcv.c,964,mpf_mfs_writerecm,1,WRITEREC,&fcbSch,,,"{""UNREACHABLE"": 1}",&fcbSch,,"{""UNRESOLVED"": 1}",True,t-dyn/src/dyn563/dyn563FtpRcv.c:34256 mpf_mfs_open_H arg 2 > t-dyn/src/dyn563/dyn563FtpRcv.c:35049 mpf_mfs_writerecm handle 1
both_unresolved,mfs_file,/home/chukyu/t-dyn/src/dyn563/dyn563Main.c,134,mpf_mfs_open_H,2,OPEN_LOCK,DynReTrnMngInfFNO,,,"{""UNREACHABLE"": 1}",,,{},False,
both_unresolved,mfs_file,/home/chukyu/t-dyn/src/dyn563/dyn563Main.c,134,mpf_mfs_open_H,2,READ,,,,{},DynReTrnMngInfFNO,,"{""OK_CONST"": 1}",True,t-dyn/src/dyn563/dyn563Main.c:5467 mpf_mfs_open_H arg 2
cvisualizer_resolved_only,mfs_file,/home/chukyu/t-dyn/src/dyn563/dyn563Main.c,142,mpf_mfs_readrecn,1,READREC,&fcb,1074,,"{""EXACT"": 1}",&fcb,,"{""OK_CONST"": 1}",True,t-dyn/src/dyn563/dyn563Main.c:5467 mpf_mfs_open_H arg 2 > t-dyn/src/dyn563/dyn563Main.c:5805 mpf_mfs_readrecn handle 1
cvisualizer_resolved_only,mfs_file,/home/chukyu/t-dyn/src/dyn563/dyn563Main.c,145,mpf_mfs_writerecn,1,WRITEREC,&fcb,1074,,"{""EXACT"": 1}",&fcb,,"{""OK_CONST"": 1}",True,t-dyn/src/dyn563/dyn563Main.c:5467 mpf_mfs_open_H arg 2 > t-dyn/src/dyn563/dyn563Main.c:6059 mpf_mfs_writerecn handle 1
both_unresolved,mfs_file,/home/chukyu/t-dyn/src/dyn564/dyn564Main.c,123,mpf_mfs_open_H,2,OPEN_LOCK,DynReTrnMngInfFNO,,,"{""UNREACHABLE"": 1}",,,{},False,
both_unresolved,mfs_file,/home/chukyu/t-dyn/src/dyn564/dyn564Main.c,123,mpf_mfs_open_H,2,READ,,,,{},DynReTrnMngInfFNO,,"{""OK_CONST"": 1}",True,t-dyn/src/dyn564/dyn564Main.c:4506 mpf_mfs_open_H arg 2
cvisualizer_resolved_only,mfs_file,/home/chukyu/t-dyn/src/dyn564/dyn564Main.c,138,mpf_mfs_readrecn,1,READREC,&fcb,1074,,"{""EXACT"": 1}",&fcb,,"{""OK_CONST"": 1}",True,t-dyn/src/dyn564/dyn564Main.c:4506 mpf_mfs_open_H arg 2 > t-dyn/src/dyn564/dyn564Main.c:5085 mpf_mfs_readrecn handle 1
cvisualizer_resolved_only,mfs_file,/home/chukyu/t-dyn/src/dyn564/dyn564Main.c,142,mpf_mfs_writerecn,1,WRITEREC,&fcb,1074,,"{""EXACT"": 1}",&fcb,,"{""OK_CONST"": 1}",True,t-dyn/src/dyn564/dyn564Main.c:4506 mpf_mfs_open_H arg 2 > t-dyn/src/dyn564/dyn564Main.c:5470 mpf_mfs_writerecn handle 1
both_unresolved,mfs_file,/home/chukyu/t-dyn/src/dyn574/dyn574Main.c,144,mpf_mfs_open_H,2,OPEN_LOCK,DynReTrnMngInfFNO,,,"{""UNREACHABLE"": 1}",,,{},False,
both_unresolved,mfs_file,/home/chukyu/t-dyn/src/dyn574/dyn574Main.c,144,mpf_mfs_open_H,2,READ,,,,{},DynReTrnMngInfFNO,,"{""OK_CONST"": 1}",True,t-dyn/src/dyn574/dyn574Main.c:5254 mpf_mfs_open_H arg 2
cvisualizer_resolved_only,mfs_file,/home/chukyu/t-dyn/src/dyn574/dyn574Main.c,152,mpf_mfs_readrecn,1,READREC,&fcb,1074,,"{""EXACT"": 1}",&fcb,,"{""OK_CONST"": 1}",True,t-dyn/src/dyn574/dyn574Main.c:5254 mpf_mfs_open_H arg 2 > t-dyn/src/dyn574/dyn574Main.c:5554 mpf_mfs_readrecn handle 1
cvisualizer_resolved_only,mfs_file,/home/chukyu/t-dyn/src/dyn574/dyn574Main.c,155,mpf_mfs_writerecn,1,WRITEREC,&fcb,1074,,"{""EXACT"": 1}",&fcb,,"{""OK_CONST"": 1}",True,t-dyn/src/dyn574/dyn574Main.c:5254 mpf_mfs_open_H arg 2 > t-dyn/src/dyn574/dyn574Main.c:5805 mpf_mfs_writerecn handle 1
both_unresolved,mfs_file,/home/chukyu/t-dyn/src/dyn575/dyn575Main.c,135,mpf_mfs_open_H,2,OPEN_LOCK,DynReTrnMngInfFNO,,,"{""UNREACHABLE"": 1}",,,{},False,
both_unresolved,mfs_file,/home/chukyu/t-dyn/src/dyn575/dyn575Main.c,135,mpf_mfs_open_H,2,READ,,,,{},DynReTrnMngInfFNO,,"{""OK_CONST"": 1}",True,t-dyn/src/dyn575/dyn575Main.c:5478 mpf_mfs_open_H arg 2
cvisualizer_resolved_only,mfs_file,/home/chukyu/t-dyn/src/dyn575/dyn575Main.c,143,mpf_mfs_readrecn,1,READREC,&fcb,1074,,"{""EXACT"": 1}",&fcb,,"{""OK_CONST"": 1}",True,t-dyn/src/dyn575/dyn575Main.c:5478 mpf_mfs_open_H arg 2 > t-dyn/src/dyn575/dyn575Main.c:5808 mpf_mfs_readrecn handle 1
cvisualizer_resolved_only,mfs_file,/home/chukyu/t-dyn/src/dyn575/dyn575Main.c,146,mpf_mfs_writerecn,1,WRITEREC,&fcb,1074,,"{""EXACT"": 1}",&fcb,,"{""OK_CONST"": 1}",True,t-dyn/src/dyn575/dyn575Main.c:5478 mpf_mfs_open_H arg 2 > t-dyn/src/dyn575/dyn575Main.c:6059 mpf_mfs_writerecn handle 1
both_unresolved,mfs_file,/home/chukyu/t-dyn/src/dyn590/dyn590CsvLoad.c,402,mpf_mfs_open_H,2,OPEN_LOCK,DynReTrnMngInfFNO,,,"{""UNREACHABLE"": 1}",,,{},False,
both_unresolved,mfs_file,/home/chukyu/t-dyn/src/dyn590/dyn590CsvLoad.c,402,mpf_mfs_open_H,2,READ,,,,{},DynReTrnMngInfFNO,,"{""OK_CONST"": 1}",True,t-dyn/src/dyn590/dyn590CsvLoad.c:13030 mpf_mfs_open_H arg 2
cvisualizer_resolved_only,mfs_file,/home/chukyu/t-dyn/src/dyn590/dyn590CsvLoad.c,410,mpf_mfs_readrecn,1,READREC,&fcb,1074,,"{""EXACT"": 1}",&fcb,,"{""OK_CONST"": 1}",True,t-dyn/src/dyn590/dyn590CsvLoad.c:13030 mpf_mfs_open_H arg 2 > t-dyn/src/dyn590/dyn590CsvLoad.c:13262 mpf_mfs_readrecn handle 1
both_unresolved,mfs_file,/home/chukyu/t-dyn/src/dyn590/dyn590CsvLoad.c,536,mpf_mfs_open_H,2,OPEN_LOCK,DynReTrnMngInfFNO,,,"{""UNREACHABLE"": 1}",,,{},False,
both_unresolved,mfs_file,/home/chukyu/t-dyn/src/dyn590/dyn590CsvLoad.c,536,mpf_mfs_open_H,2,READ,,,,{},DynReTrnMngInfFNO,,"{""OK_CONST"": 1}",True,t-dyn/src/dyn590/dyn590CsvLoad.c:19503 mpf_mfs_open_H arg 2
both_unresolved,mfs_file,/home/chukyu/t-dyn/src/dyn590/dyn590CsvLoad.c,543,mpf_mfs_writerecn,1,WRITEREC,&fcb,,,"{""EXTERNAL"": 1}",&fcb,,"{""OK_CONST"": 1}",True,t-dyn/src/dyn590/dyn590CsvLoad.c:19503 mpf_mfs_open_H arg 2 > t-dyn/src/dyn590/dyn590CsvLoad.c:19716 mpf_mfs_writerecn handle 1
disjoint,mfs_file,/home/chukyu/t-dyn/src/dyn590/dyn590CsvLoad.c,563,mpf_mfs_readrecn,1,READREC,&fcb,1076,,"{""EXACT"": 1}",&fcb; DynReMyPageStaFNO,1075,"{""ALREADY_PRESENT"": 1, ""OK_CONST"": 1}",True,t-dyn/src/dyn590/dyn590CsvLoad.c:20125 mpf_mfs_open_H arg 2 > t-dyn/src/dyn590/dyn590CsvLoad.c:20389 mpf_mfs_readrecn handle 1
disjoint,mfs_file,/home/chukyu/t-dyn/src/dyn590/dyn590CsvLoad.c,567,mpf_mfs_writerecn,1,WRITEREC,&fcb,1076,,"{""EXACT"": 1}",&fcb; DynReMyPageStaFNO,1075,"{""ALREADY_PRESENT"": 1, ""OK_CONST"": 1}",True,t-dyn/src/dyn590/dyn590CsvLoad.c:20125 mpf_mfs_open_H arg 2 > t-dyn/src/dyn590/dyn590CsvLoad.c:20495 mpf_mfs_writerecn handle 1
legacy_resolved_only,mfs_file,/home/chukyu/t-dyn/src/dyn600/dyn600MainProc.c,266,mpf_mfs_readrecm,1,READREC,&sFcb,,,"{""UNREACHABLE"": 1}",&sFcb; DynReGrpIdxFNO,3916,"{""ALREADY_PRESENT"": 1, ""OK_CONST"": 1}",True,t-dyn/src/dyn600/dyn600MainProc.c:11874 mpf_mfs_open_H arg 2 > t-dyn/src/dyn600/dyn600MainProc.c:12093 mpf_mfs_readrecm handle 1
both_unresolved,mfs_file,/home/chukyu/t-dyn/src/dyn600/dyn600MainProc.c,279,mpf_mfs_open_H,2,OPEN_LOCK,iFno,,,"{""UNREACHABLE"": 1}",,,{},False,
both_unresolved,mfs_file,/home/chukyu/t-dyn/src/dyn600/dyn600MainProc.c,279,mpf_mfs_open_H,2,READ,,,,{},iFno,,"{""OK_CONST"": 1}",True,t-dyn/src/dyn600/dyn600MainProc.c:12466 mpf_mfs_open_H arg 2
cvisualizer_resolved_only,mfs_file,/home/chukyu/t-dyn/src/dyn600/dyn600MainProc.c,289,mpf_mfs_readrecn,1,READREC,&sFcb,1023,,"{""EXACT"": 1}",&sFcb,,"{""OK_CONST"": 1}",True,t-dyn/src/dyn600/dyn600MainProc.c:12466 mpf_mfs_open_H arg 2 > t-dyn/src/dyn600/dyn600MainProc.c:12734 mpf_mfs_readrecn handle 1
cvisualizer_resolved_only,mfs_file,/home/chukyu/t-dyn/src/dyn600/dyn600MainProc.c,295,mpf_mfs_writerecn,1,WRITEREC,&sFcb,1023,,"{""EXACT"": 1}",&sFcb,,"{""OK_CONST"": 1}",True,t-dyn/src/dyn600/dyn600MainProc.c:12466 mpf_mfs_open_H arg 2 > t-dyn/src/dyn600/dyn600MainProc.c:12890 mpf_mfs_writerecn handle 1
both_unresolved,mfs_file,/home/chukyu/t-dyn/src/dyn600/dyn600MainProc.c,361,mpf_mfs_open_H,2,OPEN_LOCK,iFno,,,"{""UNREACHABLE"": 1}",,,{},False,
both_unresolved,mfs_file,/home/chukyu/t-dyn/src/dyn600/dyn600MainProc.c,361,mpf_mfs_open_H,2,READ,,,,{},iFno,,"{""OK_CONST"": 1}",True,t-dyn/src/dyn600/dyn600MainProc.c:14618 mpf_mfs_open_H arg 2
legacy_resolved_only,mfs_file,/home/chukyu/t-dyn/src/dyn600/dyn600MainProc.c,373,mpf_mfs_readrecm,1,READREC,&sFcb,,,"{""UNREACHABLE"": 1}",&sFcb; DynReEmeStaIndFNO,1080,"{""CONFLICT"": 1, ""OK_CONST"": 1}",True,t-dyn/src/dyn600/dyn600MainProc.c:14618 mpf_mfs_open_H arg 2 > t-dyn/src/dyn600/dyn600MainProc.c:15004 mpf_mfs_readrecm handle 1
legacy_resolved_only,mfs_file,/home/chukyu/t-dyn/src/dyn600/dyn600MainProc.c,381,mpf_mfs_writerecm,1,WRITEREC,&sFcb,,,"{""UNREACHABLE"": 1}",&sFcb; DynReEmeStaIndFNO,1080,"{""CONFLICT"": 1, ""OK_CONST"": 1}",True,t-dyn/src/dyn600/dyn600MainProc.c:14618 mpf_mfs_open_H arg 2 > t-dyn/src/dyn600/dyn600MainProc.c:15299 mpf_mfs_writerecm handle 1
legacy_resolved_only,mfs_file,/home/chukyu/t-dyn/src/dyn600/dyn600MainProc.c,389,mpf_mfs_readrecm,1,READREC,&sFcb,,,"{""UNREACHABLE"": 1}",&sFcb; DynReEmeStaIndFNO,1080,"{""CONFLICT"": 1, ""OK_CONST"": 1}",True,t-dyn/src/dyn600/dyn600MainProc.c:14618 mpf_mfs_open_H arg 2 > t-dyn/src/dyn600/dyn600MainProc.c:15592 mpf_mfs_readrecm handle 1
legacy_resolved_only,mfs_file,/home/chukyu/t-dyn/src/dyn600/dyn600MainProc.c,397,mpf_mfs_writerecm,1,WRITEREC,&sFcb,,,"{""UNREACHABLE"": 1}",&sFcb; DynReEmeStaIndFNO,1080,"{""CONFLICT"": 1, ""OK_CONST"": 1}",True,t-dyn/src/dyn600/dyn600MainProc.c:14618 mpf_mfs_open_H arg 2 > t-dyn/src/dyn600/dyn600MainProc.c:15888 mpf_mfs_writerecm handle 1
both_unresolved,mfs_file,/home/chukyu/t-dyn/src/dyn600/dyn600MainProc.c,517,mpf_mfs_open_H,2,OPEN_LOCK,DynReGrpSetFNO,,,"{""UNREACHABLE"": 1}",,,{},False,
both_unresolved,mfs_file,/home/chukyu/t-dyn/src/dyn600/dyn600MainProc.c,517,mpf_mfs_open_H,2,READ,,,,{},DynReGrpSetFNO,,"{""OK_CONST"": 1}",True,t-dyn/src/dyn600/dyn600MainProc.c:20730 mpf_mfs_open_H arg 2
cvisualizer_resolved_only,mfs_file,/home/chukyu/t-dyn/src/dyn600/dyn600MainProc.c,523,mpf_mfs_readrecn,1,READREC,&sFcb,1023,,"{""EXACT"": 1}",&sFcb,,"{""OK_CONST"": 1}",True,t-dyn/src/dyn600/dyn600MainProc.c:20730 mpf_mfs_open_H arg 2 > t-dyn/src/dyn600/dyn600MainProc.c:20942 mpf_mfs_readrecn handle 1
legacy_resolved_only,mfs_file,/home/chukyu/t-dyn/src/dyn600/dyn600MainProc.c,532,mpf_mfs_readrecm,1,READREC,&sFcb,,,"{""UNREACHABLE"": 1}",&sFcb; DynReCtlMntStaFNO,3986,"{""ALREADY_PRESENT"": 1, ""OK_CONST"": 1}",True,t-dyn/src/dyn600/dyn600MainProc.c:21104 mpf_mfs_open_H arg 2 > t-dyn/src/dyn600/dyn600MainProc.c:21304 mpf_mfs_readrecm handle 1
legacy_resolved_only,mfs_file,/home/chukyu/t-dyn/src/dyn600/dyn600MainProc.c,541,mpf_mfs_readrecn,1,READREC,&sFcb,,,"{""UNRESOLVED"": 1}",&sFcb; DynReCtlMntSetFNO,3987,"{""ALREADY_PRESENT"": 1, ""OK_CONST"": 1}",True,t-dyn/src/dyn600/dyn600MainProc.c:21447 mpf_mfs_open_H arg 2 > t-dyn/src/dyn600/dyn600MainProc.c:21670 mpf_mfs_readrecn handle 1
legacy_resolved_only,mfs_file,/home/chukyu/t-dyn/src/dyn600/dyn600MainProc.c,551,mpf_mfs_readrecm,1,READREC,&sFcb,,,"{""UNREACHABLE"": 1}",&sFcb; DynReKoteMntStaFNO,3989,"{""ALREADY_PRESENT"": 1, ""OK_CONST"": 1}",True,t-dyn/src/dyn600/dyn600MainProc.c:21862 mpf_mfs_open_H arg 2 > t-dyn/src/dyn600/dyn600MainProc.c:22064 mpf_mfs_readrecm handle 1
legacy_resolved_only,mfs_file,/home/chukyu/t-dyn/src/dyn600/dyn600MainProc.c,558,mpf_mfs_readrecn,1,READREC,&sFcb,,,"{""EXTERNAL"": 1}",&sFcb; DynReKoteMntSetFNO,3990,"{""ALREADY_PRESENT"": 1, ""OK_CONST"": 1}",True,t-dyn/src/dyn600/dyn600MainProc.c:22150 mpf_mfs_open_H arg 2 > t-dyn/src/dyn600/dyn600MainProc.c:22352 mpf_mfs_readrecn handle 1
legacy_resolved_only,mfs_file,/home/chukyu/t-dyn/src/dyn600/dyn600MainProc.c,581,mpf_mfs_readrecn,1,READREC,&sFcb,,,"{""EXTERNAL"": 1}",&sFcb; DynReKoTeiHtSetFNO,4013,"{""ALREADY_PRESENT"": 1, ""OK_CONST"": 1}",True,t-dyn/src/dyn600/dyn600MainProc.c:22971 mpf_mfs_open_H arg 2 > t-dyn/src/dyn600/dyn600MainProc.c:23191 mpf_mfs_readrecn handle 1
both_unresolved,mfs_file,/home/chukyu/t-dyn/src/dyn600/dyn600MainProc.c,599,mpf_mfs_open_H,2,OPEN_LOCK,DynREGetSchKKfno(nFnoidxKK),,,"{""UNREACHABLE"": 1}",,,{},False,
both_unresolved,mfs_file,/home/chukyu/t-dyn/src/dyn600/dyn600MainProc.c,599,mpf_mfs_open_H,2,READ,,,,{},DynREGetSchKKfno(nFnoidxKK),,"{""UNRESOLVED"": 1}",True,t-dyn/src/dyn600/dyn600MainProc.c:23855 mpf_mfs_open_H arg 2
both_unresolved,mfs_file,/home/chukyu/t-dyn/src/dyn600/dyn600MainProc.c,604,mpf_mfs_readrecn,1,READREC,&sFcb,,,"{""EXTERNAL"": 1}",&sFcb,,"{""UNRESOLVED"": 1}",True,t-dyn/src/dyn600/dyn600MainProc.c:23855 mpf_mfs_open_H arg 2 > t-dyn/src/dyn600/dyn600MainProc.c:24009 mpf_mfs_readrecn handle 1
both_unresolved,mfs_file,/home/chukyu/t-dyn/src/dyn600/dyn600MainProc.c,606,mpf_mfs_open_H,2,OPEN_LOCK,DynREGetSchKKLCfno(nFnoidxKK),,,"{""UNREACHABLE"": 1}",,,{},False,
both_unresolved,mfs_file,/home/chukyu/t-dyn/src/dyn600/dyn600MainProc.c,606,mpf_mfs_open_H,2,READ,,,,{},DynREGetSchKKLCfno(nFnoidxKK),,"{""UNRESOLVED"": 1}",True,t-dyn/src/dyn600/dyn600MainProc.c:24120 mpf_mfs_open_H arg 2
both_unresolved,mfs_file,/home/chukyu/t-dyn/src/dyn600/dyn600MainProc.c,611,mpf_mfs_readrecn,1,READREC,&sFcb,,,"{""EXTERNAL"": 1}",&sFcb,,"{""UNRESOLVED"": 1}",True,t-dyn/src/dyn600/dyn600MainProc.c:24120 mpf_mfs_open_H arg 2 > t-dyn/src/dyn600/dyn600MainProc.c:24276 mpf_mfs_readrecn handle 1
both_unresolved,mfs_file,/home/chukyu/t-dyn/src/dyn600/dyn600MainProc.c,616,mpf_mfs_open_H,2,OPEN_LOCK,iFno,,,"{""UNREACHABLE"": 1}",,,{},False,
both_unresolved,mfs_file,/home/chukyu/t-dyn/src/dyn600/dyn600MainProc.c,616,mpf_mfs_open_H,2,READ,,,,{},iFno,,"{""EXTERNAL"": 1}",False,[t-dyn/src/dyn600/dyn600main.c]pmf_main_H.param2(data) > t-dyn/src/dyn600/dyn600main.c:2569 dyn600MainProc arg 1 > [t-dyn/src/dyn600/dyn600MainProc.c]dyn600MainProc.param1(p_sUpdQ) > t-dyn/src/dyn600/dyn600MainProc.c:4266 dyn600UpdScheSet arg 1 > [t-dyn/src/dyn600/dyn600MainProc.c]dyn600UpdScheSet.param1(p_sUpdQ) > t-dyn/src/dyn600/dyn600MainProc.c:24411 mpf_mfs_open_H arg 2
both_unresolved,mfs_file,/home/chukyu/t-dyn/src/dyn600/dyn600MainProc.c,624,mpf_mfs_readrecn,1,READREC,&sFcb,,,"{""EXTERNAL"": 1}",&sFcb,,"{""EXTERNAL"": 1}",False,[t-dyn/src/dyn600/dyn600main.c]pmf_main_H.param2(data) > t-dyn/src/dyn600/dyn600main.c:2569 dyn600MainProc arg 1 > [t-dyn/src/dyn600/dyn600MainProc.c]dyn600MainProc.param1(p_sUpdQ) > t-dyn/src/dyn600/dyn600MainProc.c:4266 dyn600UpdScheSet arg 1 > [t-dyn/src/dyn600/dyn600MainProc.c]dyn600UpdScheSet.param1(p_sUpdQ) > t-dyn/src/dyn600/dyn600MainProc.c:24411 mpf_mfs_open_H arg 2 > t-dyn/src/dyn600/dyn600MainProc.c:24618 mpf_mfs_readrecn handle 1
both_unresolved,mfs_file,/home/chukyu/t-dyn/src/dyn600/dyn600MainProc.c,653,mpf_mfs_writerecn,1,WRITEREC,&sFcb,,,"{""EXTERNAL"": 1}",&sFcb,,"{""EXTERNAL"": 1}",False,[t-dyn/src/dyn600/dyn600main.c]pmf_main_H.param2(data) > t-dyn/src/dyn600/dyn600main.c:2569 dyn600MainProc arg 1 > [t-dyn/src/dyn600/dyn600MainProc.c]dyn600MainProc.param1(p_sUpdQ) > t-dyn/src/dyn600/dyn600MainProc.c:4266 dyn600UpdScheSet arg 1 > [t-dyn/src/dyn600/dyn600MainProc.c]dyn600UpdScheSet.param1(p_sUpdQ) > t-dyn/src/dyn600/dyn600MainProc.c:24411 mpf_mfs_open_H arg 2 > t-dyn/src/dyn600/dyn600MainProc.c:25687 mpf_mfs_writerecn handle 1
both_unresolved,mfs_file,/home/chukyu/t-dyn/src/dyn600/dyn600MainProc.c,761,mpf_mfs_open_H,2,OPEN_LOCK,DynReGrpSetFNO,,,"{""UNREACHABLE"": 1}",,,{},False,
both_unresolved,mfs_file,/home/chukyu/t-dyn/src/dyn600/dyn600MainProc.c,761,mpf_mfs_open_H,2,READ,,,,{},DynReGrpSetFNO,,"{""OK_CONST"": 1}",True,t-dyn/src/dyn600/dyn600MainProc.c:30013 mpf_mfs_open_H arg 2
cvisualizer_resolved_only,mfs_file,/home/chukyu/t-dyn/src/dyn600/dyn600MainProc.c,767,mpf_mfs_readrecn,1,READREC,&sFcb,1023,,"{""EXACT"": 1}",&sFcb,,"{""OK_CONST"": 1}",True,t-dyn/src/dyn600/dyn600MainProc.c:30013 mpf_mfs_open_H arg 2 > t-dyn/src/dyn600/dyn600MainProc.c:30225 mpf_mfs_readrecn handle 1
both_unresolved,mfs_file,/home/chukyu/t-dyn/src/dyn600/dyn600MainProc.c,771,mpf_mfs_open_H,2,OPEN_LOCK,DynREGetSchfno(nFnoidx),,,"{""UNREACHABLE"": 1}",,,{},False,
both_unresolved,mfs_file,/home/chukyu/t-dyn/src/dyn600/dyn600MainProc.c,771,mpf_mfs_open_H,2,READ,,,,{},DynREGetSchfno(nFnoidx),,"{""UNRESOLVED"": 1}",True,t-dyn/src/dyn600/dyn600MainProc.c:30371 mpf_mfs_open_H arg 2
both_unresolved,mfs_file,/home/chukyu/t-dyn/src/dyn600/dyn600MainProc.c,777,mpf_mfs_readrecn,1,READREC,&sFcb,,,"{""EXTERNAL"": 1}",&sFcb,,"{""UNRESOLVED"": 1}",True,t-dyn/src/dyn600/dyn600MainProc.c:30371 mpf_mfs_open_H arg 2 > t-dyn/src/dyn600/dyn600MainProc.c:30602 mpf_mfs_readrecn handle 1
both_unresolved,mfs_file,/home/chukyu/t-dyn/src/dyn600/dyn600MainProc.c,783,mpf_mfs_open_H,2,OPEN_LOCK,DynREGetSchKKfno(nFnoidxKK),,,"{""UNREACHABLE"": 1}",,,{},False,
both_unresolved,mfs_file,/home/chukyu/t-dyn/src/dyn600/dyn600MainProc.c,783,mpf_mfs_open_H,2,READ,,,,{},DynREGetSchKKfno(nFnoidxKK),,"{""UNRESOLVED"": 1}",True,t-dyn/src/dyn600/dyn600MainProc.c:30787 mpf_mfs_open_H arg 2
both_unresolved,mfs_file,/home/chukyu/t-dyn/src/dyn600/dyn600MainProc.c,789,mpf_mfs_readrecn,1,READREC,&sFcb,,,"{""EXTERNAL"": 1}",&sFcb,,"{""UNRESOLVED"": 1}",True,t-dyn/src/dyn600/dyn600MainProc.c:30787 mpf_mfs_open_H arg 2 > t-dyn/src/dyn600/dyn600MainProc.c:31050 mpf_mfs_readrecn handle 1
both_unresolved,mfs_file,/home/chukyu/t-dyn/src/dyn600/dyn600MainProc.c,791,mpf_mfs_open_H,2,OPEN_LOCK,DynREGetSchKKLCfno(nFnoidxKK),,,"{""UNREACHABLE"": 1}",,,{},False,
both_unresolved,mfs_file,/home/chukyu/t-dyn/src/dyn600/dyn600MainProc.c,791,mpf_mfs_open_H,2,READ,,,,{},DynREGetSchKKLCfno(nFnoidxKK),,"{""UNRESOLVED"": 1}",True,t-dyn/src/dyn600/dyn600MainProc.c:31152 mpf_mfs_open_H arg 2
both_unresolved,mfs_file,/home/chukyu/t-dyn/src/dyn600/dyn600MainProc.c,797,mpf_mfs_readrecn,1,READREC,&sFcb,,,"{""EXTERNAL"": 1}",&sFcb,,"{""UNRESOLVED"": 1}",True,t-dyn/src/dyn600/dyn600MainProc.c:31152 mpf_mfs_open_H arg 2 > t-dyn/src/dyn600/dyn600MainProc.c:31421 mpf_mfs_readrecn handle 1
legacy_resolved_only,mfs_file,/home/chukyu/t-dyn/src/dyn600/dyn600MainProc.c,807,mpf_mfs_readrecm,1,READREC,&sFcb,,,"{""UNREACHABLE"": 1}",&sFcb; DynReCtlMntStaFNO,3986,"{""ALREADY_PRESENT"": 1, ""OK_CONST"": 1}",True,t-dyn/src/dyn600/dyn600MainProc.c:31601 mpf_mfs_open_H arg 2 > t-dyn/src/dyn600/dyn600MainProc.c:31801 mpf_mfs_readrecm handle 1
legacy_resolved_only,mfs_file,/home/chukyu/t-dyn/src/dyn600/dyn600MainProc.c,816,mpf_mfs_readrecn,1,READREC,&sFcb,,,"{""UNRESOLVED"": 1}",&sFcb; DynReCtlMntSetFNO,3987,"{""ALREADY_PRESENT"": 1, ""OK_CONST"": 1}",True,t-dyn/src/dyn600/dyn600MainProc.c:31944 mpf_mfs_open_H arg 2 > t-dyn/src/dyn600/dyn600MainProc.c:32167 mpf_mfs_readrecn handle 1
legacy_resolved_only,mfs_file,/home/chukyu/t-dyn/src/dyn600/dyn600MainProc.c,826,mpf_mfs_readrecm,1,READREC,&sFcb,,,"{""UNREACHABLE"": 1}",&sFcb; DynReKoteMntStaFNO,3989,"{""ALREADY_PRESENT"": 1, ""OK_CONST"": 1}",True,t-dyn/src/dyn600/dyn600MainProc.c:32359 mpf_mfs_open_H arg 2 > t-dyn/src/dyn600/dyn600MainProc.c:32561 mpf_mfs_readrecm handle 1
legacy_resolved_only,mfs_file,/home/chukyu/t-dyn/src/dyn600/dyn600MainProc.c,833,mpf_mfs_readrecn,1,READREC,&sFcb,,,"{""EXTERNAL"": 1}",&sFcb; DynReKoteMntSetFNO,3990,"{""ALREADY_PRESENT"": 1, ""OK_CONST"": 1}",True,t-dyn/src/dyn600/dyn600MainProc.c:32647 mpf_mfs_open_H arg 2 > t-dyn/src/dyn600/dyn600MainProc.c:32849 mpf_mfs_readrecn handle 1
legacy_resolved_only,mfs_file,/home/chukyu/t-dyn/src/dyn600/dyn600MainProc.c,856,mpf_mfs_readrecn,1,READREC,&sFcb,,,"{""UNRESOLVED"": 1}",&sFcb; DynReKoTeiHtSetFNO,4013,"{""ALREADY_PRESENT"": 1, ""OK_CONST"": 1}",True,t-dyn/src/dyn600/dyn600MainProc.c:33468 mpf_mfs_open_H arg 2 > t-dyn/src/dyn600/dyn600MainProc.c:33688 mpf_mfs_readrecn handle 1
both_unresolved,mfs_file,/home/chukyu/t-dyn/src/dyn600/dyn600MainProc.c,916,mpf_mfs_open_H,2,OPEN_LOCK,iFno,,,"{""UNREACHABLE"": 1}",,,{},False,
both_unresolved,mfs_file,/home/chukyu/t-dyn/src/dyn600/dyn600MainProc.c,916,mpf_mfs_open_H,2,READ,,,,{},iFno,,"{""OK_CONST"": 1}",True,t-dyn/src/dyn600/dyn600MainProc.c:35636 mpf_mfs_open_H arg 2
legacy_resolved_only,mfs_file,/home/chukyu/t-dyn/src/dyn600/dyn600MainProc.c,924,mpf_mfs_writerecn,1,WRITEREC,&sFcb,,,"{""EXTERNAL"": 1}",&sFcb; DynReSchColorFNO,1487,"{""CONFLICT"": 1, ""OK_CONST"": 1}",True,t-dyn/src/dyn600/dyn600MainProc.c:35636 mpf_mfs_open_H arg 2 > t-dyn/src/dyn600/dyn600MainProc.c:35843 mpf_mfs_writerecn handle 1
both_unresolved,mfs_file,/home/chukyu/t-dyn/src/dyn600/dyn600MainProc.c,975,mpf_mfs_open_H,2,OPEN_LOCK,iFno,,,"{""UNREACHABLE"": 1}",,,{},False,
both_unresolved,mfs_file,/home/chukyu/t-dyn/src/dyn600/dyn600MainProc.c,975,mpf_mfs_open_H,2,READ,,,,{},iFno,,"{""OK_CONST"": 1}",True,t-dyn/src/dyn600/dyn600MainProc.c:37835 mpf_mfs_open_H arg 2
cvisualizer_resolved_only,mfs_file,/home/chukyu/t-dyn/src/dyn600/dyn600MainProc.c,983,mpf_mfs_writerecn,1,WRITEREC,&sFcb,1031,,"{""EXACT"": 1}",&sFcb,,"{""OK_CONST"": 1}",True,t-dyn/src/dyn600/dyn600MainProc.c:37835 mpf_mfs_open_H arg 2 > t-dyn/src/dyn600/dyn600MainProc.c:38064 mpf_mfs_writerecn handle 1
both_unresolved,mfs_file,/home/chukyu/t-dyn/src/dyn600/dyn600MainProc.c,1042,mpf_mfs_open_H,2,OPEN_LOCK,DynREGetSchfno(iIdxno),,,"{""UNREACHABLE"": 1}",,,{},False,
both_unresolved,mfs_file,/home/chukyu/t-dyn/src/dyn600/dyn600MainProc.c,1042,mpf_mfs_open_H,2,READ,,,,{},DynREGetSchfno(iIdxno),,"{""UNRESOLVED"": 1}",True,t-dyn/src/dyn600/dyn600MainProc.c:40321 mpf_mfs_open_H arg 2
both_unresolved,mfs_file,/home/chukyu/t-dyn/src/dyn600/dyn600MainProc.c,1056,mpf_mfs_writerecn,1,WRITEREC,&sFcb,,,"{""EXTERNAL"": 1}",&sFcb,,"{""UNRESOLVED"": 1}",True,t-dyn/src/dyn600/dyn600MainProc.c:40321 mpf_mfs_open_H arg 2 > t-dyn/src/dyn600/dyn600MainProc.c:40781 mpf_mfs_writerecn handle 1
both_unresolved,mfs_file,/home/chukyu/t-dyn/src/dyn600/dyn600MainProc.c,1111,mpf_mfs_open_H,2,OPEN_LOCK,iFno,,,"{""UNREACHABLE"": 1}",,,{},False,
both_unresolved,mfs_file,/home/chukyu/t-dyn/src/dyn600/dyn600MainProc.c,1111,mpf_mfs_open_H,2,READ,,,,{},iFno,,"{""OK_CONST"": 1}",True,t-dyn/src/dyn600/dyn600MainProc.c:42821 mpf_mfs_open_H arg 2
cvisualizer_resolved_only,mfs_file,/home/chukyu/t-dyn/src/dyn600/dyn600MainProc.c,1123,mpf_mfs_writerecn,1,WRITEREC,&sFcb,1031,,"{""EXACT"": 1}",&sFcb,,"{""OK_CONST"": 1}",True,t-dyn/src/dyn600/dyn600MainProc.c:42821 mpf_mfs_open_H arg 2 > t-dyn/src/dyn600/dyn600MainProc.c:43206 mpf_mfs_writerecn handle 1
both_unresolved,mfs_file,/home/chukyu/t-dyn/src/dyn600/dyn600MainProc.c,1274,mpf_mfs_open_H,2,OPEN_LOCK,iFno,,,"{""UNREACHABLE"": 1}",,,{},False,
both_unresolved,mfs_file,/home/chukyu/t-dyn/src/dyn600/dyn600MainProc.c,1274,mpf_mfs_open_H,2,READ,,,,{},iFno,,"{""OK_CONST"": 1}",True,t-dyn/src/dyn600/dyn600MainProc.c:49310 mpf_mfs_open_H arg 2
cvisualizer_resolved_only,mfs_file,/home/chukyu/t-dyn/src/dyn600/dyn600MainProc.c,1281,mpf_mfs_readrecn,1,READREC,&sFcb,1036,,"{""EXACT"": 1}",&sFcb,,"{""OK_CONST"": 1}",True,t-dyn/src/dyn600/dyn600MainProc.c:49310 mpf_mfs_open_H arg 2 > t-dyn/src/dyn600/dyn600MainProc.c:49538 mpf_mfs_readrecn handle 1
cvisualizer_resolved_only,mfs_file,/home/chukyu/t-dyn/src/dyn600/dyn600MainProc.c,1302,mpf_mfs_writerecn,1,WRITEREC,&sFcb,1036,,"{""EXACT"": 1}",&sFcb,,"{""OK_CONST"": 1}",True,t-dyn/src/dyn600/dyn600MainProc.c:49310 mpf_mfs_open_H arg 2 > t-dyn/src/dyn600/dyn600MainProc.c:50551 mpf_mfs_writerecn handle 1
both_unresolved,mfs_file,/home/chukyu/t-dyn/src/dyn600/dyn600MainProc.c,1350,mpf_mfs_open_H,2,OPEN_LOCK,iFno,,,"{""UNREACHABLE"": 1}",,,{},False,
both_unresolved,mfs_file,/home/chukyu/t-dyn/src/dyn600/dyn600MainProc.c,1350,mpf_mfs_open_H,2,READ,,,,{},iFno,,"{""OK_CONST"": 1}",True,t-dyn/src/dyn600/dyn600MainProc.c:52468 mpf_mfs_open_H arg 2
both_unresolved,mfs_file,/home/chukyu/t-dyn/src/dyn600/dyn600MainProc.c,1363,mpf_mfs_writerecn,1,WRITEREC,&sFcb,,,"{""EXTERNAL"": 1}",&sFcb,,"{""OK_CONST"": 1}",True,t-dyn/src/dyn600/dyn600MainProc.c:52468 mpf_mfs_open_H arg 2 > t-dyn/src/dyn600/dyn600MainProc.c:53004 mpf_mfs_writerecn handle 1
both_unresolved,mfs_file,/home/chukyu/t-dyn/src/dyn600/dyn600MainProc.c,1412,mpf_mfs_open_H,2,OPEN_LOCK,iFno,,,"{""UNREACHABLE"": 1}",,,{},False,
both_unresolved,mfs_file,/home/chukyu/t-dyn/src/dyn600/dyn600MainProc.c,1412,mpf_mfs_open_H,2,READ,,,,{},iFno,,"{""OK_CONST"": 1}",True,t-dyn/src/dyn600/dyn600MainProc.c:54921 mpf_mfs_open_H arg 2
cvisualizer_resolved_only,mfs_file,/home/chukyu/t-dyn/src/dyn600/dyn600MainProc.c,1429,mpf_mfs_writerecn,1,WRITEREC,&sFcb,1033,,"{""EXACT"": 1}",&sFcb,,"{""OK_CONST"": 1}",True,t-dyn/src/dyn600/dyn600MainProc.c:54921 mpf_mfs_open_H arg 2 > t-dyn/src/dyn600/dyn600MainProc.c:55590 mpf_mfs_writerecn handle 1
both_unresolved,mfs_file,/home/chukyu/t-dyn/src/dyn600/dyn600MainProc.c,1476,mpf_mfs_open_H,2,OPEN_LOCK,iFno,,,"{""UNREACHABLE"": 1}",,,{},False,
both_unresolved,mfs_file,/home/chukyu/t-dyn/src/dyn600/dyn600MainProc.c,1476,mpf_mfs_open_H,2,READ,,,,{},iFno,,"{""OK_CONST"": 1}",True,t-dyn/src/dyn600/dyn600MainProc.c:57562 mpf_mfs_open_H arg 2
disjoint,mfs_file,/home/chukyu/t-dyn/src/dyn600/dyn600MainProc.c,1483,mpf_mfs_readrecn,1,READREC,&sFcb,1031,,"{""EXACT"": 1}",&sFcb; DynAdvCtlStaCmnFNO,1037,"{""CONFLICT"": 1, ""OK_CONST"": 1}",True,t-dyn/src/dyn600/dyn600MainProc.c:57562 mpf_mfs_open_H arg 2 > t-dyn/src/dyn600/dyn600MainProc.c:57796 mpf_mfs_readrecn handle 1
disjoint,mfs_file,/home/chukyu/t-dyn/src/dyn600/dyn600MainProc.c,1492,mpf_mfs_writerecn,1,WRITEREC,&sFcb,1031,,"{""EXACT"": 1}",&sFcb; DynAdvCtlStaCmnFNO,1037,"{""CONFLICT"": 1, ""OK_CONST"": 1}",True,t-dyn/src/dyn600/dyn600MainProc.c:57562 mpf_mfs_open_H arg 2 > t-dyn/src/dyn600/dyn600MainProc.c:58149 mpf_mfs_writerecn handle 1
both_unresolved,mfs_file,/home/chukyu/t-dyn/src/dyn600/dyn600MainProc.c,1547,mpf_mfs_openm_H,2,OPEN_LOCK,iFno,,,"{""UNREACHABLE"": 1}",,,{},False,
legacy_resolved_only,mfs_file,/home/chukyu/t-dyn/src/dyn600/dyn600MainProc.c,1547,mpf_mfs_openm_H,2,READ,,,,{},DynReSireiTSetFNO; iFno,1039,"{""ADDED"": 1, ""OK_CONST"": 1}",True,t-dyn/src/dyn600/dyn600MainProc.c:60129 mpf_mfs_openm_H arg 2
legacy_resolved_only,mfs_file,/home/chukyu/t-dyn/src/dyn600/dyn600MainProc.c,1553,mpf_mfs_readrecm,1,READREC,&sFcb,,,"{""UNREACHABLE"": 1}",&sFcb; DynReSireiTSetFNO,1039,"{""CONFLICT"": 1, ""OK_CONST"": 1}",True,t-dyn/src/dyn600/dyn600MainProc.c:60129 mpf_mfs_openm_H arg 2 > t-dyn/src/dyn600/dyn600MainProc.c:60323 mpf_mfs_readrecm handle 1
both_unresolved,mfs_file,/home/chukyu/t-dyn/src/dyn600/dyn600MainProc.c,1611,mpf_mfs_openm_H,2,OPEN_LOCK,iFno,,,"{""UNREACHABLE"": 1}",,,{},False,
both_unresolved,mfs_file,/home/chukyu/t-dyn/src/dyn600/dyn600MainProc.c,1611,mpf_mfs_openm_H,2,READ,,,,{},iFno,,"{""OK_CONST"": 1}",True,t-dyn/src/dyn600/dyn600MainProc.c:62113 mpf_mfs_openm_H arg 2
legacy_resolved_only,mfs_file,/home/chukyu/t-dyn/src/dyn600/dyn600MainProc.c,1617,mpf_mfs_writerecm,1,WRITEREC,&sFcb,,,"{""UNREACHABLE"": 1}",&sFcb; DynReSireiTSetFNO,1039,"{""CONFLICT"": 1, ""OK_CONST"": 1}",True,t-dyn/src/dyn600/dyn600MainProc.c:62113 mpf_mfs_openm_H arg 2 > t-dyn/src/dyn600/dyn600MainProc.c:62308 mpf_mfs_writerecm handle 1
both_unresolved,mfs_file,/home/chukyu/t-dyn/src/dyn600/dyn600MainProc.c,1671,mpf_mfs_openm_H,2,OPEN_LOCK,iFno,,,"{""UNREACHABLE"": 1}",,,{},False,
both_unresolved,mfs_file,/home/chukyu/t-dyn/src/dyn600/dyn600MainProc.c,1671,mpf_mfs_openm_H,2,READ,,,,{},iFno,,"{""OK_CONST"": 1}",True,t-dyn/src/dyn600/dyn600MainProc.c:64040 mpf_mfs_openm_H arg 2
disjoint,mfs_file,/home/chukyu/t-dyn/src/dyn600/dyn600MainProc.c,1678,mpf_mfs_readrecn,1,READREC,&sFcb,1031,,"{""EXACT"": 1}",&sFcb; DynReRlSvSetFNO,1041,"{""CONFLICT"": 1, ""OK_CONST"": 1}",True,t-dyn/src/dyn600/dyn600MainProc.c:64040 mpf_mfs_openm_H arg 2 > t-dyn/src/dyn600/dyn600MainProc.c:64268 mpf_mfs_readrecn handle 1
legacy_resolved_only,mfs_file,/home/chukyu/t-dyn/src/dyn600/dyn600MainProc.c,1682,mpf_mfs_writerecm,1,WRITEREC,&sFcb,,,"{""UNREACHABLE"": 1}",&sFcb; DynReRlSvSetFNO,1041,"{""CONFLICT"": 1, ""OK_CONST"": 1}",True,t-dyn/src/dyn600/dyn600MainProc.c:64040 mpf_mfs_openm_H arg 2 > t-dyn/src/dyn600/dyn600MainProc.c:64411 mpf_mfs_writerecm handle 1
both_unresolved,mfs_file,/home/chukyu/t-dyn/src/dyn600/dyn600MainProc.c,1795,mpf_mfs_openm_H,2,OPEN_LOCK,iFno,,,"{""UNREACHABLE"": 1}",,,{},False,
both_unresolved,mfs_file,/home/chukyu/t-dyn/src/dyn600/dyn600MainProc.c,1795,mpf_mfs_openm_H,2,READ,,,,{},iFno,,"{""OK_CONST"": 1}",True,t-dyn/src/dyn600/dyn600MainProc.c:68656 mpf_mfs_openm_H arg 2
equal,mfs_file,/home/chukyu/t-dyn/src/dyn600/dyn600MainProc.c,1802,mpf_mfs_readrecn,1,READREC,&sFcb,1071,,"{""EXACT"": 1}",&sFcb; DynReCtlNtcInfFNO,1071,"{""CONFLICT"": 1, ""OK_CONST"": 1}",True,t-dyn/src/dyn600/dyn600MainProc.c:68656 mpf_mfs_openm_H arg 2 > t-dyn/src/dyn600/dyn600MainProc.c:68880 mpf_mfs_readrecn handle 1
equal,mfs_file,/home/chukyu/t-dyn/src/dyn600/dyn600MainProc.c,1808,mpf_mfs_writerecn,1,WRITEREC,&sFcb,1071,,"{""EXACT"": 1}",&sFcb; DynReCtlNtcInfFNO,1071,"{""CONFLICT"": 1, ""OK_CONST"": 1}",True,t-dyn/src/dyn600/dyn600MainProc.c:68656 mpf_mfs_openm_H arg 2 > t-dyn/src/dyn600/dyn600MainProc.c:69104 mpf_mfs_writerecn handle 1
both_unresolved,mfs_file,/home/chukyu/t-dyn/src/dyn600/dyn600MainProc.c,1858,mpf_mfs_open_H,2,OPEN_LOCK,iFno,,,"{""UNREACHABLE"": 1}",,,{},False,
both_unresolved,mfs_file,/home/chukyu/t-dyn/src/dyn600/dyn600MainProc.c,1858,mpf_mfs_open_H,2,READ,,,,{},iFno,,"{""OK_CONST"": 1}",True,t-dyn/src/dyn600/dyn600MainProc.c:70916 mpf_mfs_open_H arg 2
legacy_resolved_only,mfs_file,/home/chukyu/t-dyn/src/dyn600/dyn600MainProc.c,1864,mpf_mfs_readrecm,1,READREC,&sFcb,,,"{""UNREACHABLE"": 1}",&sFcb; DynReCtlMainteFNO,1077,"{""CONFLICT"": 1, ""OK_CONST"": 1}",True,t-dyn/src/dyn600/dyn600MainProc.c:70916 mpf_mfs_open_H arg 2 > t-dyn/src/dyn600/dyn600MainProc.c:71135 mpf_mfs_readrecm handle 1
legacy_resolved_only,mfs_file,/home/chukyu/t-dyn/src/dyn600/dyn600MainProc.c,1897,mpf_mfs_writerecm,1,WRITEREC,&sFcb,,,"{""UNREACHABLE"": 1}",&sFcb; DynReCtlMainteFNO,1077,"{""CONFLICT"": 1, ""OK_CONST"": 1}",True,t-dyn/src/dyn600/dyn600MainProc.c:70916 mpf_mfs_open_H arg 2 > t-dyn/src/dyn600/dyn600MainProc.c:72296 mpf_mfs_writerecm handle 1
both_unresolved,mfs_file,/home/chukyu/t-dyn/src/dyn600/dyn600MainProc.c,1942,mpf_mfs_openm_H,2,OPEN_LOCK,iFno,,,"{""UNREACHABLE"": 1}",,,{},False,
both_unresolved,mfs_file,/home/chukyu/t-dyn/src/dyn600/dyn600MainProc.c,1942,mpf_mfs_openm_H,2,READ,,,,{},iFno,,"{""OK_CONST"": 1}",True,t-dyn/src/dyn600/dyn600MainProc.c:73832 mpf_mfs_openm_H arg 2
legacy_resolved_only,mfs_file,/home/chukyu/t-dyn/src/dyn600/dyn600MainProc.c,1949,mpf_mfs_writerecm,1,WRITEREC,&sFcb,,,"{""UNREACHABLE"": 1}",&sFcb; DynReAtEmeSetFNO,1341,"{""CONFLICT"": 1, ""OK_CONST"": 1}",True,t-dyn/src/dyn600/dyn600MainProc.c:73832 mpf_mfs_openm_H arg 2 > t-dyn/src/dyn600/dyn600MainProc.c:74029 mpf_mfs_writerecm handle 1
both_unresolved,mfs_file,/home/chukyu/t-dyn/src/dyn600/dyn600MainProc.c,1994,mpf_mfs_openm_H,2,OPEN_LOCK,iFno,,,"{""UNREACHABLE"": 1}",,,{},False,
both_unresolved,mfs_file,/home/chukyu/t-dyn/src/dyn600/dyn600MainProc.c,1994,mpf_mfs_openm_H,2,READ,,,,{},iFno,,"{""OK_CONST"": 1}",True,t-dyn/src/dyn600/dyn600MainProc.c:75560 mpf_mfs_openm_H arg 2
legacy_resolved_only,mfs_file,/home/chukyu/t-dyn/src/dyn600/dyn600MainProc.c,2001,mpf_mfs_writerecm,1,WRITEREC,&sFcb,,,"{""UNREACHABLE"": 1}",&sFcb; DynReEmeKanCmnFNO,1078,"{""ALREADY_PRESENT"": 1, ""OK_CONST"": 1}",True,t-dyn/src/dyn600/dyn600MainProc.c:75560 mpf_mfs_openm_H arg 2 > t-dyn/src/dyn600/dyn600MainProc.c:75756 mpf_mfs_writerecm handle 1
both_unresolved,mfs_file,/home/chukyu/t-dyn/src/dyn600/dyn600MainProc.c,2062,mpf_mfs_open_H,2,OPEN_LOCK,iFno,,,"{""UNREACHABLE"": 1}",,,{},False,
both_unresolved,mfs_file,/home/chukyu/t-dyn/src/dyn600/dyn600MainProc.c,2062,mpf_mfs_open_H,2,READ,,,,{},iFno,,"{""OK_CONST"": 1}",True,t-dyn/src/dyn600/dyn600MainProc.c:78047 mpf_mfs_open_H arg 2
legacy_resolved_only,mfs_file,/home/chukyu/t-dyn/src/dyn600/dyn600MainProc.c,2070,mpf_mfs_writerecm,1,WRITEREC,&sFcb,,,"{""UNREACHABLE"": 1}",&sFcb; DynReEmeKanIndFNO,1079,"{""CONFLICT"": 1, ""OK_CONST"": 1}",True,t-dyn/src/dyn600/dyn600MainProc.c:78047 mpf_mfs_open_H arg 2 > t-dyn/src/dyn600/dyn600MainProc.c:78314 mpf_mfs_writerecm handle 1
legacy_resolved_only,mfs_file,/home/chukyu/t-dyn/src/dyn600/dyn600MainProc.c,2086,mpf_mfs_readrecm,1,READREC,&sFcb,,,"{""UNREACHABLE"": 1}",&sFcb; DynReEmeKanCmnFNO,1078,"{""ALREADY_PRESENT"": 1, ""OK_CONST"": 1}",True,t-dyn/src/dyn600/dyn600MainProc.c:78604 mpf_mfs_openm_H arg 2 > t-dyn/src/dyn600/dyn600MainProc.c:78835 mpf_mfs_readrecm handle 1
legacy_resolved_only,mfs_file,/home/chukyu/t-dyn/src/dyn600/dyn600MainProc.c,2116,mpf_mfs_clearfile,1,CLEAR,iFno,,,"{""UNREACHABLE"": 1}",DynReEmeKanIndFNO; iFno,1079,"{""ADDED"": 1, ""OK_CONST"": 1}",True,t-dyn/src/dyn600/dyn600MainProc.c:79814 mpf_mfs_clearfile arg 1
both_unresolved,mfs_file,/home/chukyu/t-dyn/src/dyn600/dyn600MainProc.c,2166,mpf_mfs_open_H,2,OPEN_LOCK,iFno,,,"{""UNREACHABLE"": 1}",,,{},False,
both_unresolved,mfs_file,/home/chukyu/t-dyn/src/dyn600/dyn600MainProc.c,2166,mpf_mfs_open_H,2,READ,,,,{},iFno,,"{""OK_CONST"": 1}",True,t-dyn/src/dyn600/dyn600MainProc.c:81669 mpf_mfs_open_H arg 2
equal,mfs_file,/home/chukyu/t-dyn/src/dyn600/dyn600MainProc.c,2173,mpf_mfs_readrecn,1,READREC,&sFcb,1344,,"{""EXACT"": 1}",&sFcb; DynRePGCtlSetFNO,1344,"{""CONFLICT"": 1, ""OK_CONST"": 1}",True,t-dyn/src/dyn600/dyn600MainProc.c:81669 mpf_mfs_open_H arg 2 > t-dyn/src/dyn600/dyn600MainProc.c:81871 mpf_mfs_readrecn handle 1
equal,mfs_file,/home/chukyu/t-dyn/src/dyn600/dyn600MainProc.c,2181,mpf_mfs_writerecn,1,WRITEREC,&sFcb,1344,,"{""EXACT"": 1}",&sFcb; DynRePGCtlSetFNO,1344,"{""CONFLICT"": 1, ""OK_CONST"": 1}",True,t-dyn/src/dyn600/dyn600MainProc.c:81669 mpf_mfs_open_H arg 2 > t-dyn/src/dyn600/dyn600MainProc.c:82104 mpf_mfs_writerecn handle 1
both_unresolved,mfs_file,/home/chukyu/t-dyn/src/dyn600/dyn600MainProc.c,2228,mpf_mfs_open_H,2,OPEN_LOCK,iFno,,,"{""UNREACHABLE"": 1}",,,{},False,
both_unresolved,mfs_file,/home/chukyu/t-dyn/src/dyn600/dyn600MainProc.c,2228,mpf_mfs_open_H,2,READ,,,,{},iFno,,"{""OK_CONST"": 1}",True,t-dyn/src/dyn600/dyn600MainProc.c:84000 mpf_mfs_open_H arg 2
disjoint,mfs_file,/home/chukyu/t-dyn/src/dyn600/dyn600MainProc.c,2235,mpf_mfs_readrecn,1,READREC,&sFcb,1346,,"{""EXACT"": 1}",&sFcb; DynReGrpSet3FNO,1345,"{""CONFLICT"": 1, ""OK_CONST"": 1}",True,t-dyn/src/dyn600/dyn600MainProc.c:84000 mpf_mfs_open_H arg 2 > t-dyn/src/dyn600/dyn600MainProc.c:84202 mpf_mfs_readrecn handle 1
disjoint,mfs_file,/home/chukyu/t-dyn/src/dyn600/dyn600MainProc.c,2243,mpf_mfs_writerecn,1,WRITEREC,&sFcb,1346,,"{""EXACT"": 1}",&sFcb; DynReGrpSet3FNO,1345,"{""CONFLICT"": 1, ""OK_CONST"": 1}",True,t-dyn/src/dyn600/dyn600MainProc.c:84000 mpf_mfs_open_H arg 2 > t-dyn/src/dyn600/dyn600MainProc.c:84444 mpf_mfs_writerecn handle 1
both_unresolved,mfs_file,/home/chukyu/t-dyn/src/dyn600/dyn600MainProc.c,2301,mpf_mfs_openm_H,2,OPEN_LOCK,iFno,,,"{""UNREACHABLE"": 1}",,,{},False,
both_unresolved,mfs_file,/home/chukyu/t-dyn/src/dyn600/dyn600MainProc.c,2301,mpf_mfs_openm_H,2,READ,,,,{},iFno,,"{""OK_CONST"": 1}",True,t-dyn/src/dyn600/dyn600MainProc.c:86634 mpf_mfs_openm_H arg 2
legacy_resolved_only,mfs_file,/home/chukyu/t-dyn/src/dyn600/dyn600MainProc.c,2308,mpf_mfs_readrecm,1,READREC,&sFcb,,,"{""UNREACHABLE"": 1}",&sFcb; DynReTaikoSetFNO,3909,"{""CONFLICT"": 1, ""OK_CONST"": 1}",True,t-dyn/src/dyn600/dyn600MainProc.c:86634 mpf_mfs_openm_H arg 2 > t-dyn/src/dyn600/dyn600MainProc.c:86831 mpf_mfs_readrecm handle 1
legacy_resolved_only,mfs_file,/home/chukyu/t-dyn/src/dyn600/dyn600MainProc.c,2309,mpf_mfs_writerecm,1,WRITEREC,&sFcb,,,"{""UNREACHABLE"": 1}",&sFcb; DynReTaikoSetFNO,3909,"{""CONFLICT"": 1, ""OK_CONST"": 1}",True,t-dyn/src/dyn600/dyn600MainProc.c:86634 mpf_mfs_openm_H arg 2 > t-dyn/src/dyn600/dyn600MainProc.c:86874 mpf_mfs_writerecm handle 1
legacy_resolved_only,mfs_file,/home/chukyu/t-dyn/src/dyn600/dyn600MainProc.c,2366,mpf_mfs_writerecn,1,WRITEREC,&sFcb,,,"{""UNRESOLVED"": 1}",&sFcb; DynReSchSetTkFNO,3910,"{""ALREADY_PRESENT"": 1, ""OK_CONST"": 1}",True,t-dyn/src/dyn600/dyn600MainProc.c:88380 mpf_mfs_open_H arg 2 > t-dyn/src/dyn600/dyn600MainProc.c:88613 mpf_mfs_writerecn handle 1
legacy_resolved_only,mfs_file,/home/chukyu/t-dyn/src/dyn600/dyn600MainProc.c,2395,mpf_mfs_readrecn,1,READREC,&sFcb,,,"{""EXTERNAL"": 1}",&sFcb; DynAdvCtlStaCTkFNO,3913,"{""ALREADY_PRESENT"": 1, ""OK_CONST"": 1}",True,t-dyn/src/dyn600/dyn600MainProc.c:89450 mpf_mfs_open_H arg 2 > t-dyn/src/dyn600/dyn600MainProc.c:89699 mpf_mfs_readrecn handle 1
legacy_resolved_only,mfs_file,/home/chukyu/t-dyn/src/dyn600/dyn600MainProc.c,2404,mpf_mfs_writerecn,1,WRITEREC,&sFcb,,,"{""EXTERNAL"": 1}",&sFcb; DynAdvCtlStaCTkFNO,3913,"{""ALREADY_PRESENT"": 1, ""OK_CONST"": 1}",True,t-dyn/src/dyn600/dyn600MainProc.c:89450 mpf_mfs_open_H arg 2 > t-dyn/src/dyn600/dyn600MainProc.c:90141 mpf_mfs_writerecn handle 1
legacy_resolved_only,mfs_file,/home/chukyu/t-dyn/src/dyn600/dyn600MainProc.c,2458,mpf_mfs_writerecn,1,WRITEREC,&sFcb,,,"{""UNRESOLVED"": 1}",&sFcb; DynReSchSetTkFNO,3910,"{""ALREADY_PRESENT"": 1, ""OK_CONST"": 1}",True,t-dyn/src/dyn600/dyn600MainProc.c:91777 mpf_mfs_open_H arg 2 > t-dyn/src/dyn600/dyn600MainProc.c:92008 mpf_mfs_writerecn handle 1
both_unresolved,mfs_file,/home/chukyu/t-dyn/src/dyn600/dyn600MainProc.c,2511,mpf_mfs_openm_H,2,OPEN_LOCK,iFno,,,"{""UNREACHABLE"": 1}",,,{},False,
both_unresolved,mfs_file,/home/chukyu/t-dyn/src/dyn600/dyn600MainProc.c,2511,mpf_mfs_openm_H,2,READ,,,,{},iFno,,"{""OK_CONST"": 1}",True,t-dyn/src/dyn600/dyn600MainProc.c:93807 mpf_mfs_openm_H arg 2
legacy_resolved_only,mfs_file,/home/chukyu/t-dyn/src/dyn600/dyn600MainProc.c,2518,mpf_mfs_writerecm,1,WRITEREC,&sFcb,,,"{""UNREACHABLE"": 1}",&sFcb; DynReEmeKanCTkFNO,3911,"{""ALREADY_PRESENT"": 1, ""OK_CONST"": 1}",True,t-dyn/src/dyn600/dyn600MainProc.c:93807 mpf_mfs_openm_H arg 2 > t-dyn/src/dyn600/dyn600MainProc.c:94003 mpf_mfs_writerecm handle 1
both_unresolved,mfs_file,/home/chukyu/t-dyn/src/dyn600/dyn600MainProc.c,2573,mpf_mfs_open_H,2,OPEN_LOCK,iFno,,,"{""UNREACHABLE"": 1}",,,{},False,
both_unresolved,mfs_file,/home/chukyu/t-dyn/src/dyn600/dyn600MainProc.c,2573,mpf_mfs_open_H,2,READ,,,,{},iFno,,"{""OK_CONST"": 1}",True,t-dyn/src/dyn600/dyn600MainProc.c:95889 mpf_mfs_open_H arg 2
legacy_resolved_only,mfs_file,/home/chukyu/t-dyn/src/dyn600/dyn600MainProc.c,2581,mpf_mfs_writerecm,1,WRITEREC,&sFcb,,,"{""UNREACHABLE"": 1}",&sFcb; DynReEmeKanITkFNO,3912,"{""CONFLICT"": 1, ""OK_CONST"": 1}",True,t-dyn/src/dyn600/dyn600MainProc.c:95889 mpf_mfs_open_H arg 2 > t-dyn/src/dyn600/dyn600MainProc.c:96134 mpf_mfs_writerecm handle 1
legacy_resolved_only,mfs_file,/home/chukyu/t-dyn/src/dyn600/dyn600MainProc.c,2597,mpf_mfs_readrecm,1,READREC,&sFcb,,,"{""UNREACHABLE"": 1}",&sFcb; DynReEmeKanCTkFNO,3911,"{""ALREADY_PRESENT"": 1, ""OK_CONST"": 1}",True,t-dyn/src/dyn600/dyn600MainProc.c:96419 mpf_mfs_openm_H arg 2 > t-dyn/src/dyn600/dyn600MainProc.c:96650 mpf_mfs_readrecm handle 1
legacy_resolved_only,mfs_file,/home/chukyu/t-dyn/src/dyn600/dyn600MainProc.c,2625,mpf_mfs_clearfile,1,CLEAR,iFno,,,"{""UNREACHABLE"": 1}",DynReEmeKanITkFNO; iFno,3912,"{""ADDED"": 1, ""OK_CONST"": 1}",True,t-dyn/src/dyn600/dyn600MainProc.c:97559 mpf_mfs_clearfile arg 1
both_unresolved,mfs_file,/home/chukyu/t-dyn/src/dyn600/dyn600MainProc.c,2663,mpf_mfs_open_H,2,OPEN_LOCK,iFno,,,"{""UNREACHABLE"": 1}",,,{},False,
both_unresolved,mfs_file,/home/chukyu/t-dyn/src/dyn600/dyn600MainProc.c,2663,mpf_mfs_open_H,2,READ,,,,{},iFno,,"{""OK_CONST"": 1}",True,t-dyn/src/dyn600/dyn600MainProc.c:98871 mpf_mfs_open_H arg 2
disjoint,mfs_file,/home/chukyu/t-dyn/src/dyn600/dyn600MainProc.c,2669,mpf_mfs_writerecn,1,WRITEREC,&sFcb,112,,"{""EXACT"": 1}",&sFcb; DynReSetDspTgtFNO,1499,"{""CONFLICT"": 1, ""OK_CONST"": 1}",True,t-dyn/src/dyn600/dyn600MainProc.c:98871 mpf_mfs_open_H arg 2 > t-dyn/src/dyn600/dyn600MainProc.c:99067 mpf_mfs_writerecn handle 1
both_unresolved,mfs_file,/home/chukyu/t-dyn/src/dyn600/dyn600MainProc.c,2713,mpf_mfs_open_H,2,OPEN_LOCK,iFno,,,"{""UNREACHABLE"": 1}",,,{},False,
both_unresolved,mfs_file,/home/chukyu/t-dyn/src/dyn600/dyn600MainProc.c,2713,mpf_mfs_open_H,2,READ,,,,{},iFno,,"{""OK_CONST"": 1}",True,t-dyn/src/dyn600/dyn600MainProc.c:100794 mpf_mfs_open_H arg 2
equal,mfs_file,/home/chukyu/t-dyn/src/dyn600/dyn600MainProc.c,2723,mpf_mfs_writerecn,1,WRITEREC,&sFcb,3985,,"{""EXACT"": 1}",&sFcb; DynAdvCtlKanIndFNO,3985,"{""CONFLICT"": 1, ""OK_CONST"": 1}",True,t-dyn/src/dyn600/dyn600MainProc.c:100794 mpf_mfs_open_H arg 2 > t-dyn/src/dyn600/dyn600MainProc.c:101087 mpf_mfs_writerecn handle 1
both_unresolved,mfs_file,/home/chukyu/t-dyn/src/dyn600/dyn600MainProc.c,2770,mpf_mfs_open_H,2,OPEN_LOCK,iFno,,,"{""UNREACHABLE"": 1}",,,{},False,
both_unresolved,mfs_file,/home/chukyu/t-dyn/src/dyn600/dyn600MainProc.c,2770,mpf_mfs_open_H,2,READ,,,,{},iFno,,"{""OK_CONST"": 1}",True,t-dyn/src/dyn600/dyn600MainProc.c:102771 mpf_mfs_open_H arg 2
legacy_resolved_only,mfs_file,/home/chukyu/t-dyn/src/dyn600/dyn600MainProc.c,2778,mpf_mfs_writerecm,1,WRITEREC,&sFcb,,,"{""UNREACHABLE"": 1}",&sFcb; DynReCtlMntSetFNO,3987,"{""ALREADY_PRESENT"": 1, ""OK_CONST"": 1}",True,t-dyn/src/dyn600/dyn600MainProc.c:102771 mpf_mfs_open_H arg 2 > t-dyn/src/dyn600/dyn600MainProc.c:103010 mpf_mfs_writerecm handle 1
both_unresolved,mfs_file,/home/chukyu/t-dyn/src/dyn600/dyn600MainProc.c,2823,mpf_mfs_open_H,2,OPEN_LOCK,iFno,,,"{""UNREACHABLE"": 1}",,,{},False,
both_unresolved,mfs_file,/home/chukyu/t-dyn/src/dyn600/dyn600MainProc.c,2823,mpf_mfs_open_H,2,READ,,,,{},iFno,,"{""OK_CONST"": 1}",True,t-dyn/src/dyn600/dyn600MainProc.c:104573 mpf_mfs_open_H arg 2
legacy_resolved_only,mfs_file,/home/chukyu/t-dyn/src/dyn600/dyn600MainProc.c,2829,mpf_mfs_writerecm,1,WRITEREC,&sFcb,,,"{""UNREACHABLE"": 1}",&sFcb; DynReKoteMainteFNO,3988,"{""CONFLICT"": 1, ""OK_CONST"": 1}",True,t-dyn/src/dyn600/dyn600MainProc.c:104573 mpf_mfs_open_H arg 2 > t-dyn/src/dyn600/dyn600MainProc.c:104770 mpf_mfs_writerecm handle 1
both_unresolved,mfs_file,/home/chukyu/t-dyn/src/dyn600/dyn600MainProc.c,2873,mpf_mfs_open_H,2,OPEN_LOCK,iFno,,,"{""UNREACHABLE"": 1}",,,{},False,
both_unresolved,mfs_file,/home/chukyu/t-dyn/src/dyn600/dyn600MainProc.c,2873,mpf_mfs_open_H,2,READ,,,,{},iFno,,"{""OK_CONST"": 1}",True,t-dyn/src/dyn600/dyn600MainProc.c:106307 mpf_mfs_open_H arg 2
legacy_resolved_only,mfs_file,/home/chukyu/t-dyn/src/dyn600/dyn600MainProc.c,2881,mpf_mfs_writerecm,1,WRITEREC,&sFcb,,,"{""UNREACHABLE"": 1}",&sFcb; DynReKoteMntSetFNO,3990,"{""ALREADY_PRESENT"": 1, ""OK_CONST"": 1}",True,t-dyn/src/dyn600/dyn600MainProc.c:106307 mpf_mfs_open_H arg 2 > t-dyn/src/dyn600/dyn600MainProc.c:106524 mpf_mfs_writerecm handle 1
both_unresolved,mfs_file,/home/chukyu/t-dyn/src/dyn600/dyn600MainProc.c,2929,mpf_mfs_open_H,2,OPEN_LOCK,iFno,,,"{""UNREACHABLE"": 1}",,,{},False,
legacy_resolved_only,mfs_file,/home/chukyu/t-dyn/src/dyn600/dyn600MainProc.c,2929,mpf_mfs_open_H,2,READ,,,,{},DynReKoteMainteFNO; iFno,3988,"{""ADDED"": 1, ""OK_CONST"": 1}",True,t-dyn/src/dyn600/dyn600MainProc.c:108192 mpf_mfs_open_H arg 2
legacy_resolved_only,mfs_file,/home/chukyu/t-dyn/src/dyn600/dyn600MainProc.c,2935,mpf_mfs_readrecn,1,READREC,&sFcb,,,"{""EXTERNAL"": 1}",&sFcb; DynReKoteMainteFNO,3988,"{""CONFLICT"": 1, ""OK_CONST"": 1}",True,t-dyn/src/dyn600/dyn600MainProc.c:108192 mpf_mfs_open_H arg 2 > t-dyn/src/dyn600/dyn600MainProc.c:108388 mpf_mfs_readrecn handle 1
both_unresolved,mfs_file,/home/chukyu/t-dyn/src/dyn600/dyn600MainProc.c,2954,mpf_mfs_open_H,2,OPEN_LOCK,iFno,,,"{""UNREACHABLE"": 1}",,,{},False,
both_unresolved,mfs_file,/home/chukyu/t-dyn/src/dyn600/dyn600MainProc.c,2954,mpf_mfs_open_H,2,READ,,,,{},iFno,,"{""OK_CONST"": 1}",True,t-dyn/src/dyn600/dyn600MainProc.c:109036 mpf_mfs_open_H arg 2
legacy_resolved_only,mfs_file,/home/chukyu/t-dyn/src/dyn600/dyn600MainProc.c,2960,mpf_mfs_writerecm,1,WRITEREC,&sFcb,,,"{""UNREACHABLE"": 1}",&sFcb; DynReKoteMainteFNO,3988,"{""CONFLICT"": 1, ""OK_CONST"": 1}",True,t-dyn/src/dyn600/dyn600MainProc.c:109036 mpf_mfs_open_H arg 2 > t-dyn/src/dyn600/dyn600MainProc.c:109233 mpf_mfs_writerecm handle 1
legacy_resolved_only,mfs_file,/home/chukyu/t-dyn/src/dyn600/dyn600MainProc.c,2973,mpf_mfs_writerecm,1,WRITEREC,&sFcb,,,"{""UNREACHABLE"": 1}",&sFcb; DynReKoteMntSetFNO,3990,"{""ALREADY_PRESENT"": 1, ""OK_CONST"": 1}",True,t-dyn/src/dyn600/dyn600MainProc.c:109565 mpf_mfs_open_H arg 2 > t-dyn/src/dyn600/dyn600MainProc.c:109776 mpf_mfs_writerecm handle 1
both_unresolved,mfs_file,/home/chukyu/t-dyn/src/dyn600/dyn600MainProc.c,3016,mpf_mfs_open_H,2,OPEN_LOCK,iFno,,,"{""UNREACHABLE"": 1}",,,{},False,
both_unresolved,mfs_file,/home/chukyu/t-dyn/src/dyn600/dyn600MainProc.c,3016,mpf_mfs_open_H,2,READ,,,,{},iFno,,"{""OK_CONST"": 1}",True,t-dyn/src/dyn600/dyn600MainProc.c:111334 mpf_mfs_open_H arg 2
legacy_resolved_only,mfs_file,/home/chukyu/t-dyn/src/dyn600/dyn600MainProc.c,3022,mpf_mfs_writerecm,1,WRITEREC,&sFcb,,,"{""UNREACHABLE"": 1}",&sFcb; DynReKoteMainteFNO,3988,"{""CONFLICT"": 1, ""OK_CONST"": 1}",True,t-dyn/src/dyn600/dyn600MainProc.c:111334 mpf_mfs_open_H arg 2 > t-dyn/src/dyn600/dyn600MainProc.c:111531 mpf_mfs_writerecm handle 1
legacy_resolved_only,mfs_file,/home/chukyu/t-dyn/src/dyn600/dyn600MainProc.c,3034,mpf_mfs_writerecm,1,WRITEREC,&sFcb,,,"{""UNREACHABLE"": 1}",&sFcb; DynReKoteMntSetFNO,3990,"{""ALREADY_PRESENT"": 1, ""OK_CONST"": 1}",True,t-dyn/src/dyn600/dyn600MainProc.c:111794 mpf_mfs_open_H arg 2 > t-dyn/src/dyn600/dyn600MainProc.c:112005 mpf_mfs_writerecm handle 1
legacy_resolved_only,mfs_file,/home/chukyu/t-dyn/src/dyn600/dyn600MainProc.c,3046,mpf_mfs_writerecm,1,WRITEREC,&sFcb,,,"{""UNREACHABLE"": 1}",&sFcb; DynReKoTeiHtSetFNO,4013,"{""ALREADY_PRESENT"": 1, ""OK_CONST"": 1}",True,t-dyn/src/dyn600/dyn600MainProc.c:112257 mpf_mfs_open_H arg 2 > t-dyn/src/dyn600/dyn600MainProc.c:112468 mpf_mfs_writerecm handle 1
both_unresolved,mfs_file,/home/chukyu/t-dyn/src/dyn600/dyn600MainProc.c,3088,mpf_mfs_openm_H,2,OPEN_LOCK,iFno,,,"{""UNREACHABLE"": 1}",,,{},False,
both_unresolved,mfs_file,/home/chukyu/t-dyn/src/dyn600/dyn600MainProc.c,3088,mpf_mfs_openm_H,2,READ,,,,{},iFno,,"{""OK_CONST"": 1}",True,t-dyn/src/dyn600/dyn600MainProc.c:113919 mpf_mfs_openm_H arg 2
legacy_resolved_only,mfs_file,/home/chukyu/t-dyn/src/dyn600/dyn600MainProc.c,3095,mpf_mfs_writerecm,1,WRITEREC,&sFcb,,,"{""UNREACHABLE"": 1}",&sFcb; DynReGrpSetCmnFNO,4011,"{""CONFLICT"": 1, ""OK_CONST"": 1}",True,t-dyn/src/dyn600/dyn600MainProc.c:113919 mpf_mfs_openm_H arg 2 > t-dyn/src/dyn600/dyn600MainProc.c:114116 mpf_mfs_writerecm handle 1
both_unresolved,mfs_file,/home/chukyu/t-dyn/src/dyn600/dyn600MainProc.c,3135,mpf_mfs_open_H,2,OPEN_LOCK,iFno,,,"{""UNREACHABLE"": 1}",,,{},False,
both_unresolved,mfs_file,/home/chukyu/t-dyn/src/dyn600/dyn600MainProc.c,3135,mpf_mfs_open_H,2,READ,,,,{},iFno,,"{""OK_CONST"": 1}",True,t-dyn/src/dyn600/dyn600MainProc.c:115589 mpf_mfs_open_H arg 2
legacy_resolved_only,mfs_file,/home/chukyu/t-dyn/src/dyn600/dyn600MainProc.c,3143,mpf_mfs_writerecn,1,WRITEREC,&sFcb,,,"{""EXTERNAL"": 1}",&sFcb; DynReKoTeiHtSetFNO,4013,"{""ALREADY_PRESENT"": 1, ""OK_CONST"": 1}",True,t-dyn/src/dyn600/dyn600MainProc.c:115589 mpf_mfs_open_H arg 2 > t-dyn/src/dyn600/dyn600MainProc.c:115816 mpf_mfs_writerecn handle 1
both_unresolved,mfs_file,/home/chukyu/t-dyn/src/dyn700/dyn700Init.c,231,mpf_mfs_readrecn,1,READREC,&SFcbSchColor,,,"{""UNREACHABLE"": 1}",,,{},False,
both_unresolved,mfs_file,/home/chukyu/t-dyn/src/dyn700/dyn700Init.c,237,mpf_mfs_open_H,2,OPEN_LOCK,DynReGrpSetFNO,,,"{""UNREACHABLE"": 1}",,,{},False,
both_unresolved,mfs_file,/home/chukyu/t-dyn/src/dyn700/dyn700Init.c,242,mpf_mfs_readrecn,1,READREC,&SFcbGrpSet,,,"{""UNREACHABLE"": 1}",,,{},False,
both_unresolved,mfs_file,/home/chukyu/t-dyn/src/dyn700/dyn700Init.c,251,mpf_mfs_readrecm,1,READREC,&SFcbTaiko,,,"{""UNREACHABLE"": 1}",,,{},False,
both_unresolved,mfs_file,/home/chukyu/t-dyn/src/dyn700/dyn700Init.c,257,mpf_mfs_readrecm,1,READREC,&SFcbGrpIdx,,,"{""UNREACHABLE"": 1}",,,{},False,
both_unresolved,mfs_file,/home/chukyu/t-dyn/src/dyn700/dyn700Init.c,262,mpf_mfs_readrecm,1,READREC,&SFcb,,,"{""UNREACHABLE"": 1}",,,{},False,
both_unresolved,mfs_file,/home/chukyu/t-dyn/src/dyn700/dyn700Init.c,267,mpf_mfs_readrecn,1,READREC,&SFcb,,,"{""UNREACHABLE"": 1}",,,{},False,
both_unresolved,mfs_file,/home/chukyu/t-dyn/src/dyn700/dyn700Init.c,273,mpf_mfs_readrecm,1,READREC,&SFcb,,,"{""UNREACHABLE"": 1}",,,{},False,
both_unresolved,mfs_file,/home/chukyu/t-dyn/src/dyn700/dyn700Init.c,279,mpf_mfs_readrecn,1,READREC,&SFcb,,,"{""UNREACHABLE"": 1}",,,{},False,
both_unresolved,mfs_file,/home/chukyu/t-dyn/src/dyn700/dyn700Init.c,286,mpf_mfs_readrecn,1,READREC,&SFcb,,,"{""UNREACHABLE"": 1}",,,{},False,
both_unresolved,mfs_file,/home/chukyu/t-dyn/src/dyn700/dyn700Init.c,547,mpf_mfs_open_H,2,OPEN_LOCK,DynREGetSchfno(nFnoidx),,,"{""UNREACHABLE"": 1}",,,{},False,
both_unresolved,mfs_file,/home/chukyu/t-dyn/src/dyn700/dyn700Init.c,549,mpf_mfs_readrecm,1,READREC,&SFcbSchSet,,,"{""UNREACHABLE"": 1}",,,{},False,
both_unresolved,mfs_file,/home/chukyu/t-dyn/src/dyn700/dyn700Init.c,556,mpf_mfs_open_H,2,OPEN_LOCK,DynREGetSchKKfno(nFnoidxKK),,,"{""UNREACHABLE"": 1}",,,{},False,
both_unresolved,mfs_file,/home/chukyu/t-dyn/src/dyn700/dyn700Init.c,557,mpf_mfs_readrecm,1,READREC,&SFcbSchSet,,,"{""UNREACHABLE"": 1}",,,{},False,
both_unresolved,mfs_file,/home/chukyu/t-dyn/src/dyn700/dyn700Init.c,559,mpf_mfs_open_H,2,OPEN_LOCK,DynREGetSchKKLCfno(nFnoidxKK),,,"{""UNREACHABLE"": 1}",,,{},False,
both_unresolved,mfs_file,/home/chukyu/t-dyn/src/dyn700/dyn700Init.c,560,mpf_mfs_readrecm,1,READREC,&SFcbSchSet,,,"{""UNREACHABLE"": 1}",,,{},False,
both_unresolved,mfs_file,/home/chukyu/t-dyn/src/dyn700/dyn700ScheduleCsvDlg.c,283,mpf_mfs_readrecm,1,READREC,&fcb,,,"{""UNREACHABLE"": 1}",,,{},False,
both_unresolved,mfs_file,/home/chukyu/t-dyn/src/dyn700/dyn700UpdFile.c,76,mpf_mfs_readrecm,1,READREC,&fcb1,,,"{""UNREACHABLE"": 1}",,,{},False,
both_unresolved,mfs_file,/home/chukyu/t-dyn/src/dyn710/dyn710Init.c,292,mpf_mfs_open_H,2,OPEN_LOCK,DynReGrpSetFNO,,,"{""UNREACHABLE"": 1}",,,{},False,
both_unresolved,mfs_file,/home/chukyu/t-dyn/src/dyn710/dyn710Init.c,295,mpf_mfs_readrecn,1,READREC,&fcb,,,"{""UNREACHABLE"": 1}",,,{},False,
both_unresolved,mfs_file,/home/chukyu/t-dyn/src/dyn710/dyn710Init.c,314,mpf_mfs_open_H,2,OPEN_LOCK,DynRePtnSetNO,,,"{""UNREACHABLE"": 1}",,,{},False,
both_unresolved,mfs_file,/home/chukyu/t-dyn/src/dyn710/dyn710Init.c,315,mpf_mfs_readrecn,1,READREC,&fcb,,,"{""UNREACHABLE"": 1}",,,{},False,
both_unresolved,mfs_file,/home/chukyu/t-dyn/src/dyn710/dyn710Init.c,327,mpf_mfs_open_H,2,OPEN_LOCK,DynReCtlStaFNO,,,"{""UNREACHABLE"": 1}",,,{},False,
both_unresolved,mfs_file,/home/chukyu/t-dyn/src/dyn710/dyn710Init.c,328,mpf_mfs_readrecn,1,READREC,&fcb,,,"{""UNREACHABLE"": 1}",,,{},False,
both_unresolved,mfs_file,/home/chukyu/t-dyn/src/dyn710/dyn710Init.c,339,mpf_mfs_open_H,2,OPEN_LOCK,DynREGetPfmfno(nFnoidx[0]),,,"{""UNREACHABLE"": 1}",,,{},False,
both_unresolved,mfs_file,/home/chukyu/t-dyn/src/dyn710/dyn710Init.c,340,mpf_mfs_readrecm,1,READREC,&fcb,,,"{""UNREACHABLE"": 1}",,,{},False,
both_unresolved,mfs_file,/home/chukyu/t-dyn/src/dyn710/dyn710Init.c,343,mpf_mfs_open_H,2,OPEN_LOCK,DynREGetPfmfno(nFnoidx[1]),,,"{""UNREACHABLE"": 1}",,,{},False,
both_unresolved,mfs_file,/home/chukyu/t-dyn/src/dyn710/dyn710Init.c,344,mpf_mfs_readrecm,1,READREC,&fcb,,,"{""UNREACHABLE"": 1}",,,{},False,
both_unresolved,mfs_file,/home/chukyu/t-dyn/src/dyn710/dyn710Init.c,368,mpf_mfs_open_H,2,OPEN_LOCK,DynRePfmCtlFNO,,,"{""UNREACHABLE"": 1}",,,{},False,
both_unresolved,mfs_file,/home/chukyu/t-dyn/src/dyn710/dyn710Init.c,372,mpf_mfs_readrecn,1,READREC,&fcb,,,"{""UNREACHABLE"": 1}",,,{},False,
both_unresolved,mfs_file,/home/chukyu/t-dyn/src/dyn710/dyn710Init.c,390,mpf_mfs_readrecn,1,READREC,&fcb,,,"{""UNREACHABLE"": 1}",,,{},False,
both_unresolved,mfs_file,/home/chukyu/t-dyn/src/dyn710/dyn710Init.c,405,mpf_mfs_open_H,2,OPEN_LOCK,DynAdvCtlStaIndFNO,,,"{""UNREACHABLE"": 1}",,,{},False,
both_unresolved,mfs_file,/home/chukyu/t-dyn/src/dyn710/dyn710Init.c,406,mpf_mfs_readrecn,1,READREC,&fcb,,,"{""UNREACHABLE"": 1}",,,{},False,
both_unresolved,mfs_file,/home/chukyu/t-dyn/src/dyn710/dyn710Init.c,438,mpf_mfs_readrecn,1,READREC,&fcb,,,"{""UNREACHABLE"": 1}",,,{},False,
both_unresolved,mfs_file,/home/chukyu/t-dyn/src/dyn710/dyn710Init.c,454,mpf_mfs_readrecn,1,READREC,&fcb,,,"{""UNREACHABLE"": 1}",,,{},False,
both_unresolved,mfs_file,/home/chukyu/t-dyn/src/dyn710/dyn710Init.c,465,mpf_mfs_readrecm,1,READREC,&fcb,,,"{""UNREACHABLE"": 1}",,,{},False,
both_unresolved,mfs_file,/home/chukyu/t-dyn/src/dyn710/dyn710Init.c,475,mpf_mfs_readrecm,1,READREC,&fcb,,,"{""UNREACHABLE"": 1}",,,{},False,
both_unresolved,mfs_file,/home/chukyu/t-dyn/src/dyn710/dyn710Init.c,484,mpf_mfs_readrecm,1,READREC,&fcb,,,"{""UNREACHABLE"": 1}",,,{},False,
both_unresolved,mfs_file,/home/chukyu/t-dyn/src/dyn710/dyn710Init.c,489,mpf_mfs_readrecn,1,READREC,&fcb,,,"{""UNREACHABLE"": 1}",,,{},False,
both_unresolved,mfs_file,/home/chukyu/t-dyn/src/dyn710/dyn710Init.c,500,mpf_mfs_readrecm,1,READREC,&fcb,,,"{""UNREACHABLE"": 1}",,,{},False,
both_unresolved,mfs_file,/home/chukyu/t-dyn/src/dyn710/dyn710Init.c,505,mpf_mfs_readrecn,1,READREC,&fcb,,,"{""UNREACHABLE"": 1}",,,{},False,
both_unresolved,mfs_file,/home/chukyu/t-dyn/src/dyn710/dyn710Init.c,516,mpf_mfs_readrecn,1,READREC,&fcb,,,"{""UNREACHABLE"": 1}",,,{},False,
both_unresolved,mfs_file,/home/chukyu/t-dyn/src/dyn710/dyn710Init.c,652,mpf_mfs_open_H,2,OPEN_LOCK,DynREGetSchfno(g_nFnoidx),,,"{""UNREACHABLE"": 1}",,,{},False,
both_unresolved,mfs_file,/home/chukyu/t-dyn/src/dyn710/dyn710Init.c,653,mpf_mfs_readrecn,1,READREC,&fcb,,,"{""UNREACHABLE"": 1}",,,{},False,
both_unresolved,mfs_file,/home/chukyu/t-dyn/src/dyn710/dyn710Init.c,664,mpf_mfs_open_H,2,OPEN_LOCK,DynREGetSchKKfno(g_nFnoidxKK),,,"{""UNREACHABLE"": 1}",,,{},False,
both_unresolved,mfs_file,/home/chukyu/t-dyn/src/dyn710/dyn710Init.c,665,mpf_mfs_readrecn,1,READREC,&fcb,,,"{""UNREACHABLE"": 1}",,,{},False,
both_unresolved,mfs_file,/home/chukyu/t-dyn/src/dyn710/dyn710Init.c,667,mpf_mfs_open_H,2,OPEN_LOCK,DynREGetSchKKLCfno(g_nFnoidxKK),,,"{""UNREACHABLE"": 1}",,,{},False,
both_unresolved,mfs_file,/home/chukyu/t-dyn/src/dyn710/dyn710Init.c,668,mpf_mfs_readrecn,1,READREC,&fcb,,,"{""UNREACHABLE"": 1}",,,{},False,
both_unresolved,mfs_file,/home/chukyu/t-dyn/src/dyn710/dyn710ScheduleCsvDlg.c,510,mpf_mfs_readrecm,1,READREC,&fcb,,,"{""UNREACHABLE"": 1}",,,{},False,
both_unresolved,mfs_file,/home/chukyu/t-dyn/src/dyn720/dyn720GrpMkjCsvDlg.c,372,mpf_mfs_readrecm,1,READREC,&fcb,,,"{""UNREACHABLE"": 1}",,,{},False,
both_unresolved,mfs_file,/home/chukyu/t-dyn/src/dyn720/dyn720Init.c,223,mpf_mfs_open_H,2,OPEN_LOCK,DynReSndStaDFSFNO,,,"{""UNREACHABLE"": 1}",,,{},False,
both_unresolved,mfs_file,/home/chukyu/t-dyn/src/dyn720/dyn720Init.c,226,mpf_mfs_readrec,1,READREC,&SfcbHesSnd,,,"{""UNREACHABLE"": 1}",,,{},False,
both_unresolved,mfs_file,/home/chukyu/t-dyn/src/dyn720/dyn720Init.c,246,mpf_mfs_open_H,2,OPEN_LOCK,DynReGrpSetFNO,,,"{""UNREACHABLE"": 1}",,,{},False,
both_unresolved,mfs_file,/home/chukyu/t-dyn/src/dyn720/dyn720Init.c,251,mpf_mfs_readrecn,1,READREC,&SfcbGrpSet,,,"{""UNREACHABLE"": 1}",,,{},False,
both_unresolved,mfs_file,/home/chukyu/t-dyn/src/dyn720/dyn720Init.c,273,mpf_mfs_open_H,2,OPEN_LOCK,DynReCtlStaFNO,,,"{""UNREACHABLE"": 1}",,,{},False,
both_unresolved,mfs_file,/home/chukyu/t-dyn/src/dyn720/dyn720Init.c,276,mpf_mfs_readrecn,1,READREC,&SfcbCtl,,,"{""UNREACHABLE"": 1}",,,{},False,
both_unresolved,mfs_file,/home/chukyu/t-dyn/src/dyn720/dyn720Init.c,298,mpf_mfs_open_H,2,OPEN_LOCK,DynRePfmCtlFNO,,,"{""UNREACHABLE"": 1}",,,{},False,
both_unresolved,mfs_file,/home/chukyu/t-dyn/src/dyn720/dyn720Init.c,302,mpf_mfs_readrecn,1,READREC,&SfcbRePfmCtl,,,"{""UNREACHABLE"": 1}",,,{},False,
both_unresolved,mfs_file,/home/chukyu/t-dyn/src/dyn720/dyn720Init.c,326,mpf_mfs_open_H,2,OPEN_LOCK,DynReOutKanStaFNO,,,"{""UNREACHABLE"": 1}",,,{},False,
both_unresolved,mfs_file,/home/chukyu/t-dyn/src/dyn720/dyn720Init.c,330,mpf_mfs_readrecn,1,READREC,&SfcbReOutKanSta,,,"{""UNREACHABLE"": 1}",,,{},False,
both_unresolved,mfs_file,/home/chukyu/t-dyn/src/dyn720/dyn720Init.c,355,mpf_mfs_readrecn,1,READREC,&SfcbReGrpSet3,,,"{""UNREACHABLE"": 1}",,,{},False,
both_unresolved,mfs_file,/home/chukyu/t-dyn/src/dyn720/dyn720Init.c,374,mpf_mfs_open_H,2,OPEN_LOCK,DynReHESPfmStaFNO,,,"{""UNREACHABLE"": 1}",,,{},False,
both_unresolved,mfs_file,/home/chukyu/t-dyn/src/dyn720/dyn720Init.c,380,mpf_mfs_readrecm,1,READREC,&fcb,,,"{""UNREACHABLE"": 1}",,,{},False,
both_unresolved,mfs_file,/home/chukyu/t-dyn/src/dyn720/dyn720Init.c,391,mpf_mfs_open_H,2,OPEN_LOCK,DynReHESPfmSetFNO,,,"{""UNREACHABLE"": 1}",,,{},False,
both_unresolved,mfs_file,/home/chukyu/t-dyn/src/dyn720/dyn720Init.c,397,mpf_mfs_readrecn,1,READREC,&fcb,,,"{""UNREACHABLE"": 1}",,,{},False,
both_unresolved,mfs_file,/home/chukyu/t-dyn/src/dyn720/dyn720Init.c,431,mpf_mfs_open_H,2,OPEN_LOCK,DynREGetPfmfno(nFnoidx),,,"{""UNREACHABLE"": 1}",,,{},False,
both_unresolved,mfs_file,/home/chukyu/t-dyn/src/dyn720/dyn720Init.c,434,mpf_mfs_readrecm,1,READREC,&SFcbReHESPfmKbt,,,"{""UNREACHABLE"": 1}",,,{},False,
both_unresolved,mfs_file,/home/chukyu/t-dyn/src/dyn720/dyn720Init.c,455,mpf_mfs_readrecm,1,READREC,&fcb,,,"{""UNREACHABLE"": 1}",,,{},False,
both_unresolved,mfs_file,/home/chukyu/t-dyn/src/dyn720/dyn720Init.c,471,mpf_mfs_readrecm,1,READREC,&fcb,,,"{""UNREACHABLE"": 1}",,,{},False,
both_unresolved,mfs_file,/home/chukyu/t-dyn/src/dyn720/dyn720Init.c,485,mpf_mfs_readrecn,1,READREC,&fcb,,,"{""UNREACHABLE"": 1}",,,{},False,
both_unresolved,mfs_file,/home/chukyu/t-dyn/src/dyn730/dyn730AdvOptDlg.c,1867,mpf_mfs_open_H,2,OPEN_LOCK,DynReGrpSetFNO,,,"{""UNREACHABLE"": 1}",,,{},False,
both_unresolved,mfs_file,/home/chukyu/t-dyn/src/dyn730/dyn730AdvOptDlg.c,1878,mpf_mfs_readrecn,1,READREC,&fcbGrp,,,"{""UNREACHABLE"": 1}",,,{},False,
both_unresolved,mfs_file,/home/chukyu/t-dyn/src/dyn730/dyn730AdvOptDlg.c,1886,mpf_mfs_open_H,2,OPEN_LOCK,DynAdvCtlStaIndFNO,,,"{""UNREACHABLE"": 1}",,,{},False,
both_unresolved,mfs_file,/home/chukyu/t-dyn/src/dyn730/dyn730AdvOptDlg.c,1894,mpf_mfs_readrecn,1,READREC,&fcbAdvInd,,,"{""UNREACHABLE"": 1}",,,{},False,
both_unresolved,mfs_file,/home/chukyu/t-dyn/src/dyn730/dyn730AdvOptDlg.c,1938,mpf_mfs_open_H,2,OPEN_LOCK,DynAdvCtlStaIndFNO,,,"{""UNREACHABLE"": 1}",,,{},False,
both_unresolved,mfs_file,/home/chukyu/t-dyn/src/dyn730/dyn730AdvOptDlg.c,1950,mpf_mfs_writerecn,1,WRITEREC,&fcbAdvInd,,,"{""UNREACHABLE"": 1}",,,{},False,
both_unresolved,mfs_file,/home/chukyu/t-dyn/src/dyn730/dyn730AdvOptDlg.c,2114,mpf_mfs_open_H,2,OPEN_LOCK,DynReGrpSetFNO,,,"{""UNREACHABLE"": 1}",,,{},False,
both_unresolved,mfs_file,/home/chukyu/t-dyn/src/dyn730/dyn730AdvOptDlg.c,2125,mpf_mfs_readrecn,1,READREC,&fcbGrp,,,"{""UNREACHABLE"": 1}",,,{},False,
both_unresolved,mfs_file,/home/chukyu/t-dyn/src/dyn730/dyn730AdvOptDlg.c,2138,mpf_mfs_readrecn,1,READREC,&fcbGrp,,,"{""UNREACHABLE"": 1}",,,{},False,
both_unresolved,mfs_file,/home/chukyu/t-dyn/src/dyn730/dyn730AdvOptDlg.c,2178,mpf_mfs_open_H,2,OPEN_LOCK,DynREGetSchfno(nFnoidx[0]),,,"{""UNREACHABLE"": 1}",,,{},False,
both_unresolved,mfs_file,/home/chukyu/t-dyn/src/dyn730/dyn730AdvOptDlg.c,2187,mpf_mfs_readrecn,1,READREC,&fcbSch,,,"{""UNREACHABLE"": 1}",,,{},False,
both_unresolved,mfs_file,/home/chukyu/t-dyn/src/dyn730/dyn730AdvOptDlg.c,2190,mpf_mfs_open_H,2,OPEN_LOCK,DynREGetSchfno(nFnoidx[1]),,,"{""UNREACHABLE"": 1}",,,{},False,
both_unresolved,mfs_file,/home/chukyu/t-dyn/src/dyn730/dyn730AdvOptDlg.c,2198,mpf_mfs_readrecn,1,READREC,&fcbSch,,,"{""UNREACHABLE"": 1}",,,{},False,
both_unresolved,mfs_file,/home/chukyu/t-dyn/src/dyn730/dyn730AdvOptDlg.c,2253,mpf_mfs_open_H,2,OPEN_LOCK,DynREGetSchKKfno(nFnoidxKK[0]),,,"{""UNREACHABLE"": 1}",,,{},False,
both_unresolved,mfs_file,/home/chukyu/t-dyn/src/dyn730/dyn730AdvOptDlg.c,2259,mpf_mfs_readrecn,1,READREC,&fcbSch,,,"{""UNREACHABLE"": 1}",,,{},False,
both_unresolved,mfs_file,/home/chukyu/t-dyn/src/dyn730/dyn730AdvOptDlg.c,2261,mpf_mfs_open_H,2,OPEN_LOCK,DynREGetSchKKLCfno(nFnoidxKK[0]),,,"{""UNREACHABLE"": 1}",,,{},False,
both_unresolved,mfs_file,/home/chukyu/t-dyn/src/dyn730/dyn730AdvOptDlg.c,2267,mpf_mfs_readrecn,1,READREC,&fcbSch,,,"{""UNREACHABLE"": 1}",,,{},False,
both_unresolved,mfs_file,/home/chukyu/t-dyn/src/dyn730/dyn730AdvOptDlg.c,2272,mpf_mfs_open_H,2,OPEN_LOCK,DynREGetSchKKfno(nFnoidxKK[1]),,,"{""UNREACHABLE"": 1}",,,{},False,
both_unresolved,mfs_file,/home/chukyu/t-dyn/src/dyn730/dyn730AdvOptDlg.c,2278,mpf_mfs_readrecn,1,READREC,&fcbSch,,,"{""UNREACHABLE"": 1}",,,{},False,
both_unresolved,mfs_file,/home/chukyu/t-dyn/src/dyn730/dyn730AdvOptDlg.c,2280,mpf_mfs_open_H,2,OPEN_LOCK,DynREGetSchKKLCfno(nFnoidxKK[1]),,,"{""UNREACHABLE"": 1}",,,{},False,
both_unresolved,mfs_file,/home/chukyu/t-dyn/src/dyn730/dyn730AdvOptDlg.c,2286,mpf_mfs_readrecn,1,READREC,&fcbSch,,,"{""UNREACHABLE"": 1}",,,{},False,
both_unresolved,mfs_file,/home/chukyu/t-dyn/src/dyn730/dyn730Draw.c,1831,mpf_mfs_open_H,2,OPEN_LOCK,DynREGetPfmfno(nFnoidx),,,"{""UNREACHABLE"": 1}",,,{},False,
both_unresolved,mfs_file,/home/chukyu/t-dyn/src/dyn730/dyn730Draw.c,1834,mpf_mfs_readrecm,1,READREC,&SFcbReHESPfmKbt,,,"{""UNREACHABLE"": 1}",,,{},False,
both_unresolved,mfs_file,/home/chukyu/t-dyn/src/dyn730/dyn730Draw.c,2107,mpf_mfs_open_H,2,OPEN_LOCK,DynREGetPfmfno(nFnoidx),,,"{""UNREACHABLE"": 1}",,,{},False,
both_unresolved,mfs_file,/home/chukyu/t-dyn/src/dyn730/dyn730Draw.c,2110,mpf_mfs_readrecm,1,READREC,&SFcbReHESPfmKbt,,,"{""UNREACHABLE"": 1}",,,{},False,
both_unresolved,mfs_file,/home/chukyu/t-dyn/src/dyn730/dyn730Init.c,478,mpf_mfs_open_H,2,OPEN_LOCK,DynReGrpSetFNO,,,"{""UNREACHABLE"": 1}",,,{},False,
both_unresolved,mfs_file,/home/chukyu/t-dyn/src/dyn730/dyn730Init.c,487,mpf_mfs_readrecn,1,READREC,&SFcbGroupSet,,,"{""UNREACHABLE"": 1}",,,{},False,
both_unresolved,mfs_file,/home/chukyu/t-dyn/src/dyn730/dyn730Init.c,515,mpf_mfs_open_H,2,OPEN_LOCK,DynReCtlStaFNO,,,"{""UNREACHABLE"": 1}",,,{},False,
both_unresolved,mfs_file,/home/chukyu/t-dyn/src/dyn730/dyn730Init.c,518,mpf_mfs_readrecn,1,READREC,&SFcbCtlSta,,,"{""UNREACHABLE"": 1}",,,{},False,
both_unresolved,mfs_file,/home/chukyu/t-dyn/src/dyn730/dyn730Init.c,532,mpf_mfs_open_H,2,OPEN_LOCK,DynRePfmSetFNO,,,"{""UNREACHABLE"": 1}",,,{},False,
both_unresolved,mfs_file,/home/chukyu/t-dyn/src/dyn730/dyn730Init.c,535,mpf_mfs_readrecn,1,READREC,&SFcbRePfmSet,,,"{""UNREACHABLE"": 1}",,,{},False,
both_unresolved,mfs_file,/home/chukyu/t-dyn/src/dyn730/dyn730Init.c,550,mpf_mfs_open_H,2,OPEN_LOCK,DynReHESPfmSetFNO,,,"{""UNREACHABLE"": 1}",,,{},False,
both_unresolved,mfs_file,/home/chukyu/t-dyn/src/dyn730/dyn730Init.c,553,mpf_mfs_readrecn,1,READREC,&SFcbReHESPfmSet,,,"{""UNREACHABLE"": 1}",,,{},False,
both_unresolved,mfs_file,/home/chukyu/t-dyn/src/dyn730/dyn730Init.c,573,mpf_mfs_open_H,2,OPEN_LOCK,DynRePfmStaFNO,,,"{""UNREACHABLE"": 1}",,,{},False,
both_unresolved,mfs_file,/home/chukyu/t-dyn/src/dyn730/dyn730Init.c,576,mpf_mfs_readrecn,1,READREC,&SFcbRePfmSta,,,"{""UNREACHABLE"": 1}",,,{},False,
both_unresolved,mfs_file,/home/chukyu/t-dyn/src/dyn730/dyn730Init.c,590,mpf_mfs_open_H,2,OPEN_LOCK,DynRePfmCtlFNO,,,"{""UNREACHABLE"": 1}",,,{},False,
both_unresolved,mfs_file,/home/chukyu/t-dyn/src/dyn730/dyn730Init.c,593,mpf_mfs_readrecn,1,READREC,&SFcbRePfmCtl,,,"{""UNREACHABLE"": 1}",,,{},False,
both_unresolved,mfs_file,/home/chukyu/t-dyn/src/dyn730/dyn730Init.c,625,mpf_mfs_open_H,2,OPEN_LOCK,DynReHESPfmStaFNO,,,"{""UNREACHABLE"": 1}",,,{},False,
both_unresolved,mfs_file,/home/chukyu/t-dyn/src/dyn730/dyn730Init.c,628,mpf_mfs_readrecn,1,READREC,&SFcbReHESPfmSta,,,"{""UNREACHABLE"": 1}",,,{},False,
both_unresolved,mfs_file,/home/chukyu/t-dyn/src/dyn730/dyn730Init.c,651,mpf_mfs_open_H,2,OPEN_LOCK,DynReOutKanStaFNO,,,"{""UNREACHABLE"": 1}",,,{},False,
both_unresolved,mfs_file,/home/chukyu/t-dyn/src/dyn730/dyn730Init.c,654,mpf_mfs_readrecn,1,READREC,&SFcbReOutKanSta,,,"{""UNREACHABLE"": 1}",,,{},False,
both_unresolved,mfs_file,/home/chukyu/t-dyn/src/dyn730/dyn730Init.c,711,mpf_mfs_open_H,2,OPEN_LOCK,DynReKansiStaFNO,,,"{""UNREACHABLE"": 1}",,,{},False,
both_unresolved,mfs_file,/home/chukyu/t-dyn/src/dyn730/dyn730Init.c,714,mpf_mfs_readrecn,1,READREC,&SFcbReKansiSta,,,"{""UNREACHABLE"": 1}",,,{},False,
both_unresolved,mfs_file,/home/chukyu/t-dyn/src/dyn730/dyn730Init.c,728,mpf_mfs_open_H,2,OPEN_LOCK,DynReOutKanSetFNO,,,"{""UNREACHABLE"": 1}",,,{},False,
both_unresolved,mfs_file,/home/chukyu/t-dyn/src/dyn730/dyn730Init.c,731,mpf_mfs_readrecn,1,READREC,&SFcbReOutKanSet,,,"{""UNREACHABLE"": 1}",,,{},False,
both_unresolved,mfs_file,/home/chukyu/t-dyn/src/dyn730/dyn730Init.c,749,mpf_mfs_readrecn,1,READREC,&SFcbReEmeStaInd,,,"{""UNREACHABLE"": 1}",,,{},False,
both_unresolved,mfs_file,/home/chukyu/t-dyn/src/dyn730/dyn730Init.c,766,mpf_mfs_readrecn,1,READREC,&SFcbDifStatus,,,"{""UNREACHABLE"": 1}",,,{},False,
both_unresolved,mfs_file,/home/chukyu/t-dyn/src/dyn730/dyn730Init.c,784,mpf_mfs_readrecn,1,READREC,&SFcbAdvCtlStaCmn,,,"{""UNREACHABLE"": 1}",,,{},False,
both_unresolved,mfs_file,/home/chukyu/t-dyn/src/dyn730/dyn730Init.c,798,mpf_mfs_open_H,2,OPEN_LOCK,DynAdvCtlStaIndFNO,,,"{""UNREACHABLE"": 1}",,,{},False,
both_unresolved,mfs_file,/home/chukyu/t-dyn/src/dyn730/dyn730Init.c,801,mpf_mfs_readrecn,1,READREC,&SFcbAdvCtlStaInd,,,"{""UNREACHABLE"": 1}",,,{},False,
both_unresolved,mfs_file,/home/chukyu/t-dyn/src/dyn730/dyn730Init.c,883,mpf_mfs_readrecm,1,READREC,&SFcbTaiko,,,"{""UNREACHABLE"": 1}",,,{},False,
both_unresolved,mfs_file,/home/chukyu/t-dyn/src/dyn730/dyn730Init.c,898,mpf_mfs_open_H,2,OPEN_LOCK,DynReITCInfFNO,,,"{""UNREACHABLE"": 1}",,,{},False,
both_unresolved,mfs_file,/home/chukyu/t-dyn/src/dyn730/dyn730Init.c,899,mpf_mfs_readrecn,1,READREC,&SFcbITCInf,,,"{""UNREACHABLE"": 1}",,,{},False,
both_unresolved,mfs_file,/home/chukyu/t-dyn/src/dyn730/dyn730Init.c,912,mpf_mfs_readrecn,1,READREC,&SFcbItcSSDef,,,"{""UNREACHABLE"": 1}",,,{},False,
both_unresolved,mfs_file,/home/chukyu/t-dyn/src/dyn730/dyn730Init.c,926,mpf_mfs_readrecm,1,READREC,&SFcbGrpIdx,,,"{""UNREACHABLE"": 1}",,,{},False,
both_unresolved,mfs_file,/home/chukyu/t-dyn/src/dyn730/dyn730Init.c,940,mpf_mfs_readrecn,1,READREC,&SFcbAdvCtlKanInd,,,"{""UNREACHABLE"": 1}",,,{},False,
both_unresolved,mfs_file,/home/chukyu/t-dyn/src/dyn730/dyn730Init.c,953,mpf_mfs_readrecm,1,READREC,&fcb,,,"{""UNREACHABLE"": 1}",,,{},False,
both_unresolved,mfs_file,/home/chukyu/t-dyn/src/dyn730/dyn730Init.c,958,mpf_mfs_readrecn,1,READREC,&fcb,,,"{""UNREACHABLE"": 1}",,,{},False,
both_unresolved,mfs_file,/home/chukyu/t-dyn/src/dyn730/dyn730Init.c,969,mpf_mfs_readrecm,1,READREC,&fcb,,,"{""UNREACHABLE"": 1}",,,{},False,
both_unresolved,mfs_file,/home/chukyu/t-dyn/src/dyn730/dyn730Init.c,974,mpf_mfs_readrecn,1,READREC,&fcb,,,"{""UNREACHABLE"": 1}",,,{},False,
both_unresolved,mfs_file,/home/chukyu/t-dyn/src/dyn730/dyn730Init.c,990,mpf_mfs_readrecn,1,READREC,&fcb,,,"{""UNREACHABLE"": 1}",,,{},False,
both_unresolved,mfs_file,/home/chukyu/t-dyn/src/dyn730/dyn730Init.c,1112,mpf_mfs_open_H,2,OPEN_LOCK,DynREGetSchfno(nFnoidx),,,"{""UNREACHABLE"": 1}",,,{},False,
both_unresolved,mfs_file,/home/chukyu/t-dyn/src/dyn730/dyn730Init.c,1115,mpf_mfs_readrecm,1,READREC,&SFcbSchSet,,,"{""UNREACHABLE"": 1}",,,{},False,
both_unresolved,mfs_file,/home/chukyu/t-dyn/src/dyn730/dyn730Init.c,1147,mpf_mfs_open_H,2,OPEN_LOCK,DynREGetSchKKfno(nFnoidxKK),,,"{""UNREACHABLE"": 1}",,,{},False,
both_unresolved,mfs_file,/home/chukyu/t-dyn/src/dyn730/dyn730Init.c,1149,mpf_mfs_readrecm,1,READREC,&SFcbSchSet,,,"{""UNREACHABLE"": 1}",,,{},False,
both_unresolved,mfs_file,/home/chukyu/t-dyn/src/dyn730/dyn730Init.c,1153,mpf_mfs_open_H,2,OPEN_LOCK,DynREGetSchKKLCfno(nFnoidxKK),,,"{""UNREACHABLE"": 1}",,,{},False,
both_unresolved,mfs_file,/home/chukyu/t-dyn/src/dyn730/dyn730Init.c,1155,mpf_mfs_readrecm,1,READREC,&SFcbSchSet,,,"{""UNREACHABLE"": 1}",,,{},False,
both_unresolved,mfs_file,/home/chukyu/t-dyn/src/dyn730/dyn730Init.c,1215,mpf_mfs_open_H,2,OPEN_LOCK,DynREGetSchfno(nFnoidxNext),,,"{""UNREACHABLE"": 1}",,,{},False,
both_unresolved,mfs_file,/home/chukyu/t-dyn/src/dyn730/dyn730Init.c,1218,mpf_mfs_readrecm,1,READREC,&SFcbSchSet,,,"{""UNREACHABLE"": 1}",,,{},False,
both_unresolved,mfs_file,/home/chukyu/t-dyn/src/dyn730/dyn730Init.c,1230,mpf_mfs_open_H,2,OPEN_LOCK,DynREGetSchKKfno(nFnoidxNextKK),,,"{""UNREACHABLE"": 1}",,,{},False,
both_unresolved,mfs_file,/home/chukyu/t-dyn/src/dyn730/dyn730Init.c,1232,mpf_mfs_readrecm,1,READREC,&SFcbSchSet,,,"{""UNREACHABLE"": 1}",,,{},False,
both_unresolved,mfs_file,/home/chukyu/t-dyn/src/dyn730/dyn730Init.c,1236,mpf_mfs_open_H,2,OPEN_LOCK,DynREGetSchKKLCfno(nFnoidxNextKK),,,"{""UNREACHABLE"": 1}",,,{},False,
both_unresolved,mfs_file,/home/chukyu/t-dyn/src/dyn730/dyn730Init.c,1238,mpf_mfs_readrecm,1,READREC,&SFcbSchSet,,,"{""UNREACHABLE"": 1}",,,{},False,
both_unresolved,mfs_file,/home/chukyu/t-dyn/src/dyn730/dyn730Init.c,1560,mpf_mfs_open_H,2,OPEN_LOCK,DynREGetPfmfno(p_nFnoidx),,,"{""UNREACHABLE"": 1}",,,{},False,
both_unresolved,mfs_file,/home/chukyu/t-dyn/src/dyn730/dyn730Init.c,1563,mpf_mfs_readrecm,1,READREC,&SFcbReHESPfmKbt,,,"{""UNREACHABLE"": 1}",,,{},False,
both_unresolved,mfs_file,/home/chukyu/t-dyn/src/dyn731/dyn731Init.c,212,mpf_mfs_open_H,2,OPEN_LOCK,DynReCtlStaFNO,,,"{""UNREACHABLE"": 1}",,,{},False,
both_unresolved,mfs_file,/home/chukyu/t-dyn/src/dyn731/dyn731Init.c,218,mpf_mfs_readrecn,1,READREC,&fcb,,,"{""UNREACHABLE"": 1}",,,{},False,
both_unresolved,mfs_file,/home/chukyu/t-dyn/src/dyn731/dyn731Init.c,233,mpf_mfs_open_H,2,OPEN_LOCK,DynAdvCtlStaIndFNO,,,"{""UNREACHABLE"": 1}",,,{},False,
both_unresolved,mfs_file,/home/chukyu/t-dyn/src/dyn731/dyn731Init.c,239,mpf_mfs_readrecn,1,READREC,&fcb,,,"{""UNREACHABLE"": 1}",,,{},False,
both_unresolved,mfs_file,/home/chukyu/t-dyn/src/dyn731/dyn731Init.c,254,mpf_mfs_open_H,2,OPEN_LOCK,DynRePfmCtlFNO,,,"{""UNREACHABLE"": 1}",,,{},False,
both_unresolved,mfs_file,/home/chukyu/t-dyn/src/dyn731/dyn731Init.c,260,mpf_mfs_readrecn,1,READREC,&fcb,,,"{""UNREACHABLE"": 1}",,,{},False,
both_unresolved,mfs_file,/home/chukyu/t-dyn/src/dyn731/dyn731Init.c,281,mpf_mfs_readrecn,1,READREC,&fcb,,,"{""UNREACHABLE"": 1}",,,{},False,
both_unresolved,mfs_file,/home/chukyu/t-dyn/src/dyn731/dyn731Init.c,302,mpf_mfs_readrecn,1,READREC,&fcb,,,"{""UNREACHABLE"": 1}",,,{},False,
both_unresolved,mfs_file,/home/chukyu/t-dyn/src/dyn731/dyn731Init.c,315,mpf_mfs_open_H,2,OPEN_LOCK,DynReGrpSetFNO,,,"{""UNREACHABLE"": 1}",,,{},False,
both_unresolved,mfs_file,/home/chukyu/t-dyn/src/dyn731/dyn731Init.c,323,mpf_mfs_readrecn,1,READREC,&fcb,,,"{""UNREACHABLE"": 1}",,,{},False,
both_unresolved,mfs_file,/home/chukyu/t-dyn/src/dyn731/dyn731Init.c,337,mpf_mfs_open_H,2,OPEN_LOCK,DynRePfmStaFNO,,,"{""UNREACHABLE"": 1}",,,{},False,
both_unresolved,mfs_file,/home/chukyu/t-dyn/src/dyn731/dyn731Init.c,343,mpf_mfs_readrecm,1,READREC,&fcb,,,"{""UNREACHABLE"": 1}",,,{},False,
both_unresolved,mfs_file,/home/chukyu/t-dyn/src/dyn731/dyn731Init.c,354,mpf_mfs_open_H,2,OPEN_LOCK,DynRePfmSetFNO,,,"{""UNREACHABLE"": 1}",,,{},False,
both_unresolved,mfs_file,/home/chukyu/t-dyn/src/dyn731/dyn731Init.c,360,mpf_mfs_readrecn,1,READREC,&fcb,,,"{""UNREACHABLE"": 1}",,,{},False,
both_unresolved,mfs_file,/home/chukyu/t-dyn/src/dyn731/dyn731Init.c,380,mpf_mfs_readrecm,1,READREC,&fcb,,,"{""UNREACHABLE"": 1}",,,{},False,
both_unresolved,mfs_file,/home/chukyu/t-dyn/src/dyn731/dyn731Init.c,398,mpf_mfs_readrecm,1,READREC,&fcb,,,"{""UNREACHABLE"": 1}",,,{},False,
both_unresolved,mfs_file,/home/chukyu/t-dyn/src/dyn731/dyn731Init.c,414,mpf_mfs_readrecm,1,READREC,&fcb,,,"{""UNREACHABLE"": 1}",,,{},False,
both_unresolved,mfs_file,/home/chukyu/t-dyn/src/dyn731/dyn731Init.c,432,mpf_mfs_readrecm,1,READREC,&fcb,,,"{""UNREACHABLE"": 1}",,,{},False,
both_unresolved,mfs_file,/home/chukyu/t-dyn/src/dyn732/dyn732Init.c,167,mpf_mfs_open_H,2,OPEN_LOCK,DynReCtlStaFNO,,,"{""UNREACHABLE"": 1}",,,{},False,
both_unresolved,mfs_file,/home/chukyu/t-dyn/src/dyn732/dyn732Init.c,173,mpf_mfs_readrecn,1,READREC,&fcb,,,"{""UNREACHABLE"": 1}",,,{},False,
both_unresolved,mfs_file,/home/chukyu/t-dyn/src/dyn732/dyn732Init.c,188,mpf_mfs_open_H,2,OPEN_LOCK,DynAdvCtlStaIndFNO,,,"{""UNREACHABLE"": 1}",,,{},False,
both_unresolved,mfs_file,/home/chukyu/t-dyn/src/dyn732/dyn732Init.c,194,mpf_mfs_readrecn,1,READREC,&fcb,,,"{""UNREACHABLE"": 1}",,,{},False,
both_unresolved,mfs_file,/home/chukyu/t-dyn/src/dyn732/dyn732Init.c,209,mpf_mfs_open_H,2,OPEN_LOCK,DynRePfmCtlFNO,,,"{""UNREACHABLE"": 1}",,,{},False,
both_unresolved,mfs_file,/home/chukyu/t-dyn/src/dyn732/dyn732Init.c,215,mpf_mfs_readrecn,1,READREC,&fcb,,,"{""UNREACHABLE"": 1}",,,{},False,
both_unresolved,mfs_file,/home/chukyu/t-dyn/src/dyn732/dyn732Init.c,236,mpf_mfs_readrecn,1,READREC,&fcb,,,"{""UNREACHABLE"": 1}",,,{},False,
both_unresolved,mfs_file,/home/chukyu/t-dyn/src/dyn732/dyn732Init.c,257,mpf_mfs_readrecn,1,READREC,&fcb,,,"{""UNREACHABLE"": 1}",,,{},False,
both_unresolved,mfs_file,/home/chukyu/t-dyn/src/dyn732/dyn732Init.c,270,mpf_mfs_open_H,2,OPEN_LOCK,DynReGrpSetFNO,,,"{""UNREACHABLE"": 1}",,,{},False,
both_unresolved,mfs_file,/home/chukyu/t-dyn/src/dyn732/dyn732Init.c,278,mpf_mfs_readrecn,1,READREC,&fcb,,,"{""UNREACHABLE"": 1}",,,{},False,
both_unresolved,mfs_file,/home/chukyu/t-dyn/src/dyn732/dyn732Init.c,292,mpf_mfs_open_H,2,OPEN_LOCK,DynRePfmStaFNO,,,"{""UNREACHABLE"": 1}",,,{},False,
both_unresolved,mfs_file,/home/chukyu/t-dyn/src/dyn732/dyn732Init.c,298,mpf_mfs_readrecm,1,READREC,&fcb,,,"{""UNREACHABLE"": 1}",,,{},False,
both_unresolved,mfs_file,/home/chukyu/t-dyn/src/dyn732/dyn732Init.c,309,mpf_mfs_open_H,2,OPEN_LOCK,DynRePfmSetFNO,,,"{""UNREACHABLE"": 1}",,,{},False,
both_unresolved,mfs_file,/home/chukyu/t-dyn/src/dyn732/dyn732Init.c,315,mpf_mfs_readrecn,1,READREC,&fcb,,,"{""UNREACHABLE"": 1}",,,{},False,
both_unresolved,mfs_file,/home/chukyu/t-dyn/src/dyn732/dyn732Init.c,336,mpf_mfs_readrecn,1,READREC,&fcb,,,"{""UNREACHABLE"": 1}",,,{},False,
both_unresolved,mfs_file,/home/chukyu/t-dyn/src/dyn732/dyn732Init.c,356,mpf_mfs_readrecm,1,READREC,&fcb,,,"{""UNREACHABLE"": 1}",,,{},False,
both_unresolved,mfs_file,/home/chukyu/t-dyn/src/dyn732/dyn732Init.c,374,mpf_mfs_readrecm,1,READREC,&fcb,,,"{""UNREACHABLE"": 1}",,,{},False,
both_unresolved,mfs_file,/home/chukyu/t-dyn/src/dyn732/dyn732Init.c,391,mpf_mfs_readrecm,1,READREC,&fcb,,,"{""UNREACHABLE"": 1}",,,{},False,
both_unresolved,mfs_file,/home/chukyu/t-dyn/src/dyn740/dyn740Init.c,169,mpf_mfs_open_H,2,OPEN_LOCK,DynReGrpSetFNO,,,"{""UNREACHABLE"": 1}",,,{},False,
both_unresolved,mfs_file,/home/chukyu/t-dyn/src/dyn740/dyn740Init.c,174,mpf_mfs_readrecn,1,READREC,&fcb,,,"{""UNREACHABLE"": 1}",,,{},False,
both_unresolved,mfs_file,/home/chukyu/t-dyn/src/dyn740/dyn740Init.c,194,mpf_mfs_open_H,2,OPEN_LOCK,DynRePfmStaFNO,,,"{""UNREACHABLE"": 1}",,,{},False,
both_unresolved,mfs_file,/home/chukyu/t-dyn/src/dyn740/dyn740Init.c,200,mpf_mfs_readrecm,1,READREC,&fcb,,,"{""UNREACHABLE"": 1}",,,{},False,
both_unresolved,mfs_file,/home/chukyu/t-dyn/src/dyn740/dyn740Init.c,211,mpf_mfs_open_H,2,OPEN_LOCK,DynRePfmSetFNO,,,"{""UNREACHABLE"": 1}",,,{},False,
both_unresolved,mfs_file,/home/chukyu/t-dyn/src/dyn740/dyn740Init.c,217,mpf_mfs_readrecn,1,READREC,&fcb,,,"{""UNREACHABLE"": 1}",,,{},False,
both_unresolved,mfs_file,/home/chukyu/t-dyn/src/dyn740/dyn740Init.c,240,mpf_mfs_readrecn,1,READREC,&fcb,,,"{""UNREACHABLE"": 1}",,,{},False,
both_unresolved,mfs_file,/home/chukyu/t-dyn/src/dyn740/dyn740Init.c,257,mpf_mfs_readrecm,1,READREC,&fcb,,,"{""UNREACHABLE"": 1}",,,{},False,
both_unresolved,mfs_file,/home/chukyu/t-dyn/src/dyn740/dyn740Init.c,271,mpf_mfs_readrecm,1,READREC,&fcb,,,"{""UNREACHABLE"": 1}",,,{},False,
both_unresolved,mfs_file,/home/chukyu/t-dyn/src/dyn750/dyn750Init.c,158,mpf_mfs_open_H,2,OPEN_LOCK,DynReHESSndHisFNO,,,"{""UNREACHABLE"": 1}",,,{},False,
both_unresolved,mfs_file,/home/chukyu/t-dyn/src/dyn750/dyn750Init.c,161,mpf_mfs_readrecn,1,READREC,&fcb,,,"{""UNREACHABLE"": 1}",,,{},False,
both_unresolved,mfs_file,/home/chukyu/t-dyn/src/dyn750/dyn750Init.c,193,mpf_mfs_readrecm,1,READREC,&fcb,,,"{""UNREACHABLE"": 1}",,,{},False,
both_unresolved,mfs_file,/home/chukyu/t-dyn/src/dyn750/dyn750Init.c,210,mpf_mfs_open_H,2,OPEN_LOCK,DynReSireiInfFNO,,,"{""UNREACHABLE"": 1}",,,{},False,
both_unresolved,mfs_file,/home/chukyu/t-dyn/src/dyn750/dyn750Init.c,218,mpf_mfs_readrecm,1,READREC,&fcb,,,"{""UNREACHABLE"": 1}",,,{},False,
both_unresolved,mfs_file,/home/chukyu/t-dyn/src/dyn750/dyn750Init.c,231,mpf_mfs_readrecm,1,READREC,&fcb,,,"{""UNREACHABLE"": 1}",,,{},False,
both_unresolved,mfs_file,/home/chukyu/t-dyn/src/dyn760/dyn760Init.c,197,mpf_mfs_readrecn,1,READREC,&fcb,,,"{""UNREACHABLE"": 1}",,,{},False,
both_unresolved,mfs_file,/home/chukyu/t-dyn/src/dyn760/dyn760Init.c,208,mpf_mfs_openm_H,2,OPEN_LOCK,DynReTrnDataInfFNO,,,"{""UNREACHABLE"": 1}",,,{},False,
both_unresolved,mfs_file,/home/chukyu/t-dyn/src/dyn760/dyn760Init.c,215,mpf_mfs_readrecn,1,READREC,&fcb,,,"{""UNREACHABLE"": 1}",,,{},False,
both_unresolved,mfs_file,/home/chukyu/t-dyn/src/dyn760/dyn760Init.c,226,mpf_mfs_openm_H,2,OPEN_LOCK,DynReTrnMngInfFNO,,,"{""UNREACHABLE"": 1}",,,{},False,
both_unresolved,mfs_file,/home/chukyu/t-dyn/src/dyn760/dyn760Init.c,233,mpf_mfs_readrecn,1,READREC,&fcb,,,"{""UNREACHABLE"": 1}",,,{},False,
both_unresolved,mfs_file,/home/chukyu/t-dyn/src/dyn760/dyn760Init.c,251,mpf_mfs_readrecm,1,READREC,&fcb,,,"{""UNREACHABLE"": 1}",,,{},False,
both_unresolved,mfs_file,/home/chukyu/t-dyn/src/dyn760/dyn760Init.c,269,mpf_mfs_readrecn,1,READREC,&fcb,,,"{""UNREACHABLE"": 1}",,,{},False,
both_unresolved,mfs_file,/home/chukyu/t-dyn/src/dyn760/dyn760Init.c,287,mpf_mfs_readrecn,1,READREC,&fcb,,,"{""UNREACHABLE"": 1}",,,{},False,
both_unresolved,mfs_file,/home/chukyu/t-dyn/src/dyn761/dyn761Init.c,87,mpf_mfs_openm_H,2,OPEN_LOCK,DynReTrnDataInfFNO,,,"{""UNREACHABLE"": 1}",,,{},False,
both_unresolved,mfs_file,/home/chukyu/t-dyn/src/dyn761/dyn761Init.c,94,mpf_mfs_readrecn,1,READREC,&fcb,,,"{""UNREACHABLE"": 1}",,,{},False,
both_unresolved,mfs_file,/home/chukyu/t-dyn/src/dyn761/dyn761Init.c,105,mpf_mfs_openm_H,2,OPEN_LOCK,DynReTrnMngInfFNO,,,"{""UNREACHABLE"": 1}",,,{},False,
both_unresolved,mfs_file,/home/chukyu/t-dyn/src/dyn761/dyn761Init.c,112,mpf_mfs_readrecn,1,READREC,&fcb,,,"{""UNREACHABLE"": 1}",,,{},False,
both_unresolved,mfs_file,/home/chukyu/t-dyn/src/dyn770/dyn770GrpSetCsvDlg.c,475,mpf_mfs_readrecm,1,READREC,&fcb,,,"{""UNREACHABLE"": 1}",,,{},False,
both_unresolved,mfs_file,/home/chukyu/t-dyn/src/dyn770/dyn770HtMntCsvDlg.c,377,mpf_mfs_readrecm,1,READREC,&fcb,,,"{""UNREACHABLE"": 1}",,,{},False,
both_unresolved,mfs_file,/home/chukyu/t-dyn/src/dyn770/dyn770Init.c,168,mpf_mfs_readrecm,1,READREC,&fcb,,,"{""UNREACHABLE"": 1}",,,{},False,
both_unresolved,mfs_file,/home/chukyu/t-dyn/src/dyn770/dyn770Init.c,181,mpf_mfs_open_H,2,OPEN_LOCK,DynReITCInfFNO,,,"{""UNREACHABLE"": 1}",,,{},False,
both_unresolved,mfs_file,/home/chukyu/t-dyn/src/dyn770/dyn770Init.c,186,mpf_mfs_readrecn,1,READREC,&fcb,,,"{""UNREACHABLE"": 1}",,,{},False,
both_unresolved,mfs_file,/home/chukyu/t-dyn/src/dyn770/dyn770Init.c,203,mpf_mfs_readrecn,1,READREC,&fcb,,,"{""UNREACHABLE"": 1}",,,{},False,
both_unresolved,mfs_file,/home/chukyu/t-dyn/src/dyn770/dyn770Init.c,216,mpf_mfs_open_H,2,OPEN_LOCK,DynReGrpSetFNO,,,"{""UNREACHABLE"": 1}",,,{},False,
both_unresolved,mfs_file,/home/chukyu/t-dyn/src/dyn770/dyn770Init.c,221,mpf_mfs_readrecn,1,READREC,&fcb,,,"{""UNREACHABLE"": 1}",,,{},False,
both_unresolved,mfs_file,/home/chukyu/t-dyn/src/dyn770/dyn770Init.c,236,mpf_mfs_readrecm,1,READREC,&fcb,,,"{""UNREACHABLE"": 1}",,,{},False,
both_unresolved,mfs_file,/home/chukyu/t-dyn/src/dyn770/dyn770Init.c,250,mpf_mfs_readrecm,1,READREC,&fcb,,,"{""UNREACHABLE"": 1}",,,{},False,
both_unresolved,mfs_file,/home/chukyu/t-dyn/src/dyn770/dyn770Init.c,261,mpf_mfs_readrecn,1,READREC,&fcb,,,"{""UNREACHABLE"": 1}",,,{},False,
both_unresolved,mfs_file,/home/chukyu/t-dyn/src/dyn770/dyn770Init.c,276,mpf_mfs_open_H,2,OPEN_LOCK,DynReCtlStaFNO,,,"{""UNREACHABLE"": 1}",,,{},False,
both_unresolved,mfs_file,/home/chukyu/t-dyn/src/dyn770/dyn770Init.c,277,mpf_mfs_readrecn,1,READREC,&fcb,,,"{""UNREACHABLE"": 1}",,,{},False,
both_unresolved,mfs_file,/home/chukyu/t-dyn/src/dyn772/dyn772Init.c,148,mpf_mfs_readrecm,1,READREC,&fcb,,,"{""UNREACHABLE"": 1}",,,{},False,
both_unresolved,mfs_file,/home/chukyu/t-dyn/src/dyn772/dyn772Init.c,169,mpf_mfs_readrecn,1,READREC,&fcb,,,"{""UNREACHABLE"": 1}",,,{},False,
both_unresolved,mfs_file,/home/chukyu/t-dyn/src/dyn772/dyn772Init.c,182,mpf_mfs_open_H,2,OPEN_LOCK,DynReGrpSetFNO,,,"{""UNREACHABLE"": 1}",,,{},False,
both_unresolved,mfs_file,/home/chukyu/t-dyn/src/dyn772/dyn772Init.c,191,mpf_mfs_readrecn,1,READREC,&fcb,,,"{""UNREACHABLE"": 1}",,,{},False,
both_unresolved,mfs_file,/home/chukyu/t-dyn/src/dyn772/dyn772Init.c,207,mpf_mfs_open_H,2,OPEN_LOCK,DynREGetSchKKfno(nFnoidxKK),,,"{""UNREACHABLE"": 1}",,,{},False,
both_unresolved,mfs_file,/home/chukyu/t-dyn/src/dyn772/dyn772Init.c,213,mpf_mfs_readrecn,1,READREC,&fcb,,,"{""UNREACHABLE"": 1}",,,{},False,
both_unresolved,mfs_file,/home/chukyu/t-dyn/src/dyn772/dyn772Init.c,229,mpf_mfs_open_H,2,OPEN_LOCK,DynREGetSchKKLCfno(nFnoidxKK),,,"{""UNREACHABLE"": 1}",,,{},False,
both_unresolved,mfs_file,/home/chukyu/t-dyn/src/dyn772/dyn772Init.c,235,mpf_mfs_readrecn,1,READREC,&fcb,,,"{""UNREACHABLE"": 1}",,,{},False,
both_unresolved,mfs_file,/home/chukyu/t-dyn/src/dyn772/dyn772Init.c,252,mpf_mfs_readrecm,1,READREC,&fcb,,,"{""UNREACHABLE"": 1}",,,{},False,
both_unresolved,mfs_file,/home/chukyu/t-dyn/src/dyn772/dyn772Init.c,267,mpf_mfs_readrecn,1,READREC,&fcb,,,"{""UNREACHABLE"": 1}",,,{},False,
both_unresolved,mfs_file,/home/chukyu/t-dyn/src/dyn772/dyn772Init.c,283,mpf_mfs_readrecm,1,READREC,&fcb,,,"{""UNREACHABLE"": 1}",,,{},False,
both_unresolved,mfs_file,/home/chukyu/t-dyn/src/dyn772/dyn772Init.c,298,mpf_mfs_readrecn,1,READREC,&fcb,,,"{""UNREACHABLE"": 1}",,,{},False,
both_unresolved,mfs_file,/home/chukyu/t-dyn/src/dyn772/dyn772Init.c,314,mpf_mfs_readrecn,1,READREC,&fcb,,,"{""UNREACHABLE"": 1}",,,{},False,
both_unresolved,mfs_file,/home/chukyu/t-dyn/src/dyn772/dyn772Init.c,340,mpf_mfs_readrecm,1,READREC,&fcb,,,"{""UNREACHABLE"": 1}",,,{},False,
both_unresolved,mfs_file,/home/chukyu/t-dyn/src/dyn773/dyn773GrpSetCsvDlg.c,316,mpf_mfs_readrecm,1,READREC,&fcb,,,"{""UNREACHABLE"": 1}",,,{},False,
both_unresolved,mfs_file,/home/chukyu/t-dyn/src/dyn773/dyn773HtMntCsvDlg.c,304,mpf_mfs_readrecm,1,READREC,&fcb,,,"{""UNREACHABLE"": 1}",,,{},False,
both_unresolved,mfs_file,/home/chukyu/t-dyn/src/dyn773/dyn773Init.c,141,mpf_mfs_readrecn,1,READREC,&fcb,,,"{""UNREACHABLE"": 1}",,,{},False,
both_unresolved,mfs_file,/home/chukyu/t-dyn/src/dyn773/dyn773Init.c,155,mpf_mfs_open_H,2,OPEN_LOCK,DynReGrpSetFNO,,,"{""UNREACHABLE"": 1}",,,{},False,
both_unresolved,mfs_file,/home/chukyu/t-dyn/src/dyn773/dyn773Init.c,160,mpf_mfs_readrecn,1,READREC,&fcb,,,"{""UNREACHABLE"": 1}",,,{},False,
both_unresolved,mfs_file,/home/chukyu/t-dyn/src/dyn773/dyn773Init.c,175,mpf_mfs_readrecm,1,READREC,&fcb,,,"{""UNREACHABLE"": 1}",,,{},False,
both_unresolved,mfs_file,/home/chukyu/t-dyn/src/dyn773/dyn773Init.c,189,mpf_mfs_readrecm,1,READREC,&fcb,,,"{""UNREACHABLE"": 1}",,,{},False,
both_unresolved,mfs_file,/home/chukyu/t-dyn/src/dyn773/dyn773Init.c,200,mpf_mfs_readrecn,1,READREC,&fcb,,,"{""UNREACHABLE"": 1}",,,{},False,
both_unresolved,mfs_file,/home/chukyu/t-dyn/src/dyn773/dyn773Init.c,216,mpf_mfs_readrecn,1,READREC,&fcb,,,"{""UNREACHABLE"": 1}",,,{},False,
both_unresolved,mfs_file,/home/chukyu/t-dyn/src/dyn780/dyn780AdvOptDlg.c,1683,mpf_mfs_readrecn,1,READREC,&fcbAdvInd,,,"{""UNREACHABLE"": 1}",,,{},False,
both_unresolved,mfs_file,/home/chukyu/t-dyn/src/dyn780/dyn780AdvOptDlg.c,1716,mpf_mfs_writerecn,1,WRITEREC,&fcbAdvInd,,,"{""UNREACHABLE"": 1}",,,{},False,
both_unresolved,mfs_file,/home/chukyu/t-dyn/src/dyn780/dyn780Init.c,271,mpf_mfs_open_H,2,OPEN_LOCK,DynReGrpSetFNO,,,"{""UNREACHABLE"": 1}",,,{},False,
both_unresolved,mfs_file,/home/chukyu/t-dyn/src/dyn780/dyn780Init.c,278,mpf_mfs_readrecn,1,READREC,&fcb,,,"{""UNREACHABLE"": 1}",,,{},False,
both_unresolved,mfs_file,/home/chukyu/t-dyn/src/dyn780/dyn780Init.c,311,mpf_mfs_readrecm,1,READREC,&fcb,,,"{""UNREACHABLE"": 1}",,,{},False,
both_unresolved,mfs_file,/home/chukyu/t-dyn/src/dyn780/dyn780Init.c,343,mpf_mfs_readrecn,1,READREC,&fcb,,,"{""UNREACHABLE"": 1}",,,{},False,
both_unresolved,mfs_file,/home/chukyu/t-dyn/src/dyn780/dyn780Init.c,361,mpf_mfs_readrecm,1,READREC,&fcb,,,"{""UNREACHABLE"": 1}",,,{},False,
both_unresolved,mfs_file,/home/chukyu/t-dyn/src/dyn780/dyn780Init.c,362,mpf_mfs_readrecm,1,READREC,&fcb,,,"{""UNREACHABLE"": 1}",,,{},False,
both_unresolved,mfs_file,/home/chukyu/t-dyn/src/dyn780/dyn780Init.c,385,mpf_mfs_readrecn,1,READREC,&fcb,,,"{""UNREACHABLE"": 1}",,,{},False,
both_unresolved,mfs_file,/home/chukyu/t-dyn/src/dyn780/dyn780Init.c,407,mpf_mfs_readrecm,1,READREC,&fcb,,,"{""UNREACHABLE"": 1}",,,{},False,
both_unresolved,mfs_file,/home/chukyu/t-dyn/src/dyn780/dyn780Init.c,432,mpf_mfs_open_H,2,OPEN_LOCK,DynReITCInfFNO,,,"{""UNREACHABLE"": 1}",,,{},False,
both_unresolved,mfs_file,/home/chukyu/t-dyn/src/dyn780/dyn780Init.c,437,mpf_mfs_readrecn,1,READREC,&fcb,,,"{""UNREACHABLE"": 1}",,,{},False,
both_unresolved,mfs_file,/home/chukyu/t-dyn/src/dyn780/dyn780Init.c,454,mpf_mfs_readrecn,1,READREC,&fcb,,,"{""UNREACHABLE"": 1}",,,{},False,
both_unresolved,mfs_file,/home/chukyu/t-dyn/src/dyn780/dyn780Init.c,473,mpf_mfs_readrecm,1,READREC,&fcb,,,"{""UNREACHABLE"": 1}",,,{},False,
both_unresolved,mfs_file,/home/chukyu/t-dyn/src/dyn780/dyn780Init.c,508,mpf_mfs_open_H,2,OPEN_LOCK,DynRePfmCtlFNO,,,"{""UNREACHABLE"": 1}",,,{},False,
both_unresolved,mfs_file,/home/chukyu/t-dyn/src/dyn780/dyn780Init.c,513,mpf_mfs_readrecm,1,READREC,&fcb,,,"{""UNREACHABLE"": 1}",,,{},False,
both_unresolved,mfs_file,/home/chukyu/t-dyn/src/dyn780/dyn780Init.c,548,mpf_mfs_open_H,2,OPEN_LOCK,DynReCtlStaFNO,,,"{""UNREACHABLE"": 1}",,,{},False,
both_unresolved,mfs_file,/home/chukyu/t-dyn/src/dyn780/dyn780Init.c,553,mpf_mfs_readrecm,1,READREC,&fcb,,,"{""UNREACHABLE"": 1}",,,{},False,
both_unresolved,mfs_file,/home/chukyu/t-dyn/src/dyn780/dyn780Init.c,593,mpf_mfs_readrecm,1,READREC,&fcb,,,"{""UNREACHABLE"": 1}",,,{},False,
both_unresolved,mfs_file,/home/chukyu/t-dyn/src/dyn780/dyn780Init.c,633,mpf_mfs_readrecm,1,READREC,&fcb,,,"{""UNREACHABLE"": 1}",,,{},False,
both_unresolved,mfs_file,/home/chukyu/t-dyn/src/dyn780/dyn780Init.c,673,mpf_mfs_readrecm,1,READREC,&fcb,,,"{""UNREACHABLE"": 1}",,,{},False,
both_unresolved,mfs_file,/home/chukyu/t-dyn/src/dyn790/dyn790Init.c,127,mpf_mfs_open_H,2,OPEN_LOCK,DynReITCInfFNO,,,"{""UNREACHABLE"": 1}",,,{},False,
both_unresolved,mfs_file,/home/chukyu/t-dyn/src/dyn790/dyn790Init.c,132,mpf_mfs_readrecn,1,READREC,&fcb,,,"{""UNREACHABLE"": 1}",,,{},False,
both_unresolved,mfs_file,/home/chukyu/t-dyn/src/dyn790/dyn790Init.c,149,mpf_mfs_readrecn,1,READREC,&fcb,,,"{""UNREACHABLE"": 1}",,,{},False,
both_unresolved,mfs_file,/home/chukyu/t-dyn/src/dyn790/dyn790Init.c,164,mpf_mfs_readrecm,1,READREC,&fcb,,,"{""UNREACHABLE"": 1}",,,{},False,
both_unresolved,mfs_file,/home/chukyu/t-dyn/src/dyn790/dyn790Init.c,175,mpf_mfs_readrecn,1,READREC,&fcb,,,"{""UNREACHABLE"": 1}",,,{},False,
both_unresolved,mfs_file,/home/chukyu/t-dyn/src/dyn790/dyn790Init.c,190,mpf_mfs_open_H,2,OPEN_LOCK,DynRePfmCtlFNO,,,"{""UNREACHABLE"": 1}",,,{},False,
both_unresolved,mfs_file,/home/chukyu/t-dyn/src/dyn790/dyn790Init.c,195,mpf_mfs_readrecn,1,READREC,&fcb,,,"{""UNREACHABLE"": 1}",,,{},False,
both_unresolved,mfs_file,/home/chukyu/t-dyn/src/dyn810d/dyn810dCreateBody.c,242,mpf_mfs_open_H,2,OPEN_LOCK,DynREGetSchfno(nFnoidx),,,"{""UNREACHABLE"": 1}",,,{},False,
both_unresolved,mfs_file,/home/chukyu/t-dyn/src/dyn810d/dyn810dCreateBody.c,242,mpf_mfs_open_H,2,READ,,,,{},DynREGetSchfno(nFnoidx),,"{""UNRESOLVED"": 1}",True,t-dyn/src/dyn810d/dyn810dCreateBody.c:9431 mpf_mfs_open_H arg 2
both_unresolved,mfs_file,/home/chukyu/t-dyn/src/dyn810d/dyn810dCreateBody.c,251,mpf_mfs_open_H,2,OPEN_LOCK,DynREGetPfmfno(nFnoidx),,,"{""UNREACHABLE"": 1}",,,{},False,
both_unresolved,mfs_file,/home/chukyu/t-dyn/src/dyn810d/dyn810dCreateBody.c,251,mpf_mfs_open_H,2,READ,,,,{},DynREGetPfmfno(nFnoidx),,"{""UNRESOLVED"": 1}",True,t-dyn/src/dyn810d/dyn810dCreateBody.c:9825 mpf_mfs_open_H arg 2
both_unresolved,mfs_file,/home/chukyu/t-dyn/src/dyn810d/dyn810dCreateBody.c,269,mpf_mfs_open_H,2,OPEN_LOCK,DynREGetSchKKfno(nFnoidxKK),,,"{""UNREACHABLE"": 1}",,,{},False,
both_unresolved,mfs_file,/home/chukyu/t-dyn/src/dyn810d/dyn810dCreateBody.c,269,mpf_mfs_open_H,2,READ,,,,{},DynREGetSchKKfno(nFnoidxKK),,"{""UNRESOLVED"": 1}",True,t-dyn/src/dyn810d/dyn810dCreateBody.c:10617 mpf_mfs_open_H arg 2
both_unresolved,mfs_file,/home/chukyu/t-dyn/src/dyn810d/dyn810dCreateBody.c,278,mpf_mfs_open_H,2,OPEN_LOCK,DynREGetSchKKLCfno(nFnoidxKK),,,"{""UNREACHABLE"": 1}",,,{},False,
both_unresolved,mfs_file,/home/chukyu/t-dyn/src/dyn810d/dyn810dCreateBody.c,278,mpf_mfs_open_H,2,READ,,,,{},DynREGetSchKKLCfno(nFnoidxKK),,"{""UNRESOLVED"": 1}",True,t-dyn/src/dyn810d/dyn810dCreateBody.c:11052 mpf_mfs_open_H arg 2
both_unresolved,mfs_file,/home/chukyu/t-dyn/src/dyn810d/dyn810dCreateBody.c,294,mpf_mfs_readrecn,1,READREC,&fcb2,,,"{""EXTERNAL"": 1}",&fcb2,,"{""UNRESOLVED"": 1}",True,t-dyn/src/dyn810d/dyn810dCreateBody.c:9825 mpf_mfs_open_H arg 2 > t-dyn/src/dyn810d/dyn810dCreateBody.c:11703 mpf_mfs_readrecn handle 1
both_unresolved,mfs_file,/home/chukyu/t-dyn/src/dyn810d/dyn810dCreateBody.c,297,mpf_mfs_readrecm,1,READREC,&fcb,,,"{""UNREACHABLE"": 1}",&fcb,,"{""OK_CONST"": 1}",True,t-dyn/src/dyn810d/dyn810dCreateBody.c:11908 mpf_mfs_readrecm handle 1
both_unresolved,mfs_file,/home/chukyu/t-dyn/src/dyn810d/dyn810dCreateBody.c,301,mpf_mfs_readrecm,1,READREC,&fcb3,,,"{""UNREACHABLE"": 1}",&fcb3,,"{""OK_CONST"": 1}",True,t-dyn/src/dyn810d/dyn810dCreateBody.c:12085 mpf_mfs_readrecm handle 1
both_unresolved,mfs_file,/home/chukyu/t-dyn/src/dyn810d/dyn810dCreateBody.c,302,mpf_mfs_readrecm,1,READREC,&fcb4,,,"{""UNREACHABLE"": 1}",&fcb4,,"{""UNRESOLVED"": 1}",True,t-dyn/src/dyn810d/dyn810dCreateBody.c:11052 mpf_mfs_open_H arg 2 > t-dyn/src/dyn810d/dyn810dCreateBody.c:12181 mpf_mfs_readrecm handle 1
legacy_resolved_only,mfs_file,/home/chukyu/t-dyn/src/dyn810d/dyn810dMain.c,220,mpf_mfs_readrecm,1,READREC,&fcb,,,"{""UNREACHABLE"": 1}",&fcb; DynReGrpIdxFNO,3916,"{""ALREADY_PRESENT"": 1, ""OK_CONST"": 1}",True,t-dyn/src/dyn810d/dyn810dMain.c:8154 mpf_mfs_open_H arg 2 > t-dyn/src/dyn810d/dyn810dMain.c:8344 mpf_mfs_readrecm handle 1
both_unresolved,mfs_file,/home/chukyu/t-dyn/src/dyn810d/dyn810dMain.c,223,mpf_mfs_open_H,2,OPEN_LOCK,DynReGrpSetFNO,,,"{""UNREACHABLE"": 1}",,,{},False,
both_unresolved,mfs_file,/home/chukyu/t-dyn/src/dyn810d/dyn810dMain.c,223,mpf_mfs_open_H,2,READ,,,,{},DynReGrpSetFNO,,"{""OK_CONST"": 1}",True,t-dyn/src/dyn810d/dyn810dMain.c:8454 mpf_mfs_open_H arg 2
cvisualizer_resolved_only,mfs_file,/home/chukyu/t-dyn/src/dyn810d/dyn810dMain.c,231,mpf_mfs_readrecn,1,READREC,&fcb,1023,,"{""EXACT"": 1}",&fcb,,"{""OK_CONST"": 1}",True,t-dyn/src/dyn810d/dyn810dMain.c:8454 mpf_mfs_open_H arg 2 > t-dyn/src/dyn810d/dyn810dMain.c:8683 mpf_mfs_readrecn handle 1
legacy_resolved_only,mfs_file,/home/chukyu/t-dyn/src/dyn810d/dyn810dMain.c,242,mpf_mfs_readrecm,1,READREC,&fcb,,,"{""UNREACHABLE"": 1}",&fcb; DynReCtlMntStaFNO,3986,"{""ALREADY_PRESENT"": 1, ""OK_CONST"": 1}",True,t-dyn/src/dyn810d/dyn810dMain.c:8913 mpf_mfs_open_H arg 2 > t-dyn/src/dyn810d/dyn810dMain.c:9136 mpf_mfs_readrecm handle 1
legacy_resolved_only,mfs_file,/home/chukyu/t-dyn/src/dyn810d/dyn810dMain.c,250,mpf_mfs_readrecn,1,READREC,&fcb,,,"{""EXTERNAL"": 1}",&fcb; DynReCtlMntSetFNO,3987,"{""ALREADY_PRESENT"": 1, ""OK_CONST"": 1}",True,t-dyn/src/dyn810d/dyn810dMain.c:9220 mpf_mfs_open_H arg 2 > t-dyn/src/dyn810d/dyn810dMain.c:9457 mpf_mfs_readrecn handle 1
legacy_resolved_only,mfs_file,/home/chukyu/t-dyn/src/dyn810d/dyn810dMain.c,260,mpf_mfs_readrecm,1,READREC,&fcb,,,"{""UNREACHABLE"": 1}",&fcb; DynReKoteMntStaFNO,3989,"{""ALREADY_PRESENT"": 1, ""OK_CONST"": 1}",True,t-dyn/src/dyn810d/dyn810dMain.c:9632 mpf_mfs_open_H arg 2 > t-dyn/src/dyn810d/dyn810dMain.c:9857 mpf_mfs_readrecm handle 1
legacy_resolved_only,mfs_file,/home/chukyu/t-dyn/src/dyn810d/dyn810dMain.c,270,mpf_mfs_readrecn,1,READREC,&fcb,,,"{""EXTERNAL"": 1}",&fcb; DynReKoteMntSetFNO,3990,"{""ALREADY_PRESENT"": 1, ""OK_CONST"": 1}",True,t-dyn/src/dyn810d/dyn810dMain.c:9942 mpf_mfs_open_H arg 2 > t-dyn/src/dyn810d/dyn810dMain.c:10206 mpf_mfs_readrecn handle 1
disjoint,mfs_file,/home/chukyu/t-dyn/src/dyn810d/dyn810dMain.c,281,mpf_mfs_readrecn,1,READREC,&fcb,1512,,"{""EXACT"": 1}",&fcb; DynReKoTeiHtSetFNO,4013,"{""ALREADY_PRESENT"": 1, ""OK_CONST"": 1}",True,t-dyn/src/dyn810d/dyn810dMain.c:10432 mpf_mfs_open_H arg 2 > t-dyn/src/dyn810d/dyn810dMain.c:10626 mpf_mfs_readrecn handle 1
both_unresolved,mfs_file,/home/chukyu/t-dyn/src/dyn810d/dyn810dMain.c,340,mpf_mfs_open_H,2,OPEN_LOCK,DynReHESStaUpdDFNO,,,"{""UNREACHABLE"": 1}",,,{},False,
both_unresolved,mfs_file,/home/chukyu/t-dyn/src/dyn810d/dyn810dMain.c,340,mpf_mfs_open_H,2,READ,,,,{},DynReHESStaUpdDFNO,,"{""OK_CONST"": 1}",True,t-dyn/src/dyn810d/dyn810dMain.c:13000 mpf_mfs_open_H arg 2
both_unresolved,mfs_file,/home/chukyu/t-dyn/src/dyn810d/dyn810dMain.c,346,mpf_mfs_readrecn,1,READREC,&fcb2,,,"{""EXTERNAL"": 1}",&fcb2,,"{""OK_CONST"": 1}",True,t-dyn/src/dyn810d/dyn810dMain.c:13000 mpf_mfs_open_H arg 2 > t-dyn/src/dyn810d/dyn810dMain.c:13235 mpf_mfs_readrecn handle 1
both_unresolved,mfs_file,/home/chukyu/t-dyn/src/dyn810d/dyn810dMain.c,367,mpf_mfs_writerecn,1,WRITEREC,&fcb2,,,"{""EXTERNAL"": 1}",&fcb2,,"{""OK_CONST"": 1}",True,t-dyn/src/dyn810d/dyn810dMain.c:13000 mpf_mfs_open_H arg 2 > t-dyn/src/dyn810d/dyn810dMain.c:14131 mpf_mfs_writerecn handle 1
both_unresolved,mfs_file,/home/chukyu/t-dyn/src/dyn810d/dyn810dMain.c,377,mpf_mfs_open_H,2,OPEN_LOCK,DynReHESStaUpdDFNO,,,"{""UNREACHABLE"": 1}",,,{},False,
both_unresolved,mfs_file,/home/chukyu/t-dyn/src/dyn810d/dyn810dMain.c,377,mpf_mfs_open_H,2,READ,,,,{},DynReHESStaUpdDFNO,,"{""OK_CONST"": 1}",True,t-dyn/src/dyn810d/dyn810dMain.c:14490 mpf_mfs_open_H arg 2
cvisualizer_resolved_only,mfs_file,/home/chukyu/t-dyn/src/dyn810d/dyn810dMain.c,383,mpf_mfs_readrecn,1,READREC,&fcb2,1081,,"{""EXACT"": 1}",&fcb2,,"{""OK_CONST"": 1}",True,t-dyn/src/dyn810d/dyn810dMain.c:14490 mpf_mfs_open_H arg 2 > t-dyn/src/dyn810d/dyn810dMain.c:14699 mpf_mfs_readrecn handle 1
cvisualizer_resolved_only,mfs_file,/home/chukyu/t-dyn/src/dyn810d/dyn810dMain.c,523,mpf_mfs_writerecn,1,WRITEREC,&fcb2,1081,,"{""EXACT"": 1}",&fcb2,,"{""OK_CONST"": 1}",True,t-dyn/src/dyn810d/dyn810dMain.c:14490 mpf_mfs_open_H arg 2 > t-dyn/src/dyn810d/dyn810dMain.c:19708 mpf_mfs_writerecn handle 1
both_unresolved,mfs_file,/home/chukyu/t-dyn/src/dyn812d/dyn812dCsvSendQ.c,60,mpf_mfs_open_H,2,OPEN_LOCK,DynReTrnDataInfFNO,,,"{""UNREACHABLE"": 1}",,,{},False,
both_unresolved,mfs_file,/home/chukyu/t-dyn/src/dyn812d/dyn812dCsvSendQ.c,75,mpf_mfs_readrecn,1,READREC,&fcb,,,"{""UNREACHABLE"": 1}",,,{},False,
both_unresolved,mfs_file,/home/chukyu/t-dyn/src/dyn812d/dyn812dMain.c,267,mpf_mfs_open_H,2,OPEN_LOCK,DynReSndStaDFSFNO,,,"{""UNREACHABLE"": 1}",,,{},False,
both_unresolved,mfs_file,/home/chukyu/t-dyn/src/dyn812d/dyn812dMain.c,267,mpf_mfs_open_H,2,READ,,,,{},DynReSndStaDFSFNO,,"{""OK_CONST"": 1}",True,t-dyn/src/dyn812d/dyn812dMain.c:10887 mpf_mfs_open_H arg 2
both_unresolved,mfs_file,/home/chukyu/t-dyn/src/dyn812d/dyn812dMain.c,274,mpf_mfs_readrecn,1,READREC,&fcb,,,"{""UNRESOLVED"": 1}",&fcb,,"{""OK_CONST"": 1}",True,t-dyn/src/dyn812d/dyn812dMain.c:10887 mpf_mfs_open_H arg 2 > t-dyn/src/dyn812d/dyn812dMain.c:11115 mpf_mfs_readrecn handle 1
both_unresolved,mfs_file,/home/chukyu/t-dyn/src/dyn812d/dyn812dMain.c,279,mpf_mfs_open_H,2,OPEN_LOCK,DynReHESStaUpdDFNO,,,"{""UNREACHABLE"": 1}",,,{},False,
both_unresolved,mfs_file,/home/chukyu/t-dyn/src/dyn812d/dyn812dMain.c,279,mpf_mfs_open_H,2,READ,,,,{},DynReHESStaUpdDFNO,,"{""OK_CONST"": 1}",True,t-dyn/src/dyn812d/dyn812dMain.c:11328 mpf_mfs_open_H arg 2
cvisualizer_resolved_only,mfs_file,/home/chukyu/t-dyn/src/dyn812d/dyn812dMain.c,285,mpf_mfs_readrecn,1,READREC,&fcb,1081,,"{""EXACT"": 1}",&fcb,,"{""OK_CONST"": 1}",True,t-dyn/src/dyn812d/dyn812dMain.c:11328 mpf_mfs_open_H arg 2 > t-dyn/src/dyn812d/dyn812dMain.c:11538 mpf_mfs_readrecn handle 1
cvisualizer_resolved_only,mfs_file,/home/chukyu/t-dyn/src/dyn812d/dyn812dMain.c,420,mpf_mfs_writerecn,1,WRITEREC,&fcb,1081,,"{""EXACT"": 1}",&fcb,,"{""OK_CONST"": 1}",True,t-dyn/src/dyn812d/dyn812dMain.c:11328 mpf_mfs_open_H arg 2 > t-dyn/src/dyn812d/dyn812dMain.c:16730 mpf_mfs_writerecn handle 1
both_unresolved,mfs_file,/home/chukyu/t-dyn/src/dyn812d/dyn812dMain.c,431,mpf_mfs_open_H,2,OPEN_LOCK,DynReHESStaUpdDFNO,,,"{""UNREACHABLE"": 1}",,,{},False,
both_unresolved,mfs_file,/home/chukyu/t-dyn/src/dyn812d/dyn812dMain.c,431,mpf_mfs_open_H,2,READ,,,,{},DynReHESStaUpdDFNO,,"{""OK_CONST"": 1}",True,t-dyn/src/dyn812d/dyn812dMain.c:17125 mpf_mfs_open_H arg 2
cvisualizer_resolved_only,mfs_file,/home/chukyu/t-dyn/src/dyn812d/dyn812dMain.c,437,mpf_mfs_readrecn,1,READREC,&fcb,1081,,"{""EXACT"": 1}",&fcb,,"{""OK_CONST"": 1}",True,t-dyn/src/dyn812d/dyn812dMain.c:17125 mpf_mfs_open_H arg 2 > t-dyn/src/dyn812d/dyn812dMain.c:17358 mpf_mfs_readrecn handle 1
both_unresolved,mfs_file,/home/chukyu/t-dyn/src/dyn812d/dyn812dMain.c,446,mpf_mfs_open_H,2,OPEN_LOCK,DynReSndStaDFSFNO,,,"{""UNREACHABLE"": 1}",,,{},False,
both_unresolved,mfs_file,/home/chukyu/t-dyn/src/dyn812d/dyn812dMain.c,446,mpf_mfs_open_H,2,READ,,,,{},DynReSndStaDFSFNO,,"{""OK_CONST"": 1}",True,t-dyn/src/dyn812d/dyn812dMain.c:17712 mpf_mfs_open_H arg 2
both_unresolved,mfs_file,/home/chukyu/t-dyn/src/dyn812d/dyn812dMain.c,453,mpf_mfs_readrecn,1,READREC,&fcb,,,"{""UNRESOLVED"": 1}",&fcb,,"{""OK_CONST"": 1}",True,t-dyn/src/dyn812d/dyn812dMain.c:17712 mpf_mfs_open_H arg 2 > t-dyn/src/dyn812d/dyn812dMain.c:17964 mpf_mfs_readrecn handle 1
legacy_resolved_only,mfs_file,/home/chukyu/t-dyn/src/dyn812d/dyn812dSavePfmKbt.c,141,mpf_mfs_readrecm,1,READREC,&fcb,,,"{""UNREACHABLE"": 1}",&fcb; DynReGrpIdxFNO,3916,"{""ALREADY_PRESENT"": 1, ""OK_CONST"": 1}",True,t-dyn/src/dyn812d/dyn812dSavePfmKbt.c:5762 mpf_mfs_open_H arg 2 > t-dyn/src/dyn812d/dyn812dSavePfmKbt.c:5948 mpf_mfs_readrecm handle 1
both_unresolved,mfs_file,/home/chukyu/t-dyn/src/dyn812d/dyn812dSavePfmKbt.c,145,mpf_mfs_open_H,2,OPEN_LOCK,DynReGrpSetFNO,,,"{""UNREACHABLE"": 1}",,,{},False,
both_unresolved,mfs_file,/home/chukyu/t-dyn/src/dyn812d/dyn812dSavePfmKbt.c,145,mpf_mfs_open_H,2,READ,,,,{},DynReGrpSetFNO,,"{""OK_CONST"": 1}",True,t-dyn/src/dyn812d/dyn812dSavePfmKbt.c:6060 mpf_mfs_open_H arg 2
cvisualizer_resolved_only,mfs_file,/home/chukyu/t-dyn/src/dyn812d/dyn812dSavePfmKbt.c,155,mpf_mfs_readrecn,1,READREC,&fcb,1023,,"{""EXACT"": 1}",&fcb,,"{""OK_CONST"": 1}",True,t-dyn/src/dyn812d/dyn812dSavePfmKbt.c:6060 mpf_mfs_open_H arg 2 > t-dyn/src/dyn812d/dyn812dSavePfmKbt.c:6287 mpf_mfs_readrecn handle 1
legacy_resolved_only,mfs_file,/home/chukyu/t-dyn/src/dyn812d/dyn812dSavePfmKbt.c,165,mpf_mfs_readrecm,1,READREC,&fcb,,,"{""UNREACHABLE"": 1}",&fcb; DynReCtlMntStaFNO,3986,"{""ALREADY_PRESENT"": 1, ""OK_CONST"": 1}",True,t-dyn/src/dyn812d/dyn812dSavePfmKbt.c:6521 mpf_mfs_open_H arg 2 > t-dyn/src/dyn812d/dyn812dSavePfmKbt.c:6720 mpf_mfs_readrecm handle 1
legacy_resolved_only,mfs_file,/home/chukyu/t-dyn/src/dyn812d/dyn812dSavePfmKbt.c,172,mpf_mfs_readrecn,1,READREC,&fcb,,,"{""UNRESOLVED"": 1}",&fcb; DynReCtlMntSetFNO,3987,"{""ALREADY_PRESENT"": 1, ""OK_CONST"": 1}",True,t-dyn/src/dyn812d/dyn812dSavePfmKbt.c:6803 mpf_mfs_open_H arg 2 > t-dyn/src/dyn812d/dyn812dSavePfmKbt.c:7018 mpf_mfs_readrecn handle 1
legacy_resolved_only,mfs_file,/home/chukyu/t-dyn/src/dyn812d/dyn812dSavePfmKbt.c,181,mpf_mfs_readrecm,1,READREC,&fcb,,,"{""UNREACHABLE"": 1}",&fcb; DynReKoteMntStaFNO,3989,"{""ALREADY_PRESENT"": 1, ""OK_CONST"": 1}",True,t-dyn/src/dyn812d/dyn812dSavePfmKbt.c:7192 mpf_mfs_open_H arg 2 > t-dyn/src/dyn812d/dyn812dSavePfmKbt.c:7393 mpf_mfs_readrecm handle 1
legacy_resolved_only,mfs_file,/home/chukyu/t-dyn/src/dyn812d/dyn812dSavePfmKbt.c,190,mpf_mfs_readrecn,1,READREC,&fcb,,,"{""UNRESOLVED"": 1}",&fcb; DynReKoteMntSetFNO,3990,"{""ALREADY_PRESENT"": 1, ""OK_CONST"": 1}",True,t-dyn/src/dyn812d/dyn812dSavePfmKbt.c:7477 mpf_mfs_open_H arg 2 > t-dyn/src/dyn812d/dyn812dSavePfmKbt.c:7717 mpf_mfs_readrecn handle 1
disjoint,mfs_file,/home/chukyu/t-dyn/src/dyn812d/dyn812dSavePfmKbt.c,203,mpf_mfs_readrecn,1,READREC,&fcb,1509,,"{""EXACT"": 1}",&fcb; DynReKoTeiHtSetFNO,4013,"{""ALREADY_PRESENT"": 1, ""OK_CONST"": 1}",True,t-dyn/src/dyn812d/dyn812dSavePfmKbt.c:7939 mpf_mfs_open_H arg 2 > t-dyn/src/dyn812d/dyn812dSavePfmKbt.c:8131 mpf_mfs_readrecn handle 1
both_unresolved,mfs_file,/home/chukyu/t-dyn/src/dyn812d/dyn812dSavePfmKbt.c,252,mpf_mfs_open_H,2,OPEN_LOCK,DynREGetSchfno(nFnoidx),,,"{""UNREACHABLE"": 1}",,,{},False,
both_unresolved,mfs_file,/home/chukyu/t-dyn/src/dyn812d/dyn812dSavePfmKbt.c,252,mpf_mfs_open_H,2,READ,,,,{},DynREGetSchfno(nFnoidx),,"{""UNRESOLVED"": 1}",True,t-dyn/src/dyn812d/dyn812dSavePfmKbt.c:9924 mpf_mfs_open_H arg 2
both_unresolved,mfs_file,/home/chukyu/t-dyn/src/dyn812d/dyn812dSavePfmKbt.c,257,mpf_mfs_open_H,2,OPEN_LOCK,DynREGetPfmfno(nFnoidx),,,"{""UNREACHABLE"": 1}",,,{},False,
both_unresolved,mfs_file,/home/chukyu/t-dyn/src/dyn812d/dyn812dSavePfmKbt.c,257,mpf_mfs_open_H,2,READ,,,,{},DynREGetPfmfno(nFnoidx),,"{""UNRESOLVED"": 1}",True,t-dyn/src/dyn812d/dyn812dSavePfmKbt.c:10130 mpf_mfs_open_H arg 2
both_unresolved,mfs_file,/home/chukyu/t-dyn/src/dyn812d/dyn812dSavePfmKbt.c,268,mpf_mfs_readrecn,1,READREC,&fcb,,,"{""EXTERNAL"": 1}",&fcb,,"{""UNRESOLVED"": 1}",True,t-dyn/src/dyn812d/dyn812dSavePfmKbt.c:10130 mpf_mfs_open_H arg 2 > t-dyn/src/dyn812d/dyn812dSavePfmKbt.c:10483 mpf_mfs_readrecn handle 1
both_unresolved,mfs_file,/home/chukyu/t-dyn/src/dyn812d/dyn812dSavePfmKbt.c,283,mpf_mfs_open_H,2,OPEN_LOCK,DynREGetSchKKfno(nFnoidxKK),,,"{""UNREACHABLE"": 1}",,,{},False,
both_unresolved,mfs_file,/home/chukyu/t-dyn/src/dyn812d/dyn812dSavePfmKbt.c,283,mpf_mfs_open_H,2,READ,,,,{},DynREGetSchKKfno(nFnoidxKK),,"{""UNRESOLVED"": 1}",True,t-dyn/src/dyn812d/dyn812dSavePfmKbt.c:11048 mpf_mfs_open_H arg 2
both_unresolved,mfs_file,/home/chukyu/t-dyn/src/dyn812d/dyn812dSavePfmKbt.c,290,mpf_mfs_open_H,2,OPEN_LOCK,DynREGetSchKKLCfno(nFnoidxKK),,,"{""UNREACHABLE"": 1}",,,{},False,
both_unresolved,mfs_file,/home/chukyu/t-dyn/src/dyn812d/dyn812dSavePfmKbt.c,290,mpf_mfs_open_H,2,READ,,,,{},DynREGetSchKKLCfno(nFnoidxKK),,"{""UNRESOLVED"": 1}",True,t-dyn/src/dyn812d/dyn812dSavePfmKbt.c:11330 mpf_mfs_open_H arg 2
both_unresolved,mfs_file,/home/chukyu/t-dyn/src/dyn812d/dyn812dSavePfmKbt.c,303,mpf_mfs_readrecm,1,READREC,&fcb2,,,"{""UNREACHABLE"": 1}",&fcb2,,"{""OK_CONST"": 1}",True,t-dyn/src/dyn812d/dyn812dSavePfmKbt.c:11762 mpf_mfs_readrecm handle 1
both_unresolved,mfs_file,/home/chukyu/t-dyn/src/dyn812d/dyn812dSavePfmKbt.c,308,mpf_mfs_readrecm,1,READREC,&fcbKK,,,"{""UNREACHABLE"": 1}",&fcbKK,,"{""OK_CONST"": 1}",True,t-dyn/src/dyn812d/dyn812dSavePfmKbt.c:12057 mpf_mfs_readrecm handle 1
both_unresolved,mfs_file,/home/chukyu/t-dyn/src/dyn812d/dyn812dSavePfmKbt.c,309,mpf_mfs_readrecm,1,READREC,&fcbKK2,,,"{""UNREACHABLE"": 1}",&fcbKK2,,"{""UNRESOLVED"": 1}",True,t-dyn/src/dyn812d/dyn812dSavePfmKbt.c:11330 mpf_mfs_open_H arg 2 > t-dyn/src/dyn812d/dyn812dSavePfmKbt.c:12143 mpf_mfs_readrecm handle 1
both_unresolved,mfs_file,/home/chukyu/t-dyn/src/dyn812d/dyn812dSavePfmKbt.c,499,mpf_mfs_open_H,2,OPEN_LOCK,DynREGetPfmfno(nFnoidx),,,"{""UNREACHABLE"": 1}",,,{},False,
both_unresolved,mfs_file,/home/chukyu/t-dyn/src/dyn812d/dyn812dSavePfmKbt.c,499,mpf_mfs_open_H,2,READ,,,,{},DynREGetPfmfno(nFnoidx),,"{""UNRESOLVED"": 1}",True,t-dyn/src/dyn812d/dyn812dSavePfmKbt.c:20858 mpf_mfs_open_H arg 2
both_unresolved,mfs_file,/home/chukyu/t-dyn/src/dyn812d/dyn812dSavePfmKbt.c,508,mpf_mfs_readrecm,1,READREC,&fcb,,,"{""UNREACHABLE"": 1}",&fcb,,"{""UNRESOLVED"": 1}",True,t-dyn/src/dyn812d/dyn812dSavePfmKbt.c:20858 mpf_mfs_open_H arg 2 > t-dyn/src/dyn812d/dyn812dSavePfmKbt.c:21173 mpf_mfs_readrecm handle 1
both_unresolved,mfs_file,/home/chukyu/t-dyn/src/dyn812d/dyn812dSavePfmKbt.c,556,mpf_mfs_writerecm,1,WRITEREC,&fcb,,,"{""UNREACHABLE"": 1}",&fcb,,"{""UNRESOLVED"": 1}",True,t-dyn/src/dyn812d/dyn812dSavePfmKbt.c:20858 mpf_mfs_open_H arg 2 > t-dyn/src/dyn812d/dyn812dSavePfmKbt.c:23414 mpf_mfs_writerecm handle 1
legacy_resolved_only,mfs_file,/home/chukyu/t-dyn/src/dyn820d/dyn820dHTTPRequest.c,162,mpf_mfs_readrecm,1,READREC,&fcb,,,"{""UNREACHABLE"": 1}",&fcb; DynReGrpIdxFNO,3916,"{""ALREADY_PRESENT"": 1, ""OK_CONST"": 1}",True,t-dyn/src/dyn820d/dyn820dHTTPRequest.c:6461 mpf_mfs_open_H arg 2 > t-dyn/src/dyn820d/dyn820dHTTPRequest.c:6795 mpf_mfs_readrecm handle 1
legacy_resolved_only,mfs_file,/home/chukyu/t-dyn/src/dyn820d/dyn820dHTTPRequest.c,177,mpf_mfs_readrecm,1,READREC,&fcb,,,"{""UNREACHABLE"": 1}",&fcb; DynReGrpSetCmnFNO,4011,"{""ALREADY_PRESENT"": 1, ""OK_CONST"": 1}",True,t-dyn/src/dyn820d/dyn820dHTTPRequest.c:6956 mpf_mfs_open_H arg 2 > t-dyn/src/dyn820d/dyn820dHTTPRequest.c:7295 mpf_mfs_readrecm handle 1
both_unresolved,mfs_file,/home/chukyu/t-dyn/src/dyn820d/dyn820dHTTPRequest.c,190,mpf_mfs_open_H,2,OPEN_LOCK,DynREGetSchKKfno(nFnoidxKK),,,"{""UNREACHABLE"": 1}",,,{},False,
both_unresolved,mfs_file,/home/chukyu/t-dyn/src/dyn820d/dyn820dHTTPRequest.c,190,mpf_mfs_open_H,2,READ,,,,{},DynREGetSchKKfno(nFnoidxKK),,"{""UNRESOLVED"": 1}",True,t-dyn/src/dyn820d/dyn820dHTTPRequest.c:7658 mpf_mfs_open_H arg 2
both_unresolved,mfs_file,/home/chukyu/t-dyn/src/dyn820d/dyn820dHTTPRequest.c,195,mpf_mfs_readrecn,1,READREC,&fcb,,,"{""EXTERNAL"": 1}",&fcb,,"{""UNRESOLVED"": 1}",True,t-dyn/src/dyn820d/dyn820dHTTPRequest.c:7658 mpf_mfs_open_H arg 2 > t-dyn/src/dyn820d/dyn820dHTTPRequest.c:7876 mpf_mfs_readrecn handle 1
both_unresolved,mfs_file,/home/chukyu/t-dyn/src/dyn820d/dyn820dHTTPRequest.c,197,mpf_mfs_open_H,2,OPEN_LOCK,DynREGetSchKKLCfno(nFnoidxKK),,,"{""UNREACHABLE"": 1}",,,{},False,
both_unresolved,mfs_file,/home/chukyu/t-dyn/src/dyn820d/dyn820dHTTPRequest.c,197,mpf_mfs_open_H,2,READ,,,,{},DynREGetSchKKLCfno(nFnoidxKK),,"{""UNRESOLVED"": 1}",True,t-dyn/src/dyn820d/dyn820dHTTPRequest.c:8004 mpf_mfs_open_H arg 2
both_unresolved,mfs_file,/home/chukyu/t-dyn/src/dyn820d/dyn820dHTTPRequest.c,202,mpf_mfs_readrecn,1,READREC,&fcb,,,"{""EXTERNAL"": 1}",&fcb,,"{""UNRESOLVED"": 1}",True,t-dyn/src/dyn820d/dyn820dHTTPRequest.c:8004 mpf_mfs_open_H arg 2 > t-dyn/src/dyn820d/dyn820dHTTPRequest.c:8224 mpf_mfs_readrecn handle 1
legacy_resolved_only,mfs_file,/home/chukyu/t-dyn/src/dyn820d/dyn820dHTTPRequest.c,213,mpf_mfs_readrecm,1,READREC,&fcb,,,"{""UNREACHABLE"": 1}",&fcb; DynReCtlMntStaFNO,3986,"{""ALREADY_PRESENT"": 1, ""OK_CONST"": 1}",True,t-dyn/src/dyn820d/dyn820dHTTPRequest.c:8424 mpf_mfs_open_H arg 2 > t-dyn/src/dyn820d/dyn820dHTTPRequest.c:8624 mpf_mfs_readrecm handle 1
legacy_resolved_only,mfs_file,/home/chukyu/t-dyn/src/dyn820d/dyn820dHTTPRequest.c,220,mpf_mfs_readrecn,1,READREC,&fcb,,,"{""EXTERNAL"": 1}",&fcb; DynReCtlMntSetFNO,3987,"{""ALREADY_PRESENT"": 1, ""OK_CONST"": 1}",True,t-dyn/src/dyn820d/dyn820dHTTPRequest.c:8709 mpf_mfs_open_H arg 2 > t-dyn/src/dyn820d/dyn820dHTTPRequest.c:8922 mpf_mfs_readrecn handle 1
legacy_resolved_only,mfs_file,/home/chukyu/t-dyn/src/dyn820d/dyn820dHTTPRequest.c,228,mpf_mfs_readrecm,1,READREC,&fcb,,,"{""UNREACHABLE"": 1}",&fcb; DynReKoteMntStaFNO,3989,"{""ALREADY_PRESENT"": 1, ""OK_CONST"": 1}",True,t-dyn/src/dyn820d/dyn820dHTTPRequest.c:9097 mpf_mfs_open_H arg 2 > t-dyn/src/dyn820d/dyn820dHTTPRequest.c:9299 mpf_mfs_readrecm handle 1
legacy_resolved_only,mfs_file,/home/chukyu/t-dyn/src/dyn820d/dyn820dHTTPRequest.c,240,mpf_mfs_readrecn,1,READREC,&fcb,,,"{""EXTERNAL"": 1}",&fcb; DynReKoteMntSetFNO,3990,"{""ALREADY_PRESENT"": 1, ""OK_CONST"": 1}",True,t-dyn/src/dyn820d/dyn820dHTTPRequest.c:9428 mpf_mfs_open_H arg 2 > t-dyn/src/dyn820d/dyn820dHTTPRequest.c:9759 mpf_mfs_readrecn handle 1
legacy_resolved_only,mfs_file,/home/chukyu/t-dyn/src/dyn820d/dyn820dHTTPRequest.c,250,mpf_mfs_readrecn,1,READREC,&fcb,,,"{""EXTERNAL"": 1}",&fcb; DynReKoTeiHtSetFNO,4013,"{""ALREADY_PRESENT"": 1, ""OK_CONST"": 1}",True,t-dyn/src/dyn820d/dyn820dHTTPRequest.c:9993 mpf_mfs_open_H arg 2 > t-dyn/src/dyn820d/dyn820dHTTPRequest.c:10195 mpf_mfs_readrecn handle 1
both_unresolved,mfs_file,/home/chukyu/t-dyn/src/dyn820d/dyn820dHTTPRequest.c,278,mpf_mfs_open_H,2,OPEN_LOCK,DynReGrpSetFNO,,,"{""UNREACHABLE"": 1}",,,{},False,
both_unresolved,mfs_file,/home/chukyu/t-dyn/src/dyn820d/dyn820dHTTPRequest.c,278,mpf_mfs_open_H,2,READ,,,,{},DynReGrpSetFNO,,"{""OK_CONST"": 1}",True,t-dyn/src/dyn820d/dyn820dHTTPRequest.c:11318 mpf_mfs_open_H arg 2
both_unresolved,mfs_file,/home/chukyu/t-dyn/src/dyn820d/dyn820dHTTPRequest.c,299,mpf_mfs_readrecm,1,READREC,&fcb,,,"{""UNREACHABLE"": 1}",&fcb,,"{""OK_CONST"": 1}",True,t-dyn/src/dyn820d/dyn820dHTTPRequest.c:11318 mpf_mfs_open_H arg 2 > t-dyn/src/dyn820d/dyn820dHTTPRequest.c:11917 mpf_mfs_readrecm handle 1
both_unresolved,mfs_file,/home/chukyu/t-dyn/src/dyn820d/dyn820dHTTPRequest.c,328,mpf_mfs_readrecm,1,READREC,&fcb,,,"{""UNREACHABLE"": 1}",&fcb,,"{""OK_CONST"": 1}",True,t-dyn/src/dyn820d/dyn820dHTTPRequest.c:11318 mpf_mfs_open_H arg 2 > t-dyn/src/dyn820d/dyn820dHTTPRequest.c:12889 mpf_mfs_readrecm handle 1
legacy_resolved_only,mfs_file,/home/chukyu/t-dyn/src/dyn831/dyn831UpdatePfm.c,83,mpf_mfs_readrecm,1,READREC,&fcb,,,"{""UNREACHABLE"": 1}",&fcb; DynReGrpIdxFNO,3916,"{""ALREADY_PRESENT"": 1, ""OK_CONST"": 1}",True,t-dyn/src/dyn831/dyn831UpdatePfm.c:3363 mpf_mfs_open_H arg 2 > t-dyn/src/dyn831/dyn831UpdatePfm.c:3652 mpf_mfs_readrecm handle 1
both_unresolved,mfs_file,/home/chukyu/t-dyn/src/dyn831/dyn831UpdatePfm.c,119,mpf_mfs_open_H,2,OPEN_LOCK,DynReHESPfmStaFNO,,,"{""UNREACHABLE"": 1}",,,{},False,
both_unresolved,mfs_file,/home/chukyu/t-dyn/src/dyn831/dyn831UpdatePfm.c,119,mpf_mfs_open_H,2,READ,,,,{},DynReHESPfmStaFNO,,"{""OK_CONST"": 1}",True,t-dyn/src/dyn831/dyn831UpdatePfm.c:4536 mpf_mfs_open_H arg 2
both_unresolved,mfs_file,/home/chukyu/t-dyn/src/dyn831/dyn831UpdatePfm.c,131,mpf_mfs_readrecm,1,READREC,&fcb_sta,,,"{""UNREACHABLE"": 1}",&fcb_sta,,"{""OK_CONST"": 1}",True,t-dyn/src/dyn831/dyn831UpdatePfm.c:4536 mpf_mfs_open_H arg 2 > t-dyn/src/dyn831/dyn831UpdatePfm.c:4915 mpf_mfs_readrecm handle 1
both_unresolved,mfs_file,/home/chukyu/t-dyn/src/dyn831/dyn831UpdatePfm.c,140,mpf_mfs_writerecm,1,WRITEREC,&fcb_sta,,,"{""UNREACHABLE"": 1}",&fcb_sta,,"{""OK_CONST"": 1}",True,t-dyn/src/dyn831/dyn831UpdatePfm.c:4536 mpf_mfs_open_H arg 2 > t-dyn/src/dyn831/dyn831UpdatePfm.c:5160 mpf_mfs_writerecm handle 1
both_unresolved,mfs_file,/home/chukyu/t-dyn/src/dyn831/dyn831UpdatePfm.c,149,mpf_mfs_writerecm,1,WRITEREC,&fcb_sta,,,"{""UNREACHABLE"": 1}",&fcb_sta,,"{""OK_CONST"": 1}",True,t-dyn/src/dyn831/dyn831UpdatePfm.c:4536 mpf_mfs_open_H arg 2 > t-dyn/src/dyn831/dyn831UpdatePfm.c:5473 mpf_mfs_writerecm handle 1
both_unresolved,mfs_file,/home/chukyu/t-dyn/src/dyn831/dyn831UpdatePfm.c,214,mpf_mfs_open_H,2,OPEN_LOCK,DynReHESPfmSetFNO,,,"{""UNREACHABLE"": 1}",,,{},False,
both_unresolved,mfs_file,/home/chukyu/t-dyn/src/dyn831/dyn831UpdatePfm.c,214,mpf_mfs_open_H,2,READ,,,,{},DynReHESPfmSetFNO,,"{""OK_CONST"": 1}",True,t-dyn/src/dyn831/dyn831UpdatePfm.c:7345 mpf_mfs_open_H arg 2
both_unresolved,mfs_file,/home/chukyu/t-dyn/src/dyn831/dyn831UpdatePfm.c,223,mpf_mfs_readrecn,1,READREC,&fcb_set,,,"{""EXTERNAL"": 1}",&fcb_set,,"{""OK_CONST"": 1}",True,t-dyn/src/dyn831/dyn831UpdatePfm.c:7345 mpf_mfs_open_H arg 2 > t-dyn/src/dyn831/dyn831UpdatePfm.c:7626 mpf_mfs_readrecn handle 1
both_unresolved,mfs_file,/home/chukyu/t-dyn/src/dyn831/dyn831UpdatePfm.c,296,mpf_mfs_open_H,2,OPEN_LOCK,DynREGetPfmfno(nFnoidx),,,"{""UNREACHABLE"": 1}",,,{},False,
both_unresolved,mfs_file,/home/chukyu/t-dyn/src/dyn831/dyn831UpdatePfm.c,296,mpf_mfs_open_H,2,READ,,,,{},DynREGetPfmfno(nFnoidx),,"{""UNRESOLVED"": 1}",True,t-dyn/src/dyn831/dyn831UpdatePfm.c:10155 mpf_mfs_open_H arg 2
both_unresolved,mfs_file,/home/chukyu/t-dyn/src/dyn831/dyn831UpdatePfm.c,308,mpf_mfs_readrecm,1,READREC,&fcb_kbt,,,"{""UNREACHABLE"": 1}",&fcb_kbt,,"{""UNRESOLVED"": 1}",True,t-dyn/src/dyn831/dyn831UpdatePfm.c:10155 mpf_mfs_open_H arg 2 > t-dyn/src/dyn831/dyn831UpdatePfm.c:10642 mpf_mfs_readrecm handle 1
both_unresolved,mfs_file,/home/chukyu/t-dyn/src/dyn831/dyn831UpdatePfm.c,389,mpf_mfs_open_H,2,OPEN_LOCK,DynReHESPfmSetFNO,,,"{""UNREACHABLE"": 1}",,,{},False,
both_unresolved,mfs_file,/home/chukyu/t-dyn/src/dyn831/dyn831UpdatePfm.c,389,mpf_mfs_open_H,2,READ,,,,{},DynReHESPfmSetFNO,,"{""OK_CONST"": 1}",True,t-dyn/src/dyn831/dyn831UpdatePfm.c:13787 mpf_mfs_open_H arg 2
cvisualizer_resolved_only,mfs_file,/home/chukyu/t-dyn/src/dyn831/dyn831UpdatePfm.c,397,mpf_mfs_writerecn,1,WRITEREC,&fcb_set,1041,,"{""EXACT"": 1}",&fcb_set,,"{""OK_CONST"": 1}",True,t-dyn/src/dyn831/dyn831UpdatePfm.c:13787 mpf_mfs_open_H arg 2 > t-dyn/src/dyn831/dyn831UpdatePfm.c:14042 mpf_mfs_writerecn handle 1
both_unresolved,mfs_file,/home/chukyu/t-dyn/src/dyn831/dyn831UpdatePfm.c,429,mpf_mfs_open_H,2,OPEN_LOCK,DynREGetPfmfno((nFnoidx + nCnt) % DYN_REENESCHE_IDXNUM),,,"{""UNREACHABLE"": 1}",,,{},False,
both_unresolved,mfs_file,/home/chukyu/t-dyn/src/dyn831/dyn831UpdatePfm.c,429,mpf_mfs_open_H,2,READ,,,,{},DynREGetPfmfno((nFnoidx + nCnt) % DYN_REENESCHE_IDXNUM),,"{""UNRESOLVED"": 1}",True,t-dyn/src/dyn831/dyn831UpdatePfm.c:15386 mpf_mfs_open_H arg 2
both_unresolved,mfs_file,/home/chukyu/t-dyn/src/dyn831/dyn831UpdatePfm.c,436,mpf_mfs_writerecm,1,WRITEREC,&fcb_kbt,,,"{""UNREACHABLE"": 1}",&fcb_kbt,,"{""UNRESOLVED"": 1}",True,t-dyn/src/dyn831/dyn831UpdatePfm.c:15386 mpf_mfs_open_H arg 2 > t-dyn/src/dyn831/dyn831UpdatePfm.c:15731 mpf_mfs_writerecm handle 1
legacy_resolved_only,mfs_file,/home/chukyu/t-dyn/src/dyn832/dyn832Main.c,202,mpf_mfs_writerecm,1,WRITEREC,&sFcb,,,"{""UNREACHABLE"": 1}",&sFcb; DynReHESHealthFNO,1048,"{""ALREADY_PRESENT"": 1, ""OK_CONST"": 1}",True,t-dyn/src/dyn832/dyn832Main.c:9971 mpf_mfs_openm_H arg 2 > t-dyn/src/dyn832/dyn832Main.c:10624 mpf_mfs_writerecm handle 1
equal,mfs_file,/home/chukyu/t-dyn/src/dyn833/dyn833Main.c,172,mpf_mfs_readrecn,1,READREC,&fcb,1075,,"{""EXACT"": 1}",&fcb; DynReMyPageStaFNO,1075,"{""ALREADY_PRESENT"": 1, ""OK_CONST"": 1}",True,t-dyn/src/dyn833/dyn833Main.c:8527 mpf_mfs_open_H arg 2 > t-dyn/src/dyn833/dyn833Main.c:8762 mpf_mfs_readrecn handle 1
equal,mfs_file,/home/chukyu/t-dyn/src/dyn833/dyn833Main.c,179,mpf_mfs_writerecn,1,WRITEREC,&fcb,1075,,"{""EXACT"": 1}",&fcb; DynReMyPageStaFNO,1075,"{""ALREADY_PRESENT"": 1, ""OK_CONST"": 1}",True,t-dyn/src/dyn833/dyn833Main.c:8527 mpf_mfs_open_H arg 2 > t-dyn/src/dyn833/dyn833Main.c:9063 mpf_mfs_writerecn handle 1
both_unresolved,mfs_file,/home/chukyu/t-dyn/src/dyn910/dyn910PktInfFileMake.c,256,mpf_mfs_open_H,2,OPEN_LOCK,DynReITCInfFNO,,,"{""UNREACHABLE"": 1}",,,{},False,
both_unresolved,mfs_file,/home/chukyu/t-dyn/src/dyn910/dyn910PktInfFileMake.c,256,mpf_mfs_open_H,2,READ,,,,{},DynReITCInfFNO,,"{""OK_CONST"": 1}",True,t-dyn/src/dyn910/dyn910PktInfFileMake.c:11926 mpf_mfs_open_H arg 2
cvisualizer_resolved_only,mfs_file,/home/chukyu/t-dyn/src/dyn910/dyn910PktInfFileMake.c,261,mpf_mfs_writerecn,1,WRITEREC,&Fcb,1027,,"{""EXACT"": 1}",&Fcb,,"{""OK_CONST"": 1}",True,t-dyn/src/dyn910/dyn910PktInfFileMake.c:11926 mpf_mfs_open_H arg 2 > t-dyn/src/dyn910/dyn910PktInfFileMake.c:12102 mpf_mfs_writerecn handle 1
equal,mfs_file,/home/chukyu/t-dyn/src/dyn910/dyn910SSAdrsDefFileMake.c,134,mpf_mfs_writerecn,1,WRITEREC,&Fcb,1028,,"{""EXACT"": 1}",&Fcb; DynReSsAdrDefFNO,1028,"{""ALREADY_PRESENT"": 1, ""OK_CONST"": 1}",True,t-dyn/src/dyn910/dyn910SSAdrsDefFileMake.c:4499 mpf_mfs_open_H arg 2 > t-dyn/src/dyn910/dyn910SSAdrsDefFileMake.c:4766 mpf_mfs_writerecn handle 1
both_unresolved,mfs_file,/home/chukyu/t-dyn/src/libDynDspCom/LibDynDspCom.c,1460,mpf_mfs_open_H,2,OPEN_LOCK,DynReTrnDataInfFNO,,,"{""UNREACHABLE"": 1}",,,{},False,
both_unresolved,mfs_file,/home/chukyu/t-dyn/src/libDynDspCom/LibDynDspCom.c,1466,mpf_mfs_readrecn,1,READREC,&fcb,,,"{""UNREACHABLE"": 1}",,,{},False,
both_unresolved,mfs_file,/home/chukyu/t-dyn/src/libDynRe/DynAdvFunc.c,175,mpf_mfs_readrecn,1,READREC,&fcb,,,"{""UNREACHABLE"": 1}",,,{},False,
both_unresolved,mfs_file,/home/chukyu/t-dyn/src/libDynRe/DynAdvFunc.c,193,mpf_mfs_writerecn,1,WRITEREC,&fcb,,,"{""UNREACHABLE"": 1}",,,{},False,
both_unresolved,mfs_file,/home/chukyu/t-dyn/src/libDynRe/DynAdvFunc.c,214,mpf_mfs_open_H,2,OPEN_LOCK,DynAdvCtlStaIndFNO,,,"{""UNREACHABLE"": 1}",,,{},False,
both_unresolved,mfs_file,/home/chukyu/t-dyn/src/libDynRe/DynAdvFunc.c,219,mpf_mfs_readrecn,1,READREC,&fcb,,,"{""UNREACHABLE"": 1}",,,{},False,
both_unresolved,mfs_file,/home/chukyu/t-dyn/src/libDynRe/DynAdvFunc.c,240,mpf_mfs_open_H,2,OPEN_LOCK,DynAdvCtlStaIndFNO,,,"{""UNREACHABLE"": 1}",,,{},False,
both_unresolved,mfs_file,/home/chukyu/t-dyn/src/libDynRe/DynAdvFunc.c,245,mpf_mfs_writerecn,1,WRITEREC,&fcb,,,"{""UNREACHABLE"": 1}",,,{},False,
both_unresolved,mfs_file,/home/chukyu/t-dyn/src/libDynRe/DynREGetGtypeOfId.c,93,mpf_mfs_open_H,2,OPEN_LOCK,DynReCtlInfFNO,,,"{""UNREACHABLE"": 1}",,,{},False,
cvisualizer_resolved_only,mfs_file,/home/chukyu/t-dyn/src/libDynRe/DynREGetGtypeOfId.c,99,mpf_mfs_readrecn,1,READREC,&fcb,1021,,"{""EXACT"": 1, ""UNREACHABLE"": 1}",,,{},False,
both_unresolved,mfs_file,/home/chukyu/t-dyn/src/libDynRe/DynREGetScheKKPos.c,88,mpf_mfs_readrecn,1,READREC,&fcb,,,"{""EXTERNAL"": 1, ""UNREACHABLE"": 1}",,,{},False,
both_unresolved,mfs_file,/home/chukyu/t-dyn/src/libDynRe/DynREGetSchePos.c,98,mpf_mfs_open_H,2,OPEN_LOCK,DynReSchStaFNO,,,"{""UNREACHABLE"": 1}",,,{},False,
cvisualizer_resolved_only,mfs_file,/home/chukyu/t-dyn/src/libDynRe/DynREGetSchePos.c,106,mpf_mfs_readrecn,1,READREC,&fcb,1031,,"{""EXACT"": 1, ""EXTERNAL"": 1, ""UNREACHABLE"": 1}",,,{},False,
both_unresolved,mfs_file,/home/chukyu/t-dyn/src/libDynRe/DynREGetSchePos.c,160,mpf_mfs_open_H,2,OPEN_LOCK,DynReSchStaFNO,,,"{""UNREACHABLE"": 1}",,,{},False,
both_unresolved,mfs_file,/home/chukyu/t-dyn/src/libDynRe/DynREGetSchePos.c,167,mpf_mfs_readrecn,1,READREC,&fcb,,,"{""EXTERNAL"": 1, ""UNREACHABLE"": 1}",,,{},False,
both_unresolved,mfs_file,/home/chukyu/t-dyn/src/libDynRe/DynRERequest.c,71,mpf_mfs_open_H,2,OPEN_LOCK,DynReCtlInfFNO,,,"{""UNREACHABLE"": 1}",,,{},False,
cvisualizer_resolved_only,mfs_file,/home/chukyu/t-dyn/src/libDynRe/DynRERequest.c,78,mpf_mfs_readrecn,1,READREC,&fcb,1021,,"{""EXACT"": 1, ""UNREACHABLE"": 1}",,,{},False,
both_unresolved,mfs_file,/home/chukyu/t-dyn/src/libDynRe/DynReEneOutStaFunc.c,46,mpf_mfs_open_H,2,OPEN_LOCK,DynReOutStaFNO,,,"{""UNREACHABLE"": 1}",,,{},False,
cvisualizer_resolved_only,mfs_file,/home/chukyu/t-dyn/src/libDynRe/DynReEneOutStaFunc.c,62,mpf_mfs_readrecn,1,READREC,&SFcbRE,1025,,"{""EXACT"": 1, ""UNREACHABLE"": 1}",,,{},False,
cvisualizer_resolved_only,mfs_file,/home/chukyu/t-dyn/src/libDynRe/DynReEneOutStaFunc.c,66,mpf_mfs_readrecn,1,READREC,&SFcbRE,1025,,"{""EXACT"": 1, ""UNREACHABLE"": 1}",,,{},False,
cvisualizer_resolved_only,mfs_file,/home/chukyu/t-dyn/src/libDynRe/DynReEneOutStaFunc.c,131,mpf_mfs_writerecn,1,WRITEREC,&SFcbRE,1022; 1027; 1031; 1036; 1037; 3911; 3947; 3983,,"{""EXACT"": 13, ""EXTERNAL"": 6, ""UNREACHABLE"": 1, ""UNRESOLVED"": 2}",,,{},False,
cvisualizer_resolved_only,mfs_file,/home/chukyu/t-dyn/src/libDynRe/DynReEneOutStaFunc.c,143,mpf_mfs_writerecn,1,WRITEREC,&SFcbRE,1022; 1027; 1031; 1036; 1037; 3911; 3947; 3983,,"{""EXACT"": 13, ""EXTERNAL"": 6, ""UNREACHABLE"": 1, ""UNRESOLVED"": 2}",,,{},False,
cvisualizer_resolved_only,mfs_file,/home/chukyu/t-dyn/src/libDynRe/DynReGetAlznSirei.c,59,mpf_mfs_readrecn,1,READREC,&fcb,47,,"{""EXACT"": 1, ""UNREACHABLE"": 1}",,,{},False,
both_unresolved,mfs_file,/home/chukyu/t-dyn/src/libDynRe/DynReGetCtlMainte.c,69,mpf_mfs_open_H,2,OPEN_LOCK,DynReCtlInfFNO,,,"{""UNREACHABLE"": 1}",,,{},False,
cvisualizer_resolved_only,mfs_file,/home/chukyu/t-dyn/src/libDynRe/DynReGetCtlMainte.c,76,mpf_mfs_readrecn,1,READREC,&fcb,1021,,"{""EXACT"": 1, ""UNREACHABLE"": 1}",,,{},False,
cvisualizer_resolved_only,mfs_file,/home/chukyu/t-dyn/src/libDynRe/DynReGetCtlMainte.c,88,mpf_mfs_readrecn,1,READREC,&fcb,1081,,"{""EXACT"": 1, ""UNREACHABLE"": 1}",,,{},False,
both_unresolved,mfs_file,/home/chukyu/t-dyn/src/libDynRe/DynReGetCtlMainte.c,153,mpf_mfs_open_H,2,OPEN_LOCK,DynReGnInfFNO,,,"{""UNREACHABLE"": 1}",,,{},False,
cvisualizer_resolved_only,mfs_file,/home/chukyu/t-dyn/src/libDynRe/DynReGetCtlMainte.c,160,mpf_mfs_readrecn,1,READREC,&fcb,1031,,"{""EXACT"": 1, ""UNREACHABLE"": 1}",,,{},False,
cvisualizer_resolved_only,mfs_file,/home/chukyu/t-dyn/src/libDynRe/DynReGetCtlMainte.c,172,mpf_mfs_readrecn,1,READREC,&fcb,1081,,"{""EXACT"": 1, ""UNREACHABLE"": 1}",,,{},False,
both_unresolved,mfs_file,/home/chukyu/t-dyn/src/libDynRe/DynReGetOutValue.c,277,mpf_mfs_readrecm,1,READREC,&fcb,,,"{""UNREACHABLE"": 1}",,,{},False,
both_unresolved,mfs_file,/home/chukyu/t-dyn/src/libDynRe/DynReGetPfmDayOfGrp.c,75,mpf_mfs_open_H,2,OPEN_LOCK,DynReGrpSetFNO,,,"{""UNREACHABLE"": 1}",,,{},False,
both_unresolved,mfs_file,/home/chukyu/t-dyn/src/libDynRe/DynReGetPfmDayOfGrp.c,81,mpf_mfs_readrecm,1,READREC,&sFcb,,,"{""UNREACHABLE"": 1}",,,{},False,
both_unresolved,mfs_file,/home/chukyu/t-dyn/src/libDynRe/DynReGetPfmDayOfGrp.c,84,mpf_mfs_open_H,2,OPEN_LOCK,DynRePfmStaFNO,,,"{""UNREACHABLE"": 1}",,,{},False,
both_unresolved,mfs_file,/home/chukyu/t-dyn/src/libDynRe/DynReGetPfmDayOfGrp.c,90,mpf_mfs_readrecm,1,READREC,&sFcb,,,"{""UNREACHABLE"": 1}",,,{},False,
both_unresolved,mfs_file,/home/chukyu/t-dyn/src/libDynRe/DynReGetPfmDayOfGrp.c,93,mpf_mfs_open_H,2,OPEN_LOCK,DynRePfmSetFNO,,,"{""UNREACHABLE"": 1}",,,{},False,
both_unresolved,mfs_file,/home/chukyu/t-dyn/src/libDynRe/DynReGetPfmDayOfGrp.c,107,mpf_mfs_readrecm,1,READREC,&sFcb,,,"{""UNREACHABLE"": 1}",,,{},False,
both_unresolved,mfs_file,/home/chukyu/t-dyn/src/libDynRe/DynReGrpMkjCsvLoad.c,119,mpf_mfs_open_H,2,OPEN_LOCK,DynReGrpSetFNO,,,"{""UNREACHABLE"": 1}",,,{},False,
cvisualizer_resolved_only,mfs_file,/home/chukyu/t-dyn/src/libDynRe/DynReGrpMkjCsvLoad.c,126,mpf_mfs_readrecn,1,READREC,&fcb,1023,,"{""EXACT"": 1, ""UNREACHABLE"": 1}",,,{},False,
both_unresolved,mfs_file,/home/chukyu/t-dyn/src/libDynRe/DynReGrpSetCsvLoad.c,163,mpf_mfs_open_H,2,OPEN_LOCK,DynReGrpSetFNO,,,"{""UNREACHABLE"": 1}",,,{},False,
cvisualizer_resolved_only,mfs_file,/home/chukyu/t-dyn/src/libDynRe/DynReGrpSetCsvLoad.c,170,mpf_mfs_readrecn,1,READREC,&fcb,1023,,"{""EXACT"": 1, ""UNREACHABLE"": 1}",,,{},False,
both_unresolved,mfs_file,/home/chukyu/t-dyn/src/libDynRe/DynReGrpSetCsvLoad.c,368,mpf_mfs_open_H,2,OPEN_LOCK,DynRePfmCtlFNO,,,"{""UNREACHABLE"": 1}",,,{},False,
cvisualizer_resolved_only,mfs_file,/home/chukyu/t-dyn/src/libDynRe/DynReGrpSetCsvLoad.c,373,mpf_mfs_readrecn,1,READREC,&fcb,1031,,"{""EXACT"": 1, ""UNREACHABLE"": 1}",,,{},False,
both_unresolved,mfs_file,/home/chukyu/t-dyn/src/libDynRe/DynReGrpSetCsvLoad.c,383,mpf_mfs_open_H,2,OPEN_LOCK,DynREGetSchfno(nFnoidx),,,"{""UNREACHABLE"": 1}",,,{},False,
both_unresolved,mfs_file,/home/chukyu/t-dyn/src/libDynRe/DynReGrpSetCsvLoad.c,390,mpf_mfs_readrecn,1,READREC,&fcb,,,"{""EXTERNAL"": 1, ""UNREACHABLE"": 1}",,,{},False,
both_unresolved,mfs_file,/home/chukyu/t-dyn/src/libDynRe/DynReGrpSetCsvLoad.c,401,mpf_mfs_open_H,2,OPEN_LOCK,DynREGetSchKKfno(nFnoidxKK),,,"{""UNREACHABLE"": 1}",,,{},False,
both_unresolved,mfs_file,/home/chukyu/t-dyn/src/libDynRe/DynReGrpSetCsvLoad.c,407,mpf_mfs_readrecn,1,READREC,&fcb,,,"{""EXTERNAL"": 1, ""UNREACHABLE"": 1}",,,{},False,
both_unresolved,mfs_file,/home/chukyu/t-dyn/src/libDynRe/DynReGrpSetCsvLoad.c,409,mpf_mfs_open_H,2,OPEN_LOCK,DynREGetSchKKLCfno(nFnoidxKK),,,"{""UNREACHABLE"": 1}",,,{},False,
both_unresolved,mfs_file,/home/chukyu/t-dyn/src/libDynRe/DynReGrpSetCsvLoad.c,415,mpf_mfs_readrecn,1,READREC,&fcb,,,"{""EXTERNAL"": 1, ""UNREACHABLE"": 1}",,,{},False,
both_unresolved,mfs_file,/home/chukyu/t-dyn/src/libDynRe/DynReGrpSetCsvLoad.c,426,mpf_mfs_readrecm,1,READREC,&fcb,,,"{""UNREACHABLE"": 1}",,,{},False,
both_unresolved,mfs_file,/home/chukyu/t-dyn/src/libDynRe/DynReGrpSetCsvLoad.c,436,mpf_mfs_readrecn,1,READREC,&fcb,,,"{""UNREACHABLE"": 1, ""UNRESOLVED"": 1}",,,{},False,
both_unresolved,mfs_file,/home/chukyu/t-dyn/src/libDynRe/DynReGrpSetCsvLoad.c,447,mpf_mfs_readrecn,1,READREC,&fcb,,,"{""EXTERNAL"": 1, ""UNREACHABLE"": 1}",,,{},False,
both_unresolved,mfs_file,/home/chukyu/t-dyn/src/libDynRe/DynReGrpSetCsvLoad2.c,124,mpf_mfs_readrecn,1,READREC,&fcb,,,"{""EXTERNAL"": 1, ""UNREACHABLE"": 1}",,,{},False,
both_unresolved,mfs_file,/home/chukyu/t-dyn/src/libDynRe/DynReHesErrCtl.c,156,mpf_mfs_open_H,2,OPEN_LOCK,DynReGrpSetFNO,,,"{""UNREACHABLE"": 1}",,,{},False,
cvisualizer_resolved_only,mfs_file,/home/chukyu/t-dyn/src/libDynRe/DynReHesErrCtl.c,166,mpf_mfs_readrecn,1,READREC,&fcb,1023,,"{""EXACT"": 1, ""UNREACHABLE"": 1}",,,{},False,
both_unresolved,mfs_file,/home/chukyu/t-dyn/src/libDynRe/DynReHesErrCtl.c,178,mpf_mfs_readrecm,1,READREC,&fcb,,,"{""UNREACHABLE"": 1}",,,{},False,
both_unresolved,mfs_file,/home/chukyu/t-dyn/src/libDynRe/DynReHesErrCtl.c,185,mpf_mfs_open_H,2,OPEN_LOCK,DynReSndStaDFSFNO,,,"{""UNREACHABLE"": 1}",,,{},False,
both_unresolved,mfs_file,/home/chukyu/t-dyn/src/libDynRe/DynReHesErrCtl.c,193,mpf_mfs_readrecn,1,READREC,&fcb,,,"{""UNREACHABLE"": 1, ""UNRESOLVED"": 1}",,,{},False,
cvisualizer_resolved_only,mfs_file,/home/chukyu/t-dyn/src/libDynRe/DynReHesSireiTFunc.c,70,mpf_mfs_readrecn,1,READREC,&fcb,1031; 1032,,"{""EXACT"": 2, ""UNREACHABLE"": 1}",,,{},False,
cvisualizer_resolved_only,mfs_file,/home/chukyu/t-dyn/src/libDynRe/DynReHesSireiTFunc.c,177,mpf_mfs_readrecn,1,READREC,&fcb,1031,,"{""EXACT"": 1, ""UNREACHABLE"": 1}",,,{},False,
both_unresolved,mfs_file,/home/chukyu/t-dyn/src/libDynRe/DynReHtMntCsvLoad.c,155,mpf_mfs_readrecm,1,READREC,&fcb,,,"{""UNREACHABLE"": 1}",,,{},False,
both_unresolved,mfs_file,/home/chukyu/t-dyn/src/libDynRe/DynReHtMntCsvLoad.c,166,mpf_mfs_readrecn,1,READREC,&fcb,,,"{""EXTERNAL"": 1, ""UNREACHABLE"": 1}",,,{},False,
cvisualizer_resolved_only,mfs_file,/home/chukyu/t-dyn/src/libDynRe/DynReITCLock.c,88,mpf_mfs_readrecn,1,READREC,&fcb,2022,2022,"{""EXACT"": 1, ""UNREACHABLE"": 1}",,,{},False,
both_unresolved,mfs_file,/home/chukyu/t-dyn/src/libDynRe/DynReIkkatuReq.c,97,mpf_mfs_open_H,2,OPEN_LOCK,DynReGrpSetFNO,,,"{""UNREACHABLE"": 1}",,,{},False,
cvisualizer_resolved_only,mfs_file,/home/chukyu/t-dyn/src/libDynRe/DynReIkkatuReq.c,103,mpf_mfs_readrecn,1,READREC,&sFcb,1023,,"{""EXACT"": 1, ""UNREACHABLE"": 1}",,,{},False,
cvisualizer_resolved_only,mfs_file,/home/chukyu/t-dyn/src/libDynRe/DynReIkkatuReq.c,114,mpf_mfs_readrecn,1,READREC,&sFcb,1081,,"{""EXACT"": 1, ""UNREACHABLE"": 1}",,,{},False,
both_unresolved,mfs_file,/home/chukyu/t-dyn/src/libDynRe/DynReIkkatuReq.c,117,mpf_mfs_open_H,2,OPEN_LOCK,DynReCtlInfFNO,,,"{""UNREACHABLE"": 1}",,,{},False,
cvisualizer_resolved_only,mfs_file,/home/chukyu/t-dyn/src/libDynRe/DynReIkkatuReq.c,123,mpf_mfs_readrecn,1,READREC,&sFcb,1021,,"{""EXACT"": 1, ""UNREACHABLE"": 1}",,,{},False,
both_unresolved,mfs_file,/home/chukyu/t-dyn/src/libDynRe/DynReIkkatuReq.c,126,mpf_mfs_open_H,2,OPEN_LOCK,DynReOutKanStaFNO,,,"{""UNREACHABLE"": 1}",,,{},False,
cvisualizer_resolved_only,mfs_file,/home/chukyu/t-dyn/src/libDynRe/DynReIkkatuReq.c,132,mpf_mfs_readrecn,1,READREC,&sFcb,1036,,"{""EXACT"": 1, ""UNREACHABLE"": 1}",,,{},False,
both_unresolved,mfs_file,/home/chukyu/t-dyn/src/libDynRe/DynReIkkatuReq.c,142,mpf_mfs_readrecm,1,READREC,&sFcb,,,"{""UNREACHABLE"": 1}",,,{},False,
both_unresolved,mfs_file,/home/chukyu/t-dyn/src/libDynRe/DynReIkkatuReq.c,173,mpf_mfs_readrecm,1,READREC,&sFcb,,,"{""UNREACHABLE"": 1}",,,{},False,
both_unresolved,mfs_file,/home/chukyu/t-dyn/src/libDynRe/DynReIkkatuReq.c,182,mpf_mfs_writerecm,1,WRITEREC,&sFcb,,,"{""UNREACHABLE"": 1}",,,{},False,
both_unresolved,mfs_file,/home/chukyu/t-dyn/src/libDynRe/DynReIkkatuReq.c,208,mpf_mfs_writerecm,1,WRITEREC,&sFcb,,,"{""UNREACHABLE"": 1}",,,{},False,
both_unresolved,mfs_file,/home/chukyu/t-dyn/src/libDynRe/DynReIkkatuReq.c,295,mpf_mfs_readrecm,1,READREC,&sFcb,,,"{""UNREACHABLE"": 1}",,,{},False,
both_unresolved,mfs_file,/home/chukyu/t-dyn/src/libDynRe/DynReIkkatuReq.c,305,mpf_mfs_readrecm,1,READREC,&sFcb,,,"{""UNREACHABLE"": 1}",,,{},False,
both_unresolved,mfs_file,/home/chukyu/t-dyn/src/libDynRe/DynReIkkatuReq.c,320,mpf_mfs_readrecm,1,READREC,&sFcb,,,"{""UNREACHABLE"": 1}",,,{},False,
both_unresolved,mfs_file,/home/chukyu/t-dyn/src/libDynRe/DynReIkkatuReq.c,330,mpf_mfs_writerecm,1,WRITEREC,&sFcb,,,"{""UNREACHABLE"": 1}",,,{},False,
both_unresolved,mfs_file,/home/chukyu/t-dyn/src/libDynRe/DynReIkkatuReq.c,357,mpf_mfs_writerecm,1,WRITEREC,&sFcb,,,"{""UNREACHABLE"": 1}",,,{},False,
cvisualizer_resolved_only,mfs_file,/home/chukyu/t-dyn/src/libDynRe/DynReKoteHtMntCsvLoad.c,140,mpf_mfs_readrecn,1,READREC,&fcb,105,,"{""EXACT"": 1, ""UNREACHABLE"": 1}",,,{},False,
both_unresolved,mfs_file,/home/chukyu/t-dyn/src/libDynRe/DynReKoteHtMntCsvLoad.c,152,mpf_mfs_readrecm,1,READREC,&fcb,,,"{""UNREACHABLE"": 1}",,,{},False,
both_unresolved,mfs_file,/home/chukyu/t-dyn/src/libDynRe/DynReKoteHtMntCsvLoad.c,165,mpf_mfs_readrecn,1,READREC,&fcb,,,"{""EXTERNAL"": 1, ""UNREACHABLE"": 1}",,,{},False,
both_unresolved,mfs_file,/home/chukyu/t-dyn/src/libDynRe/DynReOutKanMsg.c,55,mpf_mfs_open_H,2,OPEN_LOCK,DynReCtlInfFNO,,,"{""UNREACHABLE"": 1}",,,{},False,
cvisualizer_resolved_only,mfs_file,/home/chukyu/t-dyn/src/libDynRe/DynReOutKanMsg.c,63,mpf_mfs_readrecn,1,READREC,&fcb,1021,,"{""EXACT"": 1, ""UNREACHABLE"": 1}",,,{},False,
both_unresolved,mfs_file,/home/chukyu/t-dyn/src/libDynRe/DynRePfmCSVOut.c,185,mpf_mfs_readrecm,1,READREC,&fcb,,,"{""UNREACHABLE"": 1}",,,{},False,
both_unresolved,mfs_file,/home/chukyu/t-dyn/src/libDynRe/DynRePfmCSVOut.c,188,mpf_mfs_open_H,2,OPEN_LOCK,nPfmOpenFileNO,,,"{""UNREACHABLE"": 1}",,,{},False,
both_unresolved,mfs_file,/home/chukyu/t-dyn/src/libDynRe/DynRePfmCSVOut.c,195,mpf_mfs_open_H,2,OPEN_LOCK,nInfOpenFileNO,,,"{""UNREACHABLE"": 1}",,,{},False,
cvisualizer_resolved_only,mfs_file,/home/chukyu/t-dyn/src/libDynRe/DynRePfmCSVOut.c,203,mpf_mfs_readrecn,1,READREC,&fcb_Pfm,1030,,"{""EXACT"": 1, ""EXTERNAL"": 1, ""UNREACHABLE"": 1}",,,{},False,
cvisualizer_resolved_only,mfs_file,/home/chukyu/t-dyn/src/libDynRe/DynRePfmCSVOut.c,209,mpf_mfs_readrecn,1,READREC,&fcb_Inf,1021; 1022,,"{""EXACT"": 2, ""UNREACHABLE"": 1}",,,{},False,
cvisualizer_resolved_only,mfs_file,/home/chukyu/t-dyn/src/libDynRe/DynRePfmCSVOut.c,212,mpf_mfs_readrecn,1,READREC,&fcb_Inf,1021; 1022,,"{""EXACT"": 2, ""UNREACHABLE"": 1}",,,{},False,
both_unresolved,mfs_file,/home/chukyu/t-dyn/src/libDynRe/DynReSchSetCsvLoad.c,446,mpf_mfs_open_H,2,OPEN_LOCK,DynREGetSchfno(nFnoidx),,,"{""UNREACHABLE"": 1}",,,{},False,
both_unresolved,mfs_file,/home/chukyu/t-dyn/src/libDynRe/DynReSchSetCsvLoad.c,450,mpf_mfs_readrecn,1,READREC,&fcb,,,"{""EXTERNAL"": 1, ""UNREACHABLE"": 1}",,,{},False,
both_unresolved,mfs_file,/home/chukyu/t-dyn/src/libDynRe/DynReSchSetCsvLoad.c,459,mpf_mfs_open_H,2,OPEN_LOCK,DynREGetSchKKfno(nFnoidxKK),,,"{""UNREACHABLE"": 1}",,,{},False,
both_unresolved,mfs_file,/home/chukyu/t-dyn/src/libDynRe/DynReSchSetCsvLoad.c,464,mpf_mfs_readrecn,1,READREC,&fcb,,,"{""EXTERNAL"": 1, ""UNREACHABLE"": 1}",,,{},False,
both_unresolved,mfs_file,/home/chukyu/t-dyn/src/libDynRe/DynReSchSetCsvLoad.c,466,mpf_mfs_open_H,2,OPEN_LOCK,DynREGetSchKKLCfno(nFnoidxKK),,,"{""UNREACHABLE"": 1}",,,{},False,
both_unresolved,mfs_file,/home/chukyu/t-dyn/src/libDynRe/DynReSchSetCsvLoad.c,471,mpf_mfs_readrecn,1,READREC,&fcb,,,"{""EXTERNAL"": 1, ""UNREACHABLE"": 1}",,,{},False,
both_unresolved,mfs_file,/home/chukyu/t-dyn/src/libDynRe/DynReSchSetCsvLoad.c,510,mpf_mfs_open_H,2,OPEN_LOCK,DynREGetSchfno(nFnoidx),,,"{""UNREACHABLE"": 1}",,,{},False,
both_unresolved,mfs_file,/home/chukyu/t-dyn/src/libDynRe/DynReSchSetCsvLoad.c,514,mpf_mfs_writerecn,1,WRITEREC,&fcb,,,"{""EXTERNAL"": 1, ""UNREACHABLE"": 1}",,,{},False,
both_unresolved,mfs_file,/home/chukyu/t-dyn/src/libDynRe/DynReSchSetCsvLoad2.c,133,mpf_mfs_open_H,2,OPEN_LOCK,DynRePfmCtlFNO,,,"{""UNREACHABLE"": 1}",,,{},False,
cvisualizer_resolved_only,mfs_file,/home/chukyu/t-dyn/src/libDynRe/DynReSchSetCsvLoad2.c,139,mpf_mfs_readrecn,1,READREC,&fcb,1031,,"{""EXACT"": 1, ""UNREACHABLE"": 1}",,,{},False,
both_unresolved,mfs_file,/home/chukyu/t-dyn/src/libDynRe/DynReSchSetCsvLoad2.c,494,mpf_mfs_open_H,2,OPEN_LOCK,DynREGetSchfno(nFnoidx),,,"{""UNREACHABLE"": 1}",,,{},False,
both_unresolved,mfs_file,/home/chukyu/t-dyn/src/libDynRe/DynReSchSetCsvLoad2.c,498,mpf_mfs_readrecn,1,READREC,&fcb,,,"{""EXTERNAL"": 1, ""UNREACHABLE"": 1}",,,{},False,
both_unresolved,mfs_file,/home/chukyu/t-dyn/src/libDynRe/DynReSchSetCsvLoad2.c,504,mpf_mfs_open_H,2,OPEN_LOCK,DynREGetSchKKfno(nFnoidxKK),,,"{""UNREACHABLE"": 1}",,,{},False,
both_unresolved,mfs_file,/home/chukyu/t-dyn/src/libDynRe/DynReSchSetCsvLoad2.c,509,mpf_mfs_readrecn,1,READREC,&fcb,,,"{""EXTERNAL"": 1, ""UNREACHABLE"": 1}",,,{},False,
both_unresolved,mfs_file,/home/chukyu/t-dyn/src/libDynRe/DynReSchSetCsvLoad2.c,511,mpf_mfs_open_H,2,OPEN_LOCK,DynREGetSchKKLCfno(nFnoidxKK),,,"{""UNREACHABLE"": 1}",,,{},False,
both_unresolved,mfs_file,/home/chukyu/t-dyn/src/libDynRe/DynReSchSetCsvLoad2.c,516,mpf_mfs_readrecn,1,READREC,&fcb,,,"{""EXTERNAL"": 1, ""UNREACHABLE"": 1}",,,{},False,
both_unresolved,mfs_file,/home/chukyu/t-dyn/src/libDynRe/DynReSchSetCsvLoad2.c,604,mpf_mfs_open_H,2,OPEN_LOCK,DynREGetSchfno(nFnoidx),,,"{""UNREACHABLE"": 1}",,,{},False,
both_unresolved,mfs_file,/home/chukyu/t-dyn/src/libDynRe/DynReSchSetCsvLoad2.c,608,mpf_mfs_writerecn,1,WRITEREC,&fcb,,,"{""EXTERNAL"": 1, ""UNREACHABLE"": 1}",,,{},False,
both_unresolved,mfs_file,/home/chukyu/t-dyn/src/libDynRe/DynReSchSetKKCsvExport.c,81,mpf_mfs_open_H,2,OPEN_LOCK,DynREGetSchKKfno(nFnoidx),,,"{""UNREACHABLE"": 1}",,,{},False,
both_unresolved,mfs_file,/home/chukyu/t-dyn/src/libDynRe/DynReSchSetKKCsvExport.c,86,mpf_mfs_readrecn,1,READREC,&fcb,,,"{""UNREACHABLE"": 1}",,,{},False,
both_unresolved,mfs_file,/home/chukyu/t-dyn/src/libDynRe/DynReSchSetKKCsvExport.c,88,mpf_mfs_open_H,2,OPEN_LOCK,DynREGetSchKKLCfno(nFnoidx),,,"{""UNREACHABLE"": 1}",,,{},False,
both_unresolved,mfs_file,/home/chukyu/t-dyn/src/libDynRe/DynReSchSetKKCsvExport.c,93,mpf_mfs_readrecn,1,READREC,&fcb,,,"{""UNREACHABLE"": 1}",,,{},False,
both_unresolved,mfs_file,/home/chukyu/t-dyn/src/libDynRe/DynReSetHESSndhis.c,57,mpf_mfs_open_H,2,OPEN_LOCK,DynReHESSndHisFNO,,,"{""UNREACHABLE"": 1}",,,{},False,
cvisualizer_resolved_only,mfs_file,/home/chukyu/t-dyn/src/libDynRe/DynReSetHESSndhis.c,62,mpf_mfs_readrecn,1,READREC,&fcb,1041,,"{""EXACT"": 1, ""UNREACHABLE"": 1}",,,{},False,
cvisualizer_resolved_only,mfs_file,/home/chukyu/t-dyn/src/libDynRe/DynReSetHESSndhis.c,95,mpf_mfs_writerecn,1,WRITEREC,&fcb,1041,,"{""EXACT"": 1, ""UNREACHABLE"": 1}",,,{},False,
both_unresolved,mfs_file,/home/chukyu/t-dyn/src/libDynRe/DynReSireiKaijoMsg.c,56,mpf_mfs_open_H,2,OPEN_LOCK,DynReCtlInfFNO,,,"{""UNREACHABLE"": 1}",,,{},False,
both_unresolved,mfs_file,/home/chukyu/t-dyn/src/libDynRe/DynReSireiKaijoMsg.c,64,mpf_mfs_readrecm,1,READREC,&fcb,,,"{""UNREACHABLE"": 1}",,,{},False,
both_unresolved,mfs_file,/home/chukyu/t-dyn/src/libDynRe/DynReSireiKaijoMsg.c,67,mpf_mfs_open_H,2,OPEN_LOCK,DynRePfmCtlFNO,,,"{""UNREACHABLE"": 1}",,,{},False,
both_unresolved,mfs_file,/home/chukyu/t-dyn/src/libDynRe/DynReSireiKaijoMsg.c,75,mpf_mfs_readrecm,1,READREC,&fcb,,,"{""UNREACHABLE"": 1}",,,{},False,
both_unresolved,mfs_file,/home/chukyu/t-dyn/src/libDynRe/DynReTaiko.c,114,mpf_mfs_readrecm,1,READREC,&fcb,,,"{""UNREACHABLE"": 1}",,,{},False,
both_unresolved,mfs_file,/home/chukyu/t-dyn/src/libDynRe/DynReTaikoMsg.c,52,mpf_mfs_open_H,2,OPEN_LOCK,DynReCtlInfFNO,,,"{""UNREACHABLE"": 1}",,,{},False,
cvisualizer_resolved_only,mfs_file,/home/chukyu/t-dyn/src/libDynRe/DynReTaikoMsg.c,60,mpf_mfs_readrecn,1,READREC,&fcb,1021,,"{""EXACT"": 1, ""UNREACHABLE"": 1}",,,{},False,
both_unresolved,mfs_file,/home/chukyu/t-dyn/src/libDynRe/DynReUpdAtEmeSvSta.c,121,mpf_mfs_writerecm,1,WRITEREC,&fcb,,,"{""UNREACHABLE"": 1}",,,{},False,
cvisualizer_resolved_only,mfs_file,/home/chukyu/t-dyn/src/libDynRe/DynReUpdAtEmeSvSta.c,136,mpf_mfs_writerecn,1,WRITEREC,&fcb,1343,,"{""EXACT"": 1, ""UNREACHABLE"": 1}",,,{},False,
both_unresolved,mfs_file,/home/chukyu/t-dyn/src/libDynRe/DynReUpdAtEmeSvSta.c,201,mpf_mfs_readrecm,1,READREC,&fcb,,,"{""UNREACHABLE"": 1}",,,{},False,
both_unresolved,mfs_file,/home/chukyu/t-dyn/src/libDynRe/DynReUpdAtEmeSvSta.c,205,mpf_mfs_open_H,2,OPEN_LOCK,DynReGrpSetFNO,,,"{""UNREACHABLE"": 1}",,,{},False,
cvisualizer_resolved_only,mfs_file,/home/chukyu/t-dyn/src/libDynRe/DynReUpdAtEmeSvSta.c,211,mpf_mfs_readrecn,1,READREC,&fcb,1023,,"{""EXACT"": 1, ""UNREACHABLE"": 1}",,,{},False,
both_unresolved,mfs_file,/home/chukyu/t-dyn/src/libDynRe/DynReUpdAtEmeSvSta.c,231,mpf_mfs_readrecm,1,READREC,&fcb,,,"{""UNREACHABLE"": 1}",,,{},False,
both_unresolved,mfs_file,/home/chukyu/t-dyn/src/libDynRe/DynReUpdAtEmeSvSta.c,255,mpf_mfs_writerecm,1,WRITEREC,&fcb,,,"{""UNREACHABLE"": 1}",,,{},False,
cvisualizer_resolved_only,mfs_file,/home/chukyu/t-dyn/src/libDynRe/DynReUpdAtEmeSvSta.c,352,mpf_mfs_writerecn,1,WRITEREC,&fcb,1343,,"{""EXACT"": 1, ""UNREACHABLE"": 1}",,,{},False,
both_unresolved,mfs_file,/home/chukyu/t-dyn/src/libDynRe/DynReUpdAtEmeSvSta.c,385,mpf_mfs_readrecm,1,READREC,&fcb,,,"{""UNREACHABLE"": 1}",,,{},False,
both_unresolved,mfs_file,/home/chukyu/t-dyn/src/libDynRe/DynReUpdAtEmeSvSta.c,387,mpf_mfs_writerecm,1,WRITEREC,&fcb,,,"{""UNREACHABLE"": 1}",,,{},False,
both_unresolved,mfs_file,/home/chukyu/t-dyn/src/libDynRe/DynReUpdAtEmeSvSta.c,418,mpf_mfs_readrecm,1,READREC,&fcb,,,"{""UNREACHABLE"": 1}",,,{},False,
both_unresolved,mfs_file,/home/chukyu/t-dyn/src/libDynRe/DynReUpdAtEmeSvSta.c,420,mpf_mfs_writerecm,1,WRITEREC,&fcb,,,"{""UNREACHABLE"": 1}",,,{},False,
both_unresolved,mfs_file,/home/chukyu/t-dyn/src/libDynRe/DynSetReEneCtrlInfo.c,608,mpf_mfs_open_H,2,OPEN_LOCK,DynReCtlInfFNO,,,"{""UNREACHABLE"": 1}",,,{},False,
cvisualizer_resolved_only,mfs_file,/home/chukyu/t-dyn/src/libDynRe/DynSetReEneCtrlInfo.c,609,mpf_mfs_writerecn,1,WRITEREC,&fcb,1021,,"{""EXACT"": 1, ""UNREACHABLE"": 1}",,,{},False,
both_unresolved,mfs_file,/home/chukyu/t-dyn/src/libDynRe/DynSetReEneCtrlInfo.c,613,mpf_mfs_open_H,2,OPEN_LOCK,DynReGnInfFNO,,,"{""UNREACHABLE"": 1}",,,{},False,
both_unresolved,mfs_file,/home/chukyu/t-dyn/src/libDynRe/DynSetReEneCtrlInfo.c,614,mpf_mfs_writerecn,1,WRITEREC,&fcb,,,"{""EXTERNAL"": 1, ""UNREACHABLE"": 1}",,,{},False,
both_unresolved,mfs_file,/home/chukyu/t-dyn/src/libDynRe/DynSetReEneScheSta.c,171,mpf_mfs_open_H,2,OPEN_LOCK,DynReSchStaFNO,,,"{""UNREACHABLE"": 1}",,,{},False,
cvisualizer_resolved_only,mfs_file,/home/chukyu/t-dyn/src/libDynRe/DynSetReEneScheSta.c,172,mpf_mfs_writerecn,1,WRITEREC,&fcb,1025,,"{""EXACT"": 1, ""UNREACHABLE"": 1}",,,{},False,
both_unresolved,mfs_file,/home/chukyu/t-dyn/src/libDynRe/DynSetReEneScheStaKK.c,164,mpf_mfs_writerecn,1,WRITEREC,&fcb,,,"{""EXTERNAL"": 1, ""UNREACHABLE"": 1}",,,{},False,
both_unresolved,mfs_file,/home/chukyu/t-dyn/tool/2612/cnvdt/cnvtool/CnvDynReCtlNtcDat2/CnvDynReCtlNtcDat2.c,72,mpf_mfs_readrecm,1,READREC,&fcb,,,"{""UNREACHABLE"": 1}",,,{},False,
both_unresolved,mfs_file,/home/chukyu/t-dyn/tool/2612/cnvdt/cnvtool/CnvDynReCtlNtcDtPv/CnvDynReCtlNtcDtPv.c,72,mpf_mfs_readrecm,1,READREC,&fcb,,,"{""UNREACHABLE"": 1}",,,{},False,
both_unresolved,mfs_file,/home/chukyu/t-dyn/tool/2612/cnvdt/cnvtool/CnvDynReGrpSet2/CnvDynReGrpSet2.c,72,mpf_mfs_readrecm,1,READREC,&fcb,,,"{""UNREACHABLE"": 1}",,,{},False,
both_unresolved,mfs_file,/home/chukyu/t-dyn/tool/2612/cnvdt/cnvtool/CnvDynReGrpSet3/CnvDynReGrpSet3.c,70,mpf_mfs_readrecm,1,READREC,&fcb,,,"{""UNREACHABLE"": 1}",,,{},False,
both_unresolved,mfs_file,/home/chukyu/t-dyn/tool/2612/cnvdt/cnvtool/CnvDynReHESPfmKbt2/CnvDynReHESPfmKbt2.c,81,mpf_mfs_readrecm,1,READREC,&fcb,,,"{""UNREACHABLE"": 1}",,,{},False,
both_unresolved,mfs_file,/home/chukyu/t-dyn/tool/2612/cnvdt/cnvtool/CnvDynReHESPfmSet2/CnvDynReHESPfmSet2.c,70,mpf_mfs_readrecm,1,READREC,&fcb,,,"{""UNREACHABLE"": 1}",,,{},False,
both_unresolved,mfs_file,/home/chukyu/t-dyn/tool/2612/cnvdt/cnvtool/CnvDynReSchSet2/CnvDynReSchSet2.c,82,mpf_mfs_readrecm,1,READREC,&fcb,,,"{""UNREACHABLE"": 1}",,,{},False,
both_unresolved,mfs_file,/home/chukyu/t-dyn/tool/2612/cnvdt/cnvtool/CnvDynReSetDspTgt/CnvDynReSetDspTgt.c,70,mpf_mfs_readrecm,1,READREC,&fcb,,,"{""UNREACHABLE"": 1}",,,{},False,
both_unresolved,mfs_file,/home/chukyu/t-dyn/tool/2612/cnvdt/cnvtool/IniDynReCtlMntSet/IniDynReCtlMntSet.c,47,mpf_mfs_writerecn,1,WRITEREC,&fcb,,,"{""UNRESOLVED"": 1}",,,{},False,
both_unresolved,mfs_file,/home/chukyu/t-dyn/tool/2612/cnvdt/cnvtool/IniDynReCtlMntSta/IniDynReCtlMntSta.c,53,mpf_mfs_writerecm,1,WRITEREC,&fcb,,,"{""UNREACHABLE"": 1}",,,{},False,
both_unresolved,mfs_file,/home/chukyu/t-dyn/tool/2612/cnvdt/cnvtool/IniDynReGrpSetCmn/IniDynReGrpSetCmn.c,38,mpf_mfs_writerecm,1,WRITEREC,&fcb,,,"{""UNREACHABLE"": 1}",,,{},False,
both_unresolved,mfs_file,/home/chukyu/t-dyn/tool/2612/cnvdt/cnvtool/IniDynReKoteMntSta/IniDynReKoteMntSta.c,53,mpf_mfs_writerecm,1,WRITEREC,&fcb,,,"{""UNREACHABLE"": 1}",,,{},False,
both_unresolved,mfs_file,/home/chukyu/t-dyn/tool/2612/cnvrev/cnvrevtool/CnvDynReCtlNtcDPvB/CnvDynReCtlNtcDPvB.c,64,mpf_mfs_readrecm,1,READREC,&fcb,,,"{""UNREACHABLE"": 1}",,,{},False,
both_unresolved,mfs_file,/home/chukyu/t-dyn/tool/2612/cnvrev/cnvrevtool/CnvDynReCtlNtcDatB/CnvDynReCtlNtcDatB.c,64,mpf_mfs_readrecm,1,READREC,&fcb,,,"{""UNREACHABLE"": 1}",,,{},False,
both_unresolved,mfs_file,/home/chukyu/t-dyn/tool/2612/cnvrev/cnvrevtool/CnvDynReGrpSet3B/CnvDynReGrpSet3B.c,62,mpf_mfs_readrecm,1,READREC,&fcb,,,"{""UNREACHABLE"": 1}",,,{},False,
both_unresolved,mfs_file,/home/chukyu/t-dyn/tool/2612/cnvrev/cnvrevtool/CnvDynReGrpSetB/CnvDynReGrpSetB.c,62,mpf_mfs_readrecm,1,READREC,&fcb,,,"{""UNREACHABLE"": 1}",,,{},False,
both_unresolved,mfs_file,/home/chukyu/t-dyn/tool/2612/cnvrev/cnvrevtool/CnvDynReHESPfKbB01/CnvDynReHESPfKbB01.c,73,mpf_mfs_readrecm,1,READREC,&fcb,,,"{""UNREACHABLE"": 1}",,,{},False,
both_unresolved,mfs_file,/home/chukyu/t-dyn/tool/2612/cnvrev/cnvrevtool/CnvDynReHESPfmSetB/CnvDynReHESPfmSetB.c,62,mpf_mfs_readrecm,1,READREC,&fcb,,,"{""UNREACHABLE"": 1}",,,{},False,
both_unresolved,mfs_file,/home/chukyu/t-dyn/tool/2612/cnvrev/cnvrevtool/CnvDynReSchSetB/CnvDynReSchSetB.c,73,mpf_mfs_readrecm,1,READREC,&fcb,,,"{""UNREACHABLE"": 1}",,,{},False,
both_unresolved,mfs_file,/home/chukyu/t-dyn/tool/2612/cnvrev/cnvrevtool/CnvDynReSetDspTgtB/CnvDynReSetDspTgtB.c,62,mpf_mfs_readrecm,1,READREC,&fcb,,,"{""UNREACHABLE"": 1}",,,{},False,
cvisualizer_resolved_only,mfs_file,/home/chukyu/t-dyn/tool/CtlMainteDmp/CtlMainteDmp.c,74,mpf_mfs_readrecn,1,READREC,&fcb,1081,,"{""EXACT"": 1}",,,{},False,
both_unresolved,mfs_file,/home/chukyu/t-dyn/tool/DynReEmeKanIndDmp/DynReEmeKanIndDmp.c,71,mpf_mfs_readrecn,1,READREC,&fcb,,,"{""EXTERNAL"": 1}",,,{},False,
both_unresolved,mfs_file,/home/chukyu/t-dyn/tool/DynReEmeKanIndDmp/DynReEmeKanIndDmp.c,82,mpf_mfs_open_H,2,OPEN_LOCK,DynReGrpSetFNO,,,"{""UNREACHABLE"": 1}",,,{},False,
both_unresolved,mfs_file,/home/chukyu/t-dyn/tool/DynReEmeKanIndDmp/DynReEmeKanIndDmp.c,88,mpf_mfs_readrecn,1,READREC,&fcb,,,"{""EXTERNAL"": 1}",,,{},False,
both_unresolved,mfs_file,/home/chukyu/t-dyn/tool/DynReEmeKanIndDmp/DynReEmeKanIndDmp.c,97,mpf_mfs_readrecm,1,READREC,&fcb,,,"{""UNREACHABLE"": 1}",,,{},False,
both_unresolved,mfs_file,/home/chukyu/t-dyn/tool/SetGrpIdx/SetGrpIdx.c,70,mpf_mfs_readrecm,1,READREC,&fcb,,,"{""UNREACHABLE"": 1}",,,{},False,
both_unresolved,mfs_file,/home/chukyu/t-dyn/tool/SetGrpIdx/SetGrpIdx.c,73,mpf_mfs_open_H,2,OPEN_LOCK,DynReGrpSetFNO,,,"{""UNREACHABLE"": 1}",,,{},False,
cvisualizer_resolved_only,mfs_file,/home/chukyu/t-dyn/tool/SetGrpIdx/SetGrpIdx.c,79,mpf_mfs_readrecn,1,READREC,&fcb,1023,,"{""EXACT"": 1}",,,{},False,
both_unresolved,mfs_file,/home/chukyu/t-dyn/tool/SetGrpIdx/SetGrpIdx.c,222,mpf_mfs_open_H,2,OPEN_LOCK,DynReGrpSetFNO,,,"{""UNREACHABLE"": 1}",,,{},False,
both_unresolved,mfs_file,/home/chukyu/t-dyn/tool/SetGrpIdx/SetGrpIdx.c,245,mpf_mfs_writerecm,1,WRITEREC,&fcb,,,"{""UNREACHABLE"": 1}",,,{},False,
both_unresolved,mfs_file,/home/chukyu/t-dyn/tool/SetGrpIdx/SetGrpIdx.c,273,mpf_mfs_writerecm,1,WRITEREC,&fcb,,,"{""UNREACHABLE"": 1}",,,{},False,
both_unresolved,mfs_file,/home/chukyu/t-dyn/tool/SetGrpSet/SetGrpSet.c,164,mpf_mfs_readrecm,1,READREC,&fcb,,,"{""UNREACHABLE"": 1}",,,{},False,
both_unresolved,mfs_file,/home/chukyu/t-dyn/tool/SetGrpSet/SetGrpSet.c,175,mpf_mfs_open_H,2,OPEN_LOCK,DynReGrpSetFNO,,,"{""UNREACHABLE"": 1}",,,{},False,
both_unresolved,mfs_file,/home/chukyu/t-dyn/tool/SetGrpSet/SetGrpSet.c,183,mpf_mfs_readrecm,1,READREC,&fcb,,,"{""UNREACHABLE"": 1}",,,{},False,
both_unresolved,mfs_file,/home/chukyu/t-dyn/tool/SetGrpSet/SetGrpSet.c,232,mpf_mfs_writerecm,1,WRITEREC,&fcb,,,"{""UNREACHABLE"": 1}",,,{},False,
both_unresolved,mfs_file,/home/chukyu/t-dyn/tool/dyntest/dyntest.c,90,mpf_mfs_open_H,2,OPEN_LOCK,DynReGrpSetFNO,,,"{""UNREACHABLE"": 1}",,,{},False,
cvisualizer_resolved_only,mfs_file,/home/chukyu/t-dyn/tool/dyntest/dyntest.c,96,mpf_mfs_readrecn,1,READREC,&fcb,1023,,"{""EXACT"": 1}",,,{},False,
both_unresolved,mfs_file,/home/chukyu/t-dyn/tool/dyntest/dyntest.c,105,mpf_mfs_readrecm,1,READREC,&fcb,,,"{""UNREACHABLE"": 1}",,,{},False,
both_unresolved,mfs_file,/home/chukyu/t-dyn/tool/dyntest/dyntest.c,131,mpf_mfs_readrecm,1,READREC,&fcb1,,,"{""UNREACHABLE"": 1}",,,{},False,
both_unresolved,mfs_file,/home/chukyu/t-rep/src/libmsg/MsgPtnGet.c,50,mpf_mfs_getrecm,1,GETREC,&fcb_def,,,"{""UNREACHABLE"": 1}",,,{},False,
both_unresolved,mfs_file,/home/chukyu/t-rep/src/libmsg/MsgPtnGet.c,63,mpf_mfs_getrecm,1,GETREC,&fcb_con,,,"{""UNREACHABLE"": 1}",,,{},False,
both_unresolved,mfs_file,/home/chukyu/t-rep/src/libmsg/MsgPtnGet.c,71,mpf_mfs_getrecm,1,GETREC,&fcb_ptn,,,"{""UNREACHABLE"": 1}",,,{},False,
both_unresolved,mfs_file,/home/chukyu/t-rep/src/libmsg1/MsgChkFlg.c,79,mpf_mfs_readrecm,1,READREC,&fcb,,,"{""UNREACHABLE"": 1}",,,{},False,
both_unresolved,mfs_file,/home/chukyu/t-rep/src/libmsg1/Msg_SetSendLg.c,72,mpf_mfs_readrecm,1,READREC,&fcb,,,"{""UNREACHABLE"": 1}",,,{},False,
both_unresolved,mfs_file,/home/chukyu/t-rep/src/libmsg1/Msg_SetSendLg.c,96,mpf_mfs_writerecm,1,WRITEREC,&fcb,,,"{""UNREACHABLE"": 1}",,,{},False,
both_unresolved,mfs_file,/home/chukyu/t-rep/src/libmsgreq/msgrequest.c,356,mpf_mfs_open_H,2,OPEN_LOCK,IDX_FNO,,,"{""UNREACHABLE"": 1}",,,{},False,
both_unresolved,mfs_file,/home/chukyu/t-rep/src/libmsgreq/msgrequest.c,360,mpf_mfs_readrec,1,READREC,&IDX_fcb,,,"{""UNREACHABLE"": 1}",,,{},False,
both_unresolved,mfs_file,/home/chukyu/t-rep/src/libmsgreq/msgrequest.c,469,mpf_mfs_readrec,1,READREC,&IDX_fcb,,,"{""UNREACHABLE"": 1}",,,{},False,
both_unresolved,mfs_file,/home/chukyu/t-rep/src/libmsgreq/msgrequest.c,968,mpf_mfs_readrec,1,READREC,&IDX_fcb,,,"{""UNREACHABLE"": 1}",,,{},False,
both_unresolved,mfs_file,/home/chukyu/t-rep/src/libmsgreq/msgrequest.c,974,mpf_mfs_readrec,1,READREC,&IDX_fcb,,,"{""UNREACHABLE"": 1}",,,{},False,
both_unresolved,mfs_file,/home/chukyu/t-rep/src/libmsgreq/msgrequest.c,1083,mpf_mfs_open_H,2,OPEN_LOCK,JOHEN_FNO,,,"{""UNREACHABLE"": 1}",,,{},False,
both_unresolved,mfs_file,/home/chukyu/t-rep/src/libmsgreq/msgrequest.c,1098,mpf_mfs_readrecn,1,READREC,&johen_fcb,,,"{""UNREACHABLE"": 1}",,,{},False,
both_unresolved,mfs_file,/home/chukyu/t-rep/src/libmsgreq/msgrequest.c,1171,mpf_mfs_writerec,1,WRITEREC,&fcb_result,,,"{""UNREACHABLE"": 1}",,,{},False,
both_unresolved,mfs_file,/home/chukyu/t-rep/src/libmsgreq/msgrequest.c,1202,mpf_mfs_writerecn,1,WRITEREC,&fcb_result,,,"{""UNREACHABLE"": 1}",,,{},False,
both_unresolved,mfs_file,/home/chukyu/t-rep/src/libmsgreq/msgrequest.c,1219,mpf_mfs_writerec,1,WRITEREC,&fcb_result,,,"{""UNREACHABLE"": 1}",,,{},False,
both_unresolved,mfs_file,/home/chukyu/t-rep/src/libmsgreq/msgrequest.c,1378,mpf_mfs_readrec,1,READREC,&fcb_result,,,"{""UNREACHABLE"": 1}",,,{},False,
both_unresolved,mfs_file,/home/chukyu/t-rep/src/libmsgreq/msgrequest.c,1388,mpf_mfs_writerec,1,WRITEREC,&fcb_print,,,"{""UNREACHABLE"": 1}",,,{},False,
both_unresolved,mfs_file,/home/chukyu/t-rep/src/libmsgreq/msgrequest.c,1408,mpf_mfs_readrecn,1,READREC,&fcb_result,,,"{""UNREACHABLE"": 1}",,,{},False,
both_unresolved,mfs_file,/home/chukyu/t-rep/src/libmsgreq/msgrequest.c,1410,mpf_mfs_writerecn,1,WRITEREC,&fcb_print,,,"{""UNREACHABLE"": 1}",,,{},False,
both_unresolved,mfs_file,/home/chukyu/t-rep/src/librep/RepGN3MGet.c,47,mpf_mfs_open_H,2,OPEN_LOCK,RepManageNo,,,"{""UNREACHABLE"": 1}",,,{},False,
both_unresolved,mfs_file,/home/chukyu/t-rep/src/librep/RepGN3MGet.c,53,mpf_mfs_readrec,1,READREC,&fcb_kanri_onl,,,"{""UNREACHABLE"": 1}",,,{},False,
both_unresolved,mfs_file,/home/chukyu/t-rep/src/librep/RepGN3MGet.c,63,mpf_mfs_open_H,2,OPEN_LOCK,fileno,,,"{""UNREACHABLE"": 1}",,,{},False,
both_unresolved,mfs_file,/home/chukyu/t-rep/src/librep/RepGN3MGet.c,69,mpf_mfs_readrec,1,READREC,&fcb_seigyo,,,"{""UNREACHABLE"": 1}",,,{},False,
both_unresolved,mfs_file,/home/chukyu/t-rep/src/librep/RepSojuyoGet.c,68,mpf_mfs_open_H,2,OPEN_LOCK,RepManageNo,,,"{""UNREACHABLE"": 1}",,,{},False,
both_unresolved,mfs_file,/home/chukyu/t-rep/src/librep/RepSojuyoGet.c,74,mpf_mfs_readrec,1,READREC,&fcb_kanri_onl,,,"{""UNREACHABLE"": 1}",,,{},False,
both_unresolved,mfs_file,/home/chukyu/t-rep/src/librep/RepSojuyoGet.c,99,mpf_mfs_open_H,2,OPEN_LOCK,fileno,,,"{""UNREACHABLE"": 1}",,,{},False,
both_unresolved,mfs_file,/home/chukyu/t-rep/src/librep/RepSojuyoGet.c,105,mpf_mfs_readrec,1,READREC,&fcb_juden,,,"{""UNREACHABLE"": 1}",,,{},False,
both_unresolved,mfs_file,/home/chukyu/t-rep/src/msg001/msg001ClrDvd.c,112,mpf_mfs_readrec,1,READREC,&MngFcb,,,"{""UNREACHABLE"": 1}",,,{},False,
both_unresolved,mfs_file,/home/chukyu/t-rep/src/msg001/msg001ClrDvd.c,126,mpf_mfs_writerec,1,WRITEREC,&MngFcb,,,"{""UNREACHABLE"": 1}",,,{},False,
legacy_resolved_only,mfs_file,/home/chukyu/t-rep/src/msg001/msg001MakeIDX.c,76,mpf_mfs_copyfile,2,COPYFILE_FROM,fileinf[i].indexdno,,,"{""UNREACHABLE"": 1}",MsgIndexDDNo; fileinf[i].indexdno,2903,"{""ADDED"": 1, ""OK_CONST"": 1}",True,t-rep/src/msg001/msg001MakeIDX.c:3229 mpf_mfs_copyfile arg 2
legacy_resolved_only,mfs_file,/home/chukyu/t-rep/src/msg001/msg001MakeIDX.c,76,mpf_mfs_copyfile,6,COPYFILE_TO,fileinf[i].indexmno,,,"{""UNREACHABLE"": 1}",MsgIndexNo; fileinf[i].indexmno,2902,"{""ADDED"": 1, ""OK_CONST"": 1}",True,t-rep/src/msg001/msg001MakeIDX.c:3229 mpf_mfs_copyfile arg 6
equal,mfs_file,/home/chukyu/t-rep/src/msg001/msg001MakeIDX.c,99,mpf_mfs_open,3,READ,fileinf[i].jhenfno,2904,,"{""EXACT"": 1}",MsgJohenNo; fileinf[i].jhenfno,2904,"{""ADDED"": 1, ""OK_CONST"": 1}",True,t-rep/src/msg001/msg001MakeIDX.c:4234 mpf_mfs_open arg 3
cvisualizer_resolved_only,mfs_file,/home/chukyu/t-rep/src/msg001/msg001MakeIDX.c,117,mpf_mfs_readrecn,1,READREC,&fcb_johen,2902; 2904,,"{""EXACT"": 2}",&fcb_johen,,"{""OK_CONST"": 1}",True,t-rep/src/msg001/msg001MakeIDX.c:4891 mpf_mfs_readrecn handle 1
both_unresolved,mfs_file,/home/chukyu/t-rep/src/msg001/msg001MakeIDX.c,123,mpf_mfs_open,3,READ,,,,{},fileinf[i].indexmno,,"{""OK_CONST"": 1}",True,t-rep/src/msg001/msg001MakeIDX.c:5155 mpf_mfs_open arg 3
cvisualizer_resolved_only,mfs_file,/home/chukyu/t-rep/src/msg001/msg001MakeIDX.c,123,mpf_mfs_open,3,WRITE,fileinf[i].indexmno,2902,,"{""EXACT"": 1}",,,{},False,
legacy_resolved_only,mfs_file,/home/chukyu/t-rep/src/msg001/msg001MakeIDX.c,137,mpf_mfs_getrecm,1,GETREC,&fcb_index,,,"{""UNREACHABLE"": 1}",&fcb_index; MsgIndexNo,2902,"{""ADDED"": 1, ""OK_CONST"": 1}",True,t-rep/src/msg001/msg001MakeIDX.c:5155 mpf_mfs_open arg 3 > t-rep/src/msg001/msg001MakeIDX.c:5699 mpf_mfs_getrecm handle 1
legacy_resolved_only,mfs_file,/home/chukyu/t-rep/src/msg001/msg001SetFlg.c,43,mpf_mfs_readrec,1,READREC,&fcb,,,"{""UNREACHABLE"": 1}",&fcb; MsgIndexNo,2902,"{""ADDED"": 1, ""OK_MACRO"": 1}",False,t-rep/src/msg001/msg001SetFlg.c:1714 mpf_mfs_open arg 3 > t-rep/src/msg001/msg001SetFlg.c:1785 mpf_mfs_readrec handle 1
legacy_resolved_only,mfs_file,/home/chukyu/t-rep/src/msg001/msg001SetFlg.c,47,mpf_mfs_writerecm,1,WRITEREC,&fcb,,,"{""UNREACHABLE"": 1}",&fcb; MsgIndexNo,2902,"{""ADDED"": 1, ""OK_MACRO"": 1}",False,t-rep/src/msg001/msg001SetFlg.c:1714 mpf_mfs_open arg 3 > t-rep/src/msg001/msg001SetFlg.c:1851 mpf_mfs_writerecm handle 1
both_unresolved,mfs_file,/home/chukyu/t-rep/src/msg200d/msg200dAdJohen.c,407,mpf_mfs_writerec,1,WRITEREC,&FCBJ,,,"{""UNREACHABLE"": 1}",,,{},False,
both_unresolved,mfs_file,/home/chukyu/t-rep/src/msg200d/msg200dCsvRq.c,244,mpf_mfs_readrec,1,READREC,&IDXFcb,,,"{""UNREACHABLE"": 1}",,,{},False,
cvisualizer_resolved_only,mfs_file,/home/chukyu/t-rep/src/msg200d/msg200dFile.c,63,mpf_mfs_getrec,1,GETREC,&fcb_msgdef,2901,2901,"{""EXACT"": 1}",,,{},False,
both_unresolved,mfs_file,/home/chukyu/t-rep/src/msg200d/msg200dFile.c,87,mpf_mfs_getrecm,1,GETREC,&FCBI,,,"{""UNREACHABLE"": 1}",,,{},False,
equal,mfs_file,/home/chukyu/t-rep/src/msg230d/msg230d.c,132,mpf_mfs_getrec,1,GETREC,&fixed_fcb,2905,2905,"{""EXACT"": 1}",&fixed_fcb; MsgFixedNumNo,2905,"{""ADDED"": 1, ""OK_MACRO"": 1}",False,t-rep/src/msg230d/msg230d.c:5234 mpf_mfs_open arg 3 > t-rep/src/msg230d/msg230d.c:5347 mpf_mfs_getrec handle 1
legacy_resolved_only,mfs_file,/home/chukyu/t-rep/src/msg240/msg240AtPro.c,154,mpf_mfs_readrec,1,READREC,&MngFcb,,,"{""UNREACHABLE"": 1}",&MngFcb; MsgDvdMngNo,2911,"{""ADDED"": 1, ""OK_MACRO"": 1}",False,t-rep/src/msg240/msg240AtPro.c:5065 mpf_mfs_open_H arg 2 > t-rep/src/msg240/msg240AtPro.c:5334 mpf_mfs_readrec handle 1
legacy_resolved_only,mfs_file,/home/chukyu/t-rep/src/msg240/msg240AtPro.c,216,mpf_mfs_writerec,1,WRITEREC,&MngFcb,,,"{""UNREACHABLE"": 1}",&MngFcb; MsgDvdMngNo,2911,"{""ADDED"": 1, ""OK_MACRO"": 1}",False,t-rep/src/msg240/msg240AtPro.c:5065 mpf_mfs_open_H arg 2 > t-rep/src/msg240/msg240AtPro.c:7582 mpf_mfs_writerec handle 1
legacy_resolved_only,mfs_file,/home/chukyu/t-rep/src/msg240/msg240GetMDt.c,63,mpf_mfs_readrec,1,READREC,&IDX_fcb,,,"{""UNREACHABLE"": 1}",&IDX_fcb; MsgIndexDvdNo,2913,"{""ADDED"": 1, ""OK_MACRO"": 1}",False,t-rep/src/msg240/msg240GetMDt.c:2452 mpf_mfs_open_H arg 2 > t-rep/src/msg240/msg240GetMDt.c:2573 mpf_mfs_readrec handle 1
equal,mfs_file,/home/chukyu/t-rep/src/msg240/msg240GetMDt.c,110,mpf_mfs_readrecn,1,READREC,&johen_fcb,2912,2912,"{""EXACT"": 1}",&johen_fcb; MsgJohenDvdNo,2912,"{""ADDED"": 1, ""OK_MACRO"": 1}",False,t-rep/src/msg240/msg240GetMDt.c:3833 mpf_mfs_open_H arg 2 > t-rep/src/msg240/msg240GetMDt.c:4067 mpf_mfs_readrecn handle 1
legacy_resolved_only,mfs_file,/home/chukyu/t-rep/src/msg242/msg242CsvDel.c,252,mpf_mfs_readrec,1,READREC,&MngFcb,,,"{""UNREACHABLE"": 1}",&MngFcb; MsgDvdMngNo,2911,"{""ADDED"": 1, ""OK_MACRO"": 1}",False,t-rep/src/msg242/msg242CsvDel.c:7381 mpf_mfs_open_H arg 2 > t-rep/src/msg242/msg242CsvDel.c:7650 mpf_mfs_readrec handle 1
legacy_resolved_only,mfs_file,/home/chukyu/t-rep/src/msg242/msg242CsvDel.c,370,mpf_mfs_writerec,1,WRITEREC,&MngFcb,,,"{""UNREACHABLE"": 1}",&MngFcb; MsgDvdMngNo,2911,"{""ADDED"": 1, ""OK_MACRO"": 1}",False,t-rep/src/msg242/msg242CsvDel.c:7381 mpf_mfs_open_H arg 2 > t-rep/src/msg242/msg242CsvDel.c:11644 mpf_mfs_writerec handle 1
equal,mfs_file,/home/chukyu/t-rep/src/msg400d/msg400dMain.c,64,mpf_mfs_getrec,1,GETREC,&fixed_fcb,2905,2905,"{""EXACT"": 1}",&fixed_fcb; MsgFixedNumNo,2905,"{""ADDED"": 1, ""OK_MACRO"": 1}",False,t-rep/src/msg400d/msg400dMain.c:2561 mpf_mfs_open arg 3 > t-rep/src/msg400d/msg400dMain.c:2692 mpf_mfs_getrec handle 1
legacy_resolved_only,mfs_file,/home/chukyu/t-rep/src/msg500d/msg500dOpBtn.c,55,mpf_mfs_readrec,1,READREC,&fcb,,,"{""UNREACHABLE"": 1}",&fcb; MsgFlickerLevelNo,2914,"{""ADDED"": 1, ""OK_MACRO"": 1}",False,t-rep/src/msg500d/msg500dOpBtn.c:1677 mpf_mfs_open_H arg 2 > t-rep/src/msg500d/msg500dOpBtn.c:1828 mpf_mfs_readrec handle 1
legacy_resolved_only,mfs_file,/home/chukyu/t-rep/src/msg500d/msg500dOpBtn.c,64,mpf_mfs_writerec,1,WRITEREC,&fcb,,,"{""UNREACHABLE"": 1}",&fcb; MsgFlickerLevelNo,2914,"{""ADDED"": 1, ""OK_MACRO"": 1}",False,t-rep/src/msg500d/msg500dOpBtn.c:1677 mpf_mfs_open_H arg 2 > t-rep/src/msg500d/msg500dOpBtn.c:2029 mpf_mfs_writerec handle 1
legacy_resolved_only,mfs_file,/home/chukyu/t-rep/src/msg500d/msg500dOpBtn.c,119,mpf_mfs_getrecm,1,GETREC,&fcb,,,"{""UNREACHABLE"": 1}",&fcb; MsgFlickerLevelNo,2914,"{""ADDED"": 1, ""OK_MACRO"": 1}",False,t-rep/src/msg500d/msg500dOpBtn.c:4140 mpf_mfs_open_H arg 2 > t-rep/src/msg500d/msg500dOpBtn.c:4300 mpf_mfs_getrecm handle 1
both_unresolved,mfs_file,/home/chukyu/t-rep/src/msg500d/msg500dOpBtn.c,133,mpf_mfs_updaterecm,1,UPDATEREC,&fcb,,,"{""UNREACHABLE"": 1}",&fcb,,"{""OK_CONST"": 1}",True,t-rep/src/msg500d/msg500dOpBtn.c:4727 mpf_mfs_updaterecm handle 1
legacy_resolved_only,mfs_file,/home/chukyu/t-rep/src/msg700/msg700.org/msg700KensakuData.c,64,mpf_mfs_readrec,1,READREC,&RESULT_fcb,,,"{""UNREACHABLE"": 1}",&RESULT_fcb; MsgResultNo,2907,"{""ADDED"": 1, ""ALREADY_PRESENT"": 1, ""OK_MACRO"": 2}",False,t-rep/src/msg700/msg700.org/msg700KensakuData.c:2840 mpf_mfs_open_H arg 2 > t-rep/src/msg700/msg700.org/msg700KensakuData.c:3192 mpf_mfs_readrec handle 1
equal,mfs_file,/home/chukyu/t-rep/src/msg700/msg700.org/msg700KensakuData.c,109,mpf_mfs_readrecn,1,READREC,&RESULT_fcb,2907,2907,"{""EXACT"": 1}",&RESULT_fcb; MsgResultNo,2907,"{""ADDED"": 1, ""ALREADY_PRESENT"": 1, ""OK_MACRO"": 2}",False,t-rep/src/msg700/msg700.org/msg700KensakuData.c:2840 mpf_mfs_open_H arg 2 > t-rep/src/msg700/msg700.org/msg700KensakuData.c:4622 mpf_mfs_readrecn handle 1
both_unresolved,mfs_file,/home/chukyu/t-rep/src/msg700/msg700.org/msg700button.c,762,mpf_mfs_readrecm,1,READREC,&fcp,,,"{""UNREACHABLE"": 1}",,,{},False,
both_unresolved,mfs_file,/home/chukyu/t-rep/src/msg700/msg700.org/msg700mmi.c,826,mpf_mfs_openm_H,2,OPEN_LOCK,KUNUNTVSAIGEN_NO,,,"{""UNREACHABLE"": 1}",,,{},False,
both_unresolved,mfs_file,/home/chukyu/t-rep/src/msg700/msg700.org/msg700mmi.c,826,mpf_mfs_openm_H,2,READ,,,,{},KUNUNTVSAIGEN_NO,,"{""OK_CONST"": 2}",True,t-rep/src/msg700/msg700.org/msg700mmi.c:27081 mpf_mfs_openm_H arg 2
both_unresolved,mfs_file,/home/chukyu/t-rep/src/msg700/msg700.org/msg700mmi.c,827,mpf_mfs_readrecm,1,READREC,&fcp,,,"{""UNREACHABLE"": 1}",&fcp,,"{""OK_CONST"": 2}",True,t-rep/src/msg700/msg700.org/msg700mmi.c:27081 mpf_mfs_openm_H arg 2 > t-rep/src/msg700/msg700.org/msg700mmi.c:27152 mpf_mfs_readrecm handle 1
legacy_resolved_only,mfs_file,/home/chukyu/t-rep/src/msg700/msg700.org/msg700mmi.c,891,mpf_mfs_readrecm,1,READREC,&fcp,,,"{""UNREACHABLE"": 1}",&fcp; MsgDvdMngNo,2911,"{""ADDED"": 1, ""ALREADY_PRESENT"": 1, ""OK_MACRO"": 2}",False,t-rep/src/msg700/msg700.org/msg700mmi.c:29331 mpf_mfs_openm_H arg 2 > t-rep/src/msg700/msg700.org/msg700mmi.c:29392 mpf_mfs_readrecm handle 1
legacy_resolved_only,mfs_file,/home/chukyu/t-rep/src/msg700/msg700KensakuData.c,73,mpf_mfs_readrec,1,READREC,&RESULT_fcb,,,"{""UNREACHABLE"": 1}",&RESULT_fcb; MsgResultNo,2907,"{""ADDED"": 1, ""OK_MACRO"": 1}",False,t-rep/src/msg700/msg700KensakuData.c:3164 mpf_mfs_open_H arg 2 > t-rep/src/msg700/msg700KensakuData.c:3516 mpf_mfs_readrec handle 1
legacy_resolved_only,mfs_file,/home/chukyu/t-rep/src/msg700/msg700KensakuData.c,118,mpf_mfs_readrecn,1,READREC,&RESULT_fcb,,,"{""UNREACHABLE"": 1}",&RESULT_fcb; MsgResultNo,2907,"{""ADDED"": 1, ""OK_MACRO"": 1}",False,t-rep/src/msg700/msg700KensakuData.c:3164 mpf_mfs_open_H arg 2 > t-rep/src/msg700/msg700KensakuData.c:4946 mpf_mfs_readrecn handle 1
both_unresolved,mfs_file,/home/chukyu/t-rep/src/msg700/msg700button.c,794,mpf_mfs_readrecm,1,READREC,&fcp,,,"{""UNREACHABLE"": 1}",,,{},False,
both_unresolved,mfs_file,/home/chukyu/t-rep/src/msg700/msg700mmi.c,952,mpf_mfs_openm_H,2,OPEN_LOCK,KUNUNTVSAIGEN_NO,,,"{""UNREACHABLE"": 1}",,,{},False,
both_unresolved,mfs_file,/home/chukyu/t-rep/src/msg700/msg700mmi.c,952,mpf_mfs_openm_H,2,READ,,,,{},KUNUNTVSAIGEN_NO,,"{""OK_CONST"": 1}",True,t-rep/src/msg700/msg700mmi.c:33621 mpf_mfs_openm_H arg 2
both_unresolved,mfs_file,/home/chukyu/t-rep/src/msg700/msg700mmi.c,953,mpf_mfs_readrecm,1,READREC,&fcp,,,"{""UNREACHABLE"": 1}",&fcp,,"{""OK_CONST"": 1}",True,t-rep/src/msg700/msg700mmi.c:33621 mpf_mfs_openm_H arg 2 > t-rep/src/msg700/msg700mmi.c:33692 mpf_mfs_readrecm handle 1
legacy_resolved_only,mfs_file,/home/chukyu/t-rep/src/msg700/msg700mmi.c,1031,mpf_mfs_readrecm,1,READREC,&fcp,,,"{""UNREACHABLE"": 1}",&fcp; MsgDvdMngNo,2911,"{""ADDED"": 1, ""OK_MACRO"": 1}",False,t-rep/src/msg700/msg700mmi.c:36944 mpf_mfs_openm_H arg 2 > t-rep/src/msg700/msg700mmi.c:37005 mpf_mfs_readrecm handle 1
both_unresolved,mfs_file,/home/chukyu/t-rep/tool/msgcrecon/msgcrecon.c,190,mpf_mfs_readrecm,1,READREC,&mmfcb,,,"{""UNREACHABLE"": 1}",,,{},False,
both_unresolved,mfs_file,/home/chukyu/t-rep/tool/msgcrecon/msgcrecon.c,215,mpf_mfs_writerecm,1,WRITEREC,&mmfcb,,,"{""UNREACHABLE"": 1}",,,{},False,
both_unresolved,mfs_file,/home/chukyu/t-rep/tool/msgcredef/msgcredef.c,226,mpf_mfs_readrecm,1,READREC,&mmfcb,,,"{""UNREACHABLE"": 1}",,,{},False,
both_unresolved,mfs_file,/home/chukyu/t-rep/tool/msgcredef/msgcredef.c,338,mpf_mfs_writerecm,1,WRITEREC,&mmfcb,,,"{""UNREACHABLE"": 1}",,,{},False,
both_unresolved,mfs_file,/home/chukyu/t-rep/tool/msgcreptn/msgcreptn.c,209,mpf_mfs_readrecm,1,READREC,&mmfcb,,,"{""UNREACHABLE"": 1}",,,{},False,
both_unresolved,mfs_file,/home/chukyu/t-rep/tool/msgcreptn/msgcreptn.c,240,mpf_mfs_writerecm,1,WRITEREC,&mmfcb,,,"{""UNREACHABLE"": 1}",,,{},False,
both_unresolved,mfs_file,/home/chukyu/t-rep/tool/msgtool/msgtool.c,813,mpf_mfs_getrecm,1,GETREC,&fcb,,,"{""UNREACHABLE"": 1}",,,{},False,
both_unresolved,mfs_file,/home/chukyu/t-rep/tool/msgtool/msgtool.c,845,mpf_mfs_getrecm,1,GETREC,&fcb,,,"{""UNREACHABLE"": 1}",,,{},False,
both_unresolved,mfs_file,/home/chukyu/t-rep/tool/msgtool/msgtool.c,877,mpf_mfs_readrecm,1,READREC,&fcb,,,"{""UNREACHABLE"": 1}",,,{},False,
both_unresolved,mfs_file,/home/chukyu/t-rep/tool/msgtool/msgtool.c,899,mpf_mfs_readrecm,1,READREC,&fcb,,,"{""UNREACHABLE"": 1}",,,{},False,
both_unresolved,mfs_file,/home/chukyu/t-rep/tool/msgtool/msgtool.c,924,mpf_mfs_readrecm,1,READREC,&fcb,,,"{""UNREACHABLE"": 1}",,,{},False,
both_unresolved,mfs_file,/home/chukyu/t-rep/tool/msgtool/msgtool.c,927,mpf_mfs_readrecm,1,READREC,&fcb,,,"{""UNREACHABLE"": 1}",,,{},False,
both_unresolved,mfs_file,/home/chukyu/t-sim/src/libopcp/file.c,59,mpf_mfs_open,3,OPEN_LOCK,fno,,,"{""UNREACHABLE"": 1}",,,{},False,
both_unresolved,mfs_file,/home/chukyu/t-sim/src/libopcp/file.c,97,mpf_mfs_readrecn,1,READREC,cm_fcb,,,"{""UNREACHABLE"": 1}",,,{},False,
both_unresolved,mfs_file,/home/chukyu/t-sim/src/libsim/SimChgInit.c,88,mpf_mfs_readrec,1,READREC,&fcb,,,"{""UNREACHABLE"": 1}",,,{},False,
both_unresolved,mfs_file,/home/chukyu/t-sim/src/libsim/SimChgInit.c,285,mpf_mfs_readrec,1,READREC,&fcb,,,"{""UNREACHABLE"": 1}",,,{},False,
both_unresolved,mfs_file,/home/chukyu/t-sim/src/libsim/SimChgInit.c,312,mpf_mfs_writerec,1,WRITEREC,&fcb,,,"{""UNREACHABLE"": 1}",,,{},False,
both_unresolved,mfs_file,/home/chukyu/t-sim/src/libsim/SimChgInit.c,370,mpf_mfs_readrec,1,READREC,&fcb,,,"{""UNREACHABLE"": 1}",,,{},False,
both_unresolved,mfs_file,/home/chukyu/t-sim/src/libsim/SimChgInit.c,400,mpf_mfs_writerec,1,WRITEREC,&fcb,,,"{""UNREACHABLE"": 1}",,,{},False,
both_unresolved,mfs_file,/home/chukyu/t-sim/src/libsim_kun/libsimk_SimChoku.c,63,mpf_mfs_readrec,1,READREC,&fcb,,,"{""UNREACHABLE"": 1}",,,{},False,
both_unresolved,mfs_file,/home/chukyu/t-sim/src/libsim_kun/libsimk_SimChoku.c,97,mpf_mfs_readrecn,1,READREC,&fcb,,,"{""UNREACHABLE"": 1}",,,{},False,
both_unresolved,mfs_file,/home/chukyu/t-sim/src/libsim_kun/libsimk_SimChoku.c,152,mpf_mfs_open,3,OPEN_LOCK,SIM_ODOSTATUS,,,"{""UNREACHABLE"": 1}",,,{},False,
both_unresolved,mfs_file,/home/chukyu/t-sim/src/libsim_kun/libsimk_SimChoku.c,158,mpf_mfs_readrecn,1,READREC,&fcb,,,"{""UNREACHABLE"": 1}",,,{},False,
both_unresolved,mfs_file,/home/chukyu/t-sim/src/libsim_kun/libsimk_SimChoku.c,420,mpf_mfs_readrec,1,READREC,&fcb,,,"{""UNREACHABLE"": 1}",,,{},False,
cvisualizer_resolved_only,mfs_file,/home/chukyu/t-sim/src/libsim_kun/libsimk_SimChoku.c,446,mpf_mfs_readrecn,1,READREC,&fcb,3401,3401,"{""EXACT"": 1, ""UNREACHABLE"": 1}",,,{},False,
both_unresolved,mfs_file,/home/chukyu/t-sim/src/libsim_kun/libsimk_SimChoku.c,475,mpf_mfs_writerec,1,WRITEREC,&fcb,,,"{""UNREACHABLE"": 1}",,,{},False,
cvisualizer_resolved_only,mfs_file,/home/chukyu/t-sim/src/libsim_kun/libsimk_SimChoku.c,500,mpf_mfs_writerecn,1,WRITEREC,&fcb,3401,3401,"{""EXACT"": 1, ""UNREACHABLE"": 1}",,,{},False,
both_unresolved,mfs_file,/home/chukyu/t-sim/src/libsimutil/SimDevFailF.c,52,mpf_mfs_readrecm,1,READREC,&fcb,,,"{""UNREACHABLE"": 1}",,,{},False,
both_unresolved,mfs_file,/home/chukyu/t-sim/src/libsimutil/SimDllFile.c,187,mpf_mfs_readrec,1,READREC,&fcb,,,"{""UNREACHABLE"": 1}",,,{},False,
both_unresolved,mfs_file,/home/chukyu/t-sim/src/libsimutil/SimDllFile.c,217,mpf_mfs_writerec,1,WRITEREC,&fcb,,,"{""UNREACHABLE"": 1}",,,{},False,
both_unresolved,mfs_file,/home/chukyu/t-sim/src/libsimutil/SimDllFile.c,235,mpf_mfs_writerec,1,WRITEREC,&fcb,,,"{""UNREACHABLE"": 1}",,,{},False,
both_unresolved,mfs_file,/home/chukyu/t-sim/src/libsimutil/SimDllFile.c,281,mpf_mfs_readrec,1,READREC,&fcb,,,"{""UNREACHABLE"": 1}",,,{},False,
both_unresolved,mfs_file,/home/chukyu/t-sim/src/libsimutil/SimDllStat.c,60,mpf_mfs_readrecm,1,READREC,&fcb,,,"{""UNREACHABLE"": 1}",,,{},False,
both_unresolved,mfs_file,/home/chukyu/t-sim/src/libsimutil/SimDllStat.c,121,mpf_mfs_readrecm,1,READREC,&fcb,,,"{""UNREACHABLE"": 1}",,,{},False,
both_unresolved,mfs_file,/home/chukyu/t-sim/src/libsimutil/SimDllStat.c,133,mpf_mfs_writerecm,1,WRITEREC,&fcb,,,"{""UNREACHABLE"": 1}",,,{},False,
both_unresolved,mfs_file,/home/chukyu/t-sim/src/libsimutil/SimDllStat.c,146,mpf_mfs_writerecm,1,WRITEREC,&fcb,,,"{""UNREACHABLE"": 1}",,,{},False,
both_unresolved,mfs_file,/home/chukyu/t-sim/src/libsimutil/SimDllStat.c,155,mpf_mfs_writerecm,1,WRITEREC,&fcb,,,"{""UNREACHABLE"": 1}",,,{},False,
both_unresolved,mfs_file,/home/chukyu/t-sim/src/libsimutil/SimDllTestF.c,63,mpf_mfs_readrecm,1,READREC,&fcb,,,"{""UNREACHABLE"": 1}",,,{},False,
both_unresolved,mfs_file,/home/chukyu/t-sim/src/libsimutil/SimDllTestF.c,108,mpf_mfs_readrecm,1,READREC,&fcb,,,"{""UNREACHABLE"": 1}",,,{},False,
both_unresolved,mfs_file,/home/chukyu/t-sim/src/libsimutil/SimDllTestF.c,114,mpf_mfs_writerecm,1,WRITEREC,&fcb,,,"{""UNREACHABLE"": 1}",,,{},False,
both_unresolved,mfs_file,/home/chukyu/t-sim/src/libsimutil/SimDllTestF.c,123,mpf_mfs_writerecm,1,WRITEREC,&fcb,,,"{""UNREACHABLE"": 1}",,,{},False,
both_unresolved,mfs_file,/home/chukyu/t-sim/src/libsimutil/SimITCMode.c,62,mpf_mfs_readrec,1,READREC,&fcb,,,"{""UNREACHABLE"": 1}",,,{},False,
legacy_resolved_only,mfs_file,/home/chukyu/t-sim/src/sim430d/sim430d.c,314,mpf_mfs_getrecm,1,GETREC,&fcb,,,"{""UNREACHABLE"": 1}",&fcb; SIM_DB,3401,"{""ADDED"": 1, ""OK_MACRO"": 1}",False,t-sim/src/sim430d/sim430d.c:10786 mpf_mfs_openm arg 3 > t-sim/src/sim430d/sim430d.c:10875 mpf_mfs_getrecm handle 1
legacy_resolved_only,mfs_file,/home/chukyu/t-sim/src/sim430d/sim430d.c,476,mpf_mfs_getrecm,1,GETREC,&fcb,,,"{""UNREACHABLE"": 1}",&fcb; SIM_DB,3401,"{""ADDED"": 1, ""OK_MACRO"": 1}",False,t-sim/src/sim430d/sim430d.c:17205 mpf_mfs_openm arg 3 > t-sim/src/sim430d/sim430d.c:17294 mpf_mfs_getrecm handle 1
both_unresolved,mfs_file,/home/chukyu/t-sim/src/sim430d/sim430d.c,881,mpf_mfs_readrec,1,READREC,&fcb,,,"{""UNREACHABLE"": 1}",,,{},False,
equal,mfs_file,/home/chukyu/t-sim/src/sim430d/sim430d.c,934,mpf_mfs_readrecn,1,READREC,&fcb,3419,3419,"{""EXACT"": 1}",&fcb; SIM_NEDOGAINO,3419,"{""ADDED"": 1, ""OK_MACRO"": 1}",False,t-sim/src/sim430d/sim430d.c:32146 mpf_mfs_openm arg 3 > t-sim/src/sim430d/sim430d.c:32332 mpf_mfs_readrecn handle 1
equal,mfs_file,/home/chukyu/t-sim/src/sim440d/Sim440dGenHatuPos.c,130,mpf_mfs_writerecn,1,WRITEREC,&fcb,3435,3435,"{""EXACT"": 1}",&fcb; SIM_HATU_POS,3435,"{""ADDED"": 1, ""OK_MACRO"": 1}",False,t-sim/src/sim440d/Sim440dGenHatuPos.c:4306 mpf_mfs_openm arg 3 > t-sim/src/sim440d/Sim440dGenHatuPos.c:4513 mpf_mfs_writerecn handle 1
equal,mfs_file,/home/chukyu/t-sim/src/sim440d/sim440d.c,716,mpf_mfs_readrecn,1,READREC,&fcb,3439,3439,"{""EXACT"": 1}",&fcb; SIM_ODO_TIME,3439,"{""ADDED"": 1, ""OK_MACRO"": 1}",False,t-sim/src/sim440d/sim440d.c:23778 mpf_mfs_openm arg 3 > t-sim/src/sim440d/sim440d.c:23940 mpf_mfs_readrecn handle 1
equal,mfs_file,/home/chukyu/t-sim/src/sim440d/sim440d.c,860,mpf_mfs_readrecn,1,READREC,&fcb,3435,3435,"{""EXACT"": 1}",&fcb; SIM_HATU_POS,3435,"{""ADDED"": 1, ""OK_MACRO"": 1}",False,t-sim/src/sim440d/sim440d.c:29980 mpf_mfs_openm arg 3 > t-sim/src/sim440d/sim440d.c:30142 mpf_mfs_readrecn handle 1
legacy_resolved_only,mfs_file,/home/chukyu/t-sim/src/sim440d/sim440d.c,955,mpf_mfs_getrecm,1,GETREC,&fcb,,,"{""UNREACHABLE"": 1}",&fcb; SIM_DB,3401,"{""ADDED"": 1, ""OK_MACRO"": 1}",False,t-sim/src/sim440d/sim440d.c:33088 mpf_mfs_openm arg 3 > t-sim/src/sim440d/sim440d.c:33243 mpf_mfs_getrecm handle 1
equal,mfs_file,/home/chukyu/t-sim/src/sim440d/sim440d.c,1087,mpf_mfs_readrecn,1,READREC,&fcb,3439,3439,"{""EXACT"": 1}",&fcb; SIM_ODO_TIME,3439,"{""ADDED"": 1, ""OK_MACRO"": 1}",False,t-sim/src/sim440d/sim440d.c:37595 mpf_mfs_openm arg 3 > t-sim/src/sim440d/sim440d.c:37757 mpf_mfs_readrecn handle 1
legacy_resolved_only,mfs_file,/home/chukyu/t-sim/src/sim440d/sim440d.c,1096,mpf_mfs_getrecm,1,GETREC,&fcb,,,"{""UNREACHABLE"": 1}",&fcb; SIM_DB,3401,"{""ADDED"": 1, ""OK_MACRO"": 1}",False,t-sim/src/sim440d/sim440d.c:37897 mpf_mfs_openm arg 3 > t-sim/src/sim440d/sim440d.c:38052 mpf_mfs_getrecm handle 1
equal,mfs_file,/home/chukyu/t-sim/src/sim499/sim499.c,477,mpf_mfs_readrecn,1,READREC,&fcb,3419,3419,"{""EXACT"": 1}",&fcb; SIM_NEDOGAINO,3419,"{""ADDED"": 1, ""OK_MACRO"": 1}",False,t-sim/src/sim499/sim499.c:14902 mpf_mfs_openm arg 3 > t-sim/src/sim499/sim499.c:15087 mpf_mfs_readrecn handle 1
equal,mfs_file,/home/chukyu/t-sim/src/sim499/sim499.c,522,mpf_mfs_readrecn,1,READREC,&fcb,3419,3419,"{""EXACT"": 1}",&fcb; SIM_NEDOGAINO,3419,"{""ADDED"": 1, ""OK_MACRO"": 1}",False,t-sim/src/sim499/sim499.c:16228 mpf_mfs_openm arg 3 > t-sim/src/sim499/sim499.c:16415 mpf_mfs_readrecn handle 1
equal,mfs_file,/home/chukyu/t-sim/src/sim499/sim499.c,541,mpf_mfs_writerecn,1,WRITEREC,&fcb,3419,3419,"{""EXACT"": 1}",&fcb; SIM_NEDOGAINO,3419,"{""ALREADY_PRESENT"": 1, ""OK_CONST"": 1}",True,t-sim/src/sim499/sim499.c:16847 mpf_mfs_writerecn handle 1
equal,mfs_file,/home/chukyu/t-sim/src/sim510d/sim510d.c,634,mpf_mfs_readrecn,1,READREC,&fcb,3408,3408,"{""EXACT"": 1}",&fcb; SIM_OPIFNO,3408,"{""ADDED"": 1, ""OK_MACRO"": 1}",False,t-sim/src/sim510d/sim510d.c:21980 mpf_mfs_open arg 3 > t-sim/src/sim510d/sim510d.c:22298 mpf_mfs_readrecn handle 1
legacy_resolved_only,mfs_file,/home/chukyu/t-sim/src/sim510d/sim510d.c,848,mpf_mfs_writerec,1,WRITEREC,&fcb,,,"{""UNREACHABLE"": 1}",&fcb; SIM_KEN_EXEC,3411,"{""ADDED"": 1, ""OK_MACRO"": 1}",False,t-sim/src/sim510d/sim510d.c:28769 mpf_mfs_open arg 3 > t-sim/src/sim510d/sim510d.c:29103 mpf_mfs_writerec handle 1
both_unresolved,mfs_file,/home/chukyu/t-sim/src/sim510d/sim510d.c,882,mpf_mfs_readrecn,1,READREC,&ken_fcb,,,"{""UNREACHABLE"": 1}",,,{},False,
equal,mfs_file,/home/chukyu/t-sim/src/sim510d/sim510d.c,945,mpf_mfs_readrecn,1,READREC,&fcb_shoki,3430,3430,"{""EXACT"": 1}",&fcb_shoki; SIM_SHOKI_SAVE,3430,"{""ADDED"": 1, ""OK_MACRO"": 1}",False,t-sim/src/sim510d/sim510d.c:31958 mpf_mfs_open arg 3 > t-sim/src/sim510d/sim510d.c:32302 mpf_mfs_readrecn handle 1
equal,mfs_file,/home/chukyu/t-sim/src/sim510d/sim510d.c,959,mpf_mfs_writerecn,1,WRITEREC,&fcb,3401,3401,"{""EXACT"": 1}",&fcb; SIM_DB,3401,"{""ADDED"": 1, ""OK_MACRO"": 1}",False,t-sim/src/sim510d/sim510d.c:32450 mpf_mfs_open arg 3 > t-sim/src/sim510d/sim510d.c:32738 mpf_mfs_writerecn handle 1
equal,mfs_file,/home/chukyu/t-sim/src/sim510d/sim510d_Choku.c,171,mpf_mfs_readrecn,1,READREC,&fcb,3408,3408,"{""EXACT"": 1}",&fcb; SIM_OPIFNO,3408,"{""ADDED"": 1, ""OK_MACRO"": 1}",False,t-sim/src/sim510d/sim510d_Choku.c:5321 mpf_mfs_open arg 3 > t-sim/src/sim510d/sim510d_Choku.c:5662 mpf_mfs_readrecn handle 1
equal,mfs_file,/home/chukyu/t-sim/src/sim510d/sim510d_Gamen.c,600,mpf_mfs_readrecn,1,READREC,&fcb,3408,3408,"{""EXACT"": 1}",&fcb; SIM_OPIFNO,3408,"{""ADDED"": 1, ""OK_MACRO"": 1}",False,t-sim/src/sim510d/sim510d_Gamen.c:19964 mpf_mfs_open arg 3 > t-sim/src/sim510d/sim510d_Gamen.c:20293 mpf_mfs_readrecn handle 1
equal,mfs_file,/home/chukyu/t-sim/src/sim510d/sim510d_Gamen.c,689,mpf_mfs_writerecn,1,WRITEREC,&fcb,3408,3408,"{""EXACT"": 1}",&fcb; SIM_OPIFNO,3408,"{""ALREADY_PRESENT"": 1, ""OK_CONST"": 1}",True,t-sim/src/sim510d/sim510d_Gamen.c:23187 mpf_mfs_writerecn handle 1
equal,mfs_file,/home/chukyu/t-sim/src/sim510d/sim510d_Gamen.c,757,mpf_mfs_readrecn,1,READREC,&fcb,3408,3408,"{""EXACT"": 1}",&fcb; SIM_OPIFNO,3408,"{""ADDED"": 1, ""OK_MACRO"": 1}",False,t-sim/src/sim510d/sim510d_Gamen.c:24844 mpf_mfs_open arg 3 > t-sim/src/sim510d/sim510d_Gamen.c:25172 mpf_mfs_readrecn handle 1
equal,mfs_file,/home/chukyu/t-sim/src/sim510d/sim510d_Gamen.c,845,mpf_mfs_writerecn,1,WRITEREC,&fcb,3408,3408,"{""EXACT"": 1}",&fcb; SIM_OPIFNO,3408,"{""ADDED"": 1, ""OK_MACRO"": 1}",False,t-sim/src/sim510d/sim510d_Gamen.c:24844 mpf_mfs_open arg 3 > t-sim/src/sim510d/sim510d_Gamen.c:28095 mpf_mfs_writerecn handle 1
equal,mfs_file,/home/chukyu/t-sim/src/sim510d/sim510d_Gamen.c,1292,mpf_mfs_readrecn,1,READREC,&fcb,3408,3408,"{""EXACT"": 1}",&fcb; SIM_OPIFNO,3408,"{""ADDED"": 1, ""OK_MACRO"": 1}",False,t-sim/src/sim510d/sim510d_Gamen.c:42126 mpf_mfs_open arg 3 > t-sim/src/sim510d/sim510d_Gamen.c:42480 mpf_mfs_readrecn handle 1
equal,mfs_file,/home/chukyu/t-sim/src/sim510d/sim510d_Gamen.c,1348,mpf_mfs_writerecn,1,WRITEREC,&fcb,3408,3408,"{""EXACT"": 1}",&fcb; SIM_OPIFNO,3408,"{""ADDED"": 1, ""OK_MACRO"": 1}",False,t-sim/src/sim510d/sim510d_Gamen.c:42126 mpf_mfs_open arg 3 > t-sim/src/sim510d/sim510d_Gamen.c:44393 mpf_mfs_writerecn handle 1
equal,mfs_file,/home/chukyu/t-sim/src/sim510d/sim510d_HatuChoku.c,129,mpf_mfs_readrecn,1,READREC,&fcb,3408,3408,"{""EXACT"": 1}",&fcb; SIM_OPIFNO,3408,"{""ADDED"": 1, ""OK_MACRO"": 1}",False,t-sim/src/sim510d/sim510d_HatuChoku.c:3992 mpf_mfs_open arg 3 > t-sim/src/sim510d/sim510d_HatuChoku.c:4333 mpf_mfs_readrecn handle 1
equal,mfs_file,/home/chukyu/t-sim/src/sim510d/sim510d_HatuChoku.c,270,mpf_mfs_readrecn,1,READREC,&fcb,3408,3408,"{""EXACT"": 1}",&fcb; SIM_OPIFNO,3408,"{""ADDED"": 1, ""OK_MACRO"": 1}",False,t-sim/src/sim510d/sim510d_HatuChoku.c:8582 mpf_mfs_open arg 3 > t-sim/src/sim510d/sim510d_HatuChoku.c:8923 mpf_mfs_readrecn handle 1
equal,mfs_file,/home/chukyu/t-sim/src/sim520d/sim520d_HatuChoku.c,53,mpf_mfs_readrecn,1,READREC,&fcb,3434,3434,"{""EXACT"": 1}",&fcb; SIM_HATU_HEN,3434,"{""ADDED"": 1, ""OK_MACRO"": 1}",False,t-sim/src/sim520d/sim520d_HatuChoku.c:1579 mpf_mfs_open arg 3 > t-sim/src/sim520d/sim520d_HatuChoku.c:1893 mpf_mfs_readrecn handle 1
legacy_resolved_only,mfs_file,/home/chukyu/t-sim/src/sim520d/sim520d_HatuChoku.c,337,mpf_mfs_getrecm,1,GETREC,&fcb,,,"{""UNREACHABLE"": 1}",&fcb; SIM_DB,3401,"{""ADDED"": 1, ""OK_MACRO"": 1}",False,t-sim/src/sim520d/sim520d_HatuChoku.c:11464 mpf_mfs_open arg 3 > t-sim/src/sim520d/sim520d_HatuChoku.c:11643 mpf_mfs_getrecm handle 1
legacy_resolved_only,mfs_file,/home/chukyu/t-sim/src/sim520d/sim520d_HatuChoku.c,429,mpf_mfs_getrecm,1,GETREC,&fcb,,,"{""UNREACHABLE"": 1}",&fcb; SIM_DB,3401,"{""ADDED"": 1, ""OK_MACRO"": 1}",False,t-sim/src/sim520d/sim520d_HatuChoku.c:14826 mpf_mfs_open arg 3 > t-sim/src/sim520d/sim520d_HatuChoku.c:15005 mpf_mfs_getrecm handle 1
equal,mfs_file,/home/chukyu/t-sim/src/sim520d/sim520d_Jikkou.c,400,mpf_mfs_readrecn,1,READREC,&fcb,3411,3411,"{""EXACT"": 1}",&fcb; SIM_KEN_EXEC,3411,"{""ADDED"": 1, ""OK_MACRO"": 1}",False,t-sim/src/sim520d/sim520d_Jikkou.c:12492 mpf_mfs_open arg 3 > t-sim/src/sim520d/sim520d_Jikkou.c:12728 mpf_mfs_readrecn handle 1
equal,mfs_file,/home/chukyu/t-sim/src/sim520d/sim520d_Jikkou.c,452,mpf_mfs_readrecn,1,READREC,&fcb2,3403,3403,"{""EXACT"": 1}",&fcb2; SIM_KEN_LST,3403,"{""ADDED"": 1, ""OK_MACRO"": 1}",False,t-sim/src/sim520d/sim520d_Jikkou.c:14666 mpf_mfs_open arg 3 > t-sim/src/sim520d/sim520d_Jikkou.c:14937 mpf_mfs_readrecn handle 1
equal,mfs_file,/home/chukyu/t-sim/src/sim520d/sim520d_Jikkou.c,469,mpf_mfs_writerecn,1,WRITEREC,&fcb,3411,3411,"{""EXACT"": 1}",&fcb; SIM_KEN_EXEC,3411,"{""ADDED"": 1, ""OK_MACRO"": 1}",False,t-sim/src/sim520d/sim520d_Jikkou.c:12492 mpf_mfs_open arg 3 > t-sim/src/sim520d/sim520d_Jikkou.c:15456 mpf_mfs_writerecn handle 1
both_unresolved,mfs_file,/home/chukyu/t-sim/src/sim520d/sim520d_Jikkou.c,505,mpf_mfs_writerecn,1,WRITEREC,&fcb,,,"{""UNREACHABLE"": 1}",,,{},False,
both_unresolved,mfs_file,/home/chukyu/t-sim/src/sim520d/sim520d_Jikkou.c,540,mpf_mfs_readrecn,1,READREC,&fcb,,,"{""UNREACHABLE"": 1}",,,{},False,
equal,mfs_file,/home/chukyu/t-sim/src/sim520d/sim520d_Jikkou.c,594,mpf_mfs_writerecn,1,WRITEREC,&fcb,3411,3411,"{""EXACT"": 1}",&fcb; SIM_KEN_EXEC,3411,"{""ADDED"": 1, ""OK_MACRO"": 1}",False,t-sim/src/sim520d/sim520d_Jikkou.c:19281 mpf_mfs_open arg 3 > t-sim/src/sim520d/sim520d_Jikkou.c:19587 mpf_mfs_writerecn handle 1
equal,mfs_file,/home/chukyu/t-sim/src/sim520d/sim520d_Jikkou.c,854,mpf_mfs_writerecn,1,WRITEREC,&fcb,3411,3411,"{""EXACT"": 1}",&fcb; SIM_KEN_EXEC,3411,"{""ADDED"": 1, ""OK_MACRO"": 1}",False,t-sim/src/sim520d/sim520d_Jikkou.c:27942 mpf_mfs_open arg 3 > t-sim/src/sim520d/sim520d_Jikkou.c:28105 mpf_mfs_writerecn handle 1
equal,mfs_file,/home/chukyu/t-sim/src/sim520d/sim520d_Jikkou.c,1459,mpf_mfs_readrecn,1,READREC,&fcb,3432,3432,"{""EXACT"": 1}",&fcb; SIM_TEJUN_SAVE,3432,"{""ADDED"": 1, ""OK_MACRO"": 1}",False,t-sim/src/sim520d/sim520d_Jikkou.c:49164 mpf_mfs_open arg 3 > t-sim/src/sim520d/sim520d_Jikkou.c:49411 mpf_mfs_readrecn handle 1
both_unresolved,mfs_file,/home/chukyu/t-sim/src/sim520d/sim520d_Shoki.c,88,mpf_mfs_readrecn,1,READREC,&fcb,,,"{""UNREACHABLE"": 1}",,,{},False,
both_unresolved,mfs_file,/home/chukyu/t-sim/src/sim520d/sim520d_Shoki.c,100,mpf_mfs_writerecn,1,WRITEREC,&fcb,,,"{""UNREACHABLE"": 1}",,,{},False,
legacy_resolved_only,mfs_file,/home/chukyu/t-sim/src/sim530d/sim530d.c,835,mpf_mfs_open,3,READ,,,,{},fno,3403; 3404; 3406; 3407,"{""OK_MACRO"": 4}",False,t-sim/src/sim530d/sim530d.c:13627 sim530d_FileOpen arg 1 > [t-sim/src/sim530d/sim530d.c]sim530d_FileOpen.param1(fno) > t-sim/src/sim530d/sim530d.c:28689 mpf_mfs_open arg 3 || t-sim/src/sim530d/sim530d.c:17660 sim530d_CopyTejun arg 1 > [t-sim/src/sim530d/sim530d.c]sim530d_CopyTejun.param1(no) > t-sim/src/sim530d/sim530d.c:35180 sim530d_FileOpen arg 1 > [t-sim/src/sim530d/sim530d.c]sim530d_FileOpen.param1(fno) > t-sim/src/sim530d/sim530d.c:28689 mpf_mfs_open arg 3 || t-sim/src/sim530d/sim530d.c:23817 sim530d_CopyTejun arg 1 > [t-sim/src/sim530d/sim530d.c]sim530d_CopyTejun.param1(no) > t-sim/src/sim530d/sim530d.c:35180 sim530d_FileOpen arg 1 > [t-sim/src/sim530d/sim530d.c]sim530d_FileOpen.param1(fno) > t-sim/src/sim530d/sim530d.c:28689 mpf_mfs_open arg 3 || t-sim/src/sim530d/sim530d.c:25538 sim530d_CopyTejun arg 1 > [t-sim/src/sim530d/sim530d.c]sim530d_CopyTejun.param1(no) > t-sim/src/sim530d/sim530d.c:35180 sim530d_FileOpen arg 1 > [t-sim/src/sim530d/sim530d.c]sim530d_FileOpen.param1(fno) > t-sim/src/sim530d/sim530d.c:28689 mpf_mfs_open arg 3
equal,mfs_file,/home/chukyu/t-sim/src/sim530d/sim530d.c,869,mpf_mfs_readrecn,1,READREC,&sim530d_fcb,3403; 3404; 3406; 3407,3403; 3404; 3406; 3407,"{""EXACT"": 4}",&sim530d_fcb; SIM_KEN_BUF; SIM_KEN_LST; SIM_TEJUN; SIM_TENKAI_BUF,3403; 3404; 3406; 3407,"{""ADDED"": 4, ""OK_MACRO"": 4}",False,t-sim/src/sim530d/sim530d.c:13627 sim530d_FileOpen arg 1 > [t-sim/src/sim530d/sim530d.c]sim530d_FileOpen.param1(fno) > t-sim/src/sim530d/sim530d.c:28689 mpf_mfs_open arg 3 > t-sim/src/sim530d/sim530d.c:29755 mpf_mfs_readrecn handle 1 || t-sim/src/sim530d/sim530d.c:17660 sim530d_CopyTejun arg 1 > [t-sim/src/sim530d/sim530d.c]sim530d_CopyTejun.param1(no) > t-sim/src/sim530d/sim530d.c:35180 sim530d_FileOpen arg 1 > [t-sim/src/sim530d/sim530d.c]sim530d_FileOpen.param1(fno) > t-sim/src/sim530d/sim530d.c:28689 mpf_mfs_open arg 3 > t-sim/src/sim530d/sim530d.c:29755 mpf_mfs_readrecn handle 1 || t-sim/src/sim530d/sim530d.c:23817 sim530d_CopyTejun arg 1 > [t-sim/src/sim530d/sim530d.c]sim530d_CopyTejun.param1(no) > t-sim/src/sim530d/sim530d.c:35180 sim530d_FileOpen arg 1 > [t-sim/src/sim530d/sim530d.c]sim530d_FileOpen.param1(fno) > t-sim/src/sim530d/sim530d.c:28689 mpf_mfs_open arg 3 > t-sim/src/sim530d/sim530d.c:29755 mpf_mfs_readrecn handle 1 || t-sim/src/sim530d/sim530d.c:25538 sim530d_CopyTejun arg 1 > [t-sim/src/sim530d/sim530d.c]sim530d_CopyTejun.param1(no) > t-sim/src/sim530d/sim530d.c:35180 sim530d_FileOpen arg 1 > [t-sim/src/sim530d/sim530d.c]sim530d_FileOpen.param1(fno) > t-sim/src/sim530d/sim530d.c:28689 mpf_mfs_open arg 3 > t-sim/src/sim530d/sim530d.c:29755 mpf_mfs_readrecn handle 1
equal,mfs_file,/home/chukyu/t-sim/src/sim530d/sim530d.c,898,mpf_mfs_writerecn,1,WRITEREC,&sim530d_fcb,3403; 3404; 3406; 3407,3403; 3404; 3406; 3407,"{""EXACT"": 4}",&sim530d_fcb; SIM_KEN_BUF; SIM_KEN_LST; SIM_TEJUN; SIM_TENKAI_BUF,3403; 3404; 3406; 3407,"{""ADDED"": 4, ""OK_MACRO"": 4}",False,t-sim/src/sim530d/sim530d.c:13627 sim530d_FileOpen arg 1 > [t-sim/src/sim530d/sim530d.c]sim530d_FileOpen.param1(fno) > t-sim/src/sim530d/sim530d.c:28689 mpf_mfs_open arg 3 > t-sim/src/sim530d/sim530d.c:30654 mpf_mfs_writerecn handle 1 || t-sim/src/sim530d/sim530d.c:17660 sim530d_CopyTejun arg 1 > [t-sim/src/sim530d/sim530d.c]sim530d_CopyTejun.param1(no) > t-sim/src/sim530d/sim530d.c:35180 sim530d_FileOpen arg 1 > [t-sim/src/sim530d/sim530d.c]sim530d_FileOpen.param1(fno) > t-sim/src/sim530d/sim530d.c:28689 mpf_mfs_open arg 3 > t-sim/src/sim530d/sim530d.c:30654 mpf_mfs_writerecn handle 1 || t-sim/src/sim530d/sim530d.c:23817 sim530d_CopyTejun arg 1 > [t-sim/src/sim530d/sim530d.c]sim530d_CopyTejun.param1(no) > t-sim/src/sim530d/sim530d.c:35180 sim530d_FileOpen arg 1 > [t-sim/src/sim530d/sim530d.c]sim530d_FileOpen.param1(fno) > t-sim/src/sim530d/sim530d.c:28689 mpf_mfs_open arg 3 > t-sim/src/sim530d/sim530d.c:30654 mpf_mfs_writerecn handle 1 || t-sim/src/sim530d/sim530d.c:25538 sim530d_CopyTejun arg 1 > [t-sim/src/sim530d/sim530d.c]sim530d_CopyTejun.param1(no) > t-sim/src/sim530d/sim530d.c:35180 sim530d_FileOpen arg 1 > [t-sim/src/sim530d/sim530d.c]sim530d_FileOpen.param1(fno) > t-sim/src/sim530d/sim530d.c:28689 mpf_mfs_open arg 3 > t-sim/src/sim530d/sim530d.c:30654 mpf_mfs_writerecn handle 1
equal,mfs_file,/home/chukyu/t-sim/src/sim530d/sim530d.c,1033,mpf_mfs_readrecn,1,READREC,&fcb,3432,3432,"{""EXACT"": 1}",&fcb; SIM_TEJUN_SAVE,3432,"{""ADDED"": 1, ""OK_MACRO"": 1}",False,t-sim/src/sim530d/sim530d.c:34853 mpf_mfs_open arg 3 > t-sim/src/sim530d/sim530d.c:35026 mpf_mfs_readrecn handle 1
equal,mfs_file,/home/chukyu/t-sim/src/sim530d/sim530d.c,1079,mpf_mfs_writerecn,1,WRITEREC,&fcb,3432,3432,"{""EXACT"": 1}",&fcb; SIM_TEJUN_SAVE,3432,"{""ADDED"": 1, ""OK_MACRO"": 1}",False,t-sim/src/sim530d/sim530d.c:36308 mpf_mfs_open arg 3 > t-sim/src/sim530d/sim530d.c:36470 mpf_mfs_writerecn handle 1
equal,mfs_file,/home/chukyu/t-sim/src/sim530d/sim530d.c,1426,mpf_mfs_readrecn,1,READREC,&fcb,3431,3431,"{""EXACT"": 1}",&fcb; SIM_TJN_SUBNO,3431,"{""ADDED"": 1, ""OK_MACRO"": 1}",False,t-sim/src/sim530d/sim530d.c:46990 mpf_mfs_open arg 3 > t-sim/src/sim530d/sim530d.c:47146 mpf_mfs_readrecn handle 1
equal,mfs_file,/home/chukyu/t-sim/src/sim530d/sim530d.c,1473,mpf_mfs_readrecn,1,READREC,&fcb,3431,3431,"{""EXACT"": 1}",&fcb; SIM_TJN_SUBNO,3431,"{""ADDED"": 1, ""OK_MACRO"": 1}",False,t-sim/src/sim530d/sim530d.c:48367 mpf_mfs_open arg 3 > t-sim/src/sim530d/sim530d.c:48524 mpf_mfs_readrecn handle 1
equal,mfs_file,/home/chukyu/t-sim/src/sim530d/sim530d.c,1479,mpf_mfs_writerecn,1,WRITEREC,&fcb,3431,3431,"{""EXACT"": 1}",&fcb; SIM_TJN_SUBNO,3431,"{""ADDED"": 1, ""OK_MACRO"": 1}",False,t-sim/src/sim530d/sim530d.c:48367 mpf_mfs_open arg 3 > t-sim/src/sim530d/sim530d.c:48709 mpf_mfs_writerecn handle 1
legacy_resolved_only,mfs_file,/home/chukyu/t-sim/src/sim540d/sim540d.c,756,mpf_mfs_open,3,READ,,,,{},fno,3401; 3402; 3412,"{""OK_MACRO"": 3}",False,t-sim/src/sim540d/sim540d.c:30122 sim540d_FileOpen arg 1 > [t-sim/src/sim540d/sim540d.c]sim540d_FileOpen.param1(fno) > t-sim/src/sim540d/sim540d.c:23822 mpf_mfs_open arg 3 || t-sim/src/sim540d/sim540d.c:34936 sim540d_GetKeitouBuf arg 1 > [t-sim/src/sim540d/sim540d.c]sim540d_GetKeitouBuf.param1(no) > t-sim/src/sim540d/sim540d.c:33847 sim540d_FileOpen arg 1 > [t-sim/src/sim540d/sim540d.c]sim540d_FileOpen.param1(fno) > t-sim/src/sim540d/sim540d.c:23822 mpf_mfs_open arg 3 || t-sim/src/sim540d/sim540d.c:42680 sim540d_GetKeitouBuf arg 1 > [t-sim/src/sim540d/sim540d.c]sim540d_GetKeitouBuf.param1(no) > t-sim/src/sim540d/sim540d.c:33847 sim540d_FileOpen arg 1 > [t-sim/src/sim540d/sim540d.c]sim540d_FileOpen.param1(fno) > t-sim/src/sim540d/sim540d.c:23822 mpf_mfs_open arg 3
equal,mfs_file,/home/chukyu/t-sim/src/sim540d/sim540d.c,789,mpf_mfs_readrecn,1,READREC,&sim540d_fcb,3401; 3402; 3412,3401; 3402; 3412,"{""EXACT"": 3}",&sim540d_fcb; SIM_DB; SIM_SHOKI_LST; SIM_SHOKI_ST,3401; 3402; 3412,"{""ADDED"": 3, ""OK_MACRO"": 3}",False,t-sim/src/sim540d/sim540d.c:30122 sim540d_FileOpen arg 1 > [t-sim/src/sim540d/sim540d.c]sim540d_FileOpen.param1(fno) > t-sim/src/sim540d/sim540d.c:23822 mpf_mfs_open arg 3 > t-sim/src/sim540d/sim540d.c:24879 mpf_mfs_readrecn handle 1 || t-sim/src/sim540d/sim540d.c:34936 sim540d_GetKeitouBuf arg 1 > [t-sim/src/sim540d/sim540d.c]sim540d_GetKeitouBuf.param1(no) > t-sim/src/sim540d/sim540d.c:33847 sim540d_FileOpen arg 1 > [t-sim/src/sim540d/sim540d.c]sim540d_FileOpen.param1(fno) > t-sim/src/sim540d/sim540d.c:23822 mpf_mfs_open arg 3 > t-sim/src/sim540d/sim540d.c:24879 mpf_mfs_readrecn handle 1 || t-sim/src/sim540d/sim540d.c:42680 sim540d_GetKeitouBuf arg 1 > [t-sim/src/sim540d/sim540d.c]sim540d_GetKeitouBuf.param1(no) > t-sim/src/sim540d/sim540d.c:33847 sim540d_FileOpen arg 1 > [t-sim/src/sim540d/sim540d.c]sim540d_FileOpen.param1(fno) > t-sim/src/sim540d/sim540d.c:23822 mpf_mfs_open arg 3 > t-sim/src/sim540d/sim540d.c:24879 mpf_mfs_readrecn handle 1
equal,mfs_file,/home/chukyu/t-sim/src/sim540d/sim540d.c,818,mpf_mfs_writerecn,1,WRITEREC,&sim540d_fcb,3401; 3402; 3412,3401; 3402; 3412,"{""EXACT"": 3}",&sim540d_fcb; SIM_DB; SIM_SHOKI_LST; SIM_SHOKI_ST,3401; 3402; 3412,"{""ADDED"": 3, ""OK_MACRO"": 3}",False,t-sim/src/sim540d/sim540d.c:30122 sim540d_FileOpen arg 1 > [t-sim/src/sim540d/sim540d.c]sim540d_FileOpen.param1(fno) > t-sim/src/sim540d/sim540d.c:23822 mpf_mfs_open arg 3 > t-sim/src/sim540d/sim540d.c:25771 mpf_mfs_writerecn handle 1 || t-sim/src/sim540d/sim540d.c:34936 sim540d_GetKeitouBuf arg 1 > [t-sim/src/sim540d/sim540d.c]sim540d_GetKeitouBuf.param1(no) > t-sim/src/sim540d/sim540d.c:33847 sim540d_FileOpen arg 1 > [t-sim/src/sim540d/sim540d.c]sim540d_FileOpen.param1(fno) > t-sim/src/sim540d/sim540d.c:23822 mpf_mfs_open arg 3 > t-sim/src/sim540d/sim540d.c:25771 mpf_mfs_writerecn handle 1 || t-sim/src/sim540d/sim540d.c:42680 sim540d_GetKeitouBuf arg 1 > [t-sim/src/sim540d/sim540d.c]sim540d_GetKeitouBuf.param1(no) > t-sim/src/sim540d/sim540d.c:33847 sim540d_FileOpen arg 1 > [t-sim/src/sim540d/sim540d.c]sim540d_FileOpen.param1(fno) > t-sim/src/sim540d/sim540d.c:23822 mpf_mfs_open arg 3 > t-sim/src/sim540d/sim540d.c:25771 mpf_mfs_writerecn handle 1
equal,mfs_file,/home/chukyu/t-sim/src/sim540d/sim540d.c,1141,mpf_mfs_writerecn,1,WRITEREC,&fcb,3430,3430,"{""EXACT"": 1}",&fcb; SIM_SHOKI_SAVE,3430,"{""ADDED"": 1, ""OK_MACRO"": 1}",False,t-sim/src/sim540d/sim540d.c:35116 mpf_mfs_open arg 3 > t-sim/src/sim540d/sim540d.c:35429 mpf_mfs_writerecn handle 1
equal,mfs_file,/home/chukyu/t-sim/src/sim540d/sim540d.c,1180,mpf_mfs_readrecn,1,READREC,&fcb,3430,3430,"{""EXACT"": 1}",&fcb; SIM_SHOKI_SAVE,3430,"{""ADDED"": 1, ""OK_MACRO"": 1}",False,t-sim/src/sim540d/sim540d.c:36324 mpf_mfs_open arg 3 > t-sim/src/sim540d/sim540d.c:36589 mpf_mfs_readrecn handle 1
equal,mfs_file,/home/chukyu/t-sim/src/sim540d/sim540d.c,1280,mpf_mfs_writerecn,1,WRITEREC,&fcb,3430,3430,"{""EXACT"": 1}",&fcb; SIM_SHOKI_SAVE,3430,"{""ADDED"": 1, ""OK_MACRO"": 1}",False,t-sim/src/sim540d/sim540d.c:39356 mpf_mfs_open arg 3 > t-sim/src/sim540d/sim540d.c:39623 mpf_mfs_writerecn handle 1
equal,mfs_file,/home/chukyu/t-sim/src/sim560/sim560.c,287,mpf_mfs_readrecn,1,READREC,&sim560_fcb,3402,3402,"{""EXACT"": 1}",&sim560_fcb; SIM_SHOKI_LST,3402,"{""ADDED"": 1, ""OK_MACRO"": 1}",False,t-sim/src/sim560/sim560.c:10627 mpf_mfs_open arg 3 > t-sim/src/sim560/sim560.c:10815 mpf_mfs_readrecn handle 1
equal,mfs_file,/home/chukyu/t-sim/src/sim560/sim560.c,288,mpf_mfs_readrecn,1,READREC,&sim560_fcb,3402,3402,"{""EXACT"": 1}",&sim560_fcb; SIM_SHOKI_LST,3402,"{""ADDED"": 1, ""OK_MACRO"": 1}",False,t-sim/src/sim560/sim560.c:10627 mpf_mfs_open arg 3 > t-sim/src/sim560/sim560.c:10874 mpf_mfs_readrecn handle 1
equal,mfs_file,/home/chukyu/t-sim/src/sim560/sim560.c,400,mpf_mfs_readrecn,1,READREC,&fcb,3430,3430,"{""EXACT"": 1}",&fcb; SIM_SHOKI_SAVE,3430,"{""ADDED"": 1, ""OK_MACRO"": 1}",False,t-sim/src/sim560/sim560.c:14306 mpf_mfs_open arg 3 > t-sim/src/sim560/sim560.c:14574 mpf_mfs_readrecn handle 1
equal,mfs_file,/home/chukyu/t-sim/src/sim560/sim560.c,432,mpf_mfs_writerecn,1,WRITEREC,&fcb,3430,3430,"{""EXACT"": 1}",&fcb; SIM_SHOKI_SAVE,3430,"{""ADDED"": 1, ""OK_MACRO"": 1}",False,t-sim/src/sim560/sim560.c:15328 mpf_mfs_open arg 3 > t-sim/src/sim560/sim560.c:15588 mpf_mfs_writerecn handle 1
equal,mfs_file,/home/chukyu/t-sim/src/sim560/sim560.c,504,mpf_mfs_readrecn,1,READREC,&sim560_fcb,3403,3403,"{""EXACT"": 1}",&sim560_fcb; SIM_KEN_LST,3403,"{""ADDED"": 1, ""OK_MACRO"": 1}",False,t-sim/src/sim560/sim560.c:17452 mpf_mfs_open arg 3 > t-sim/src/sim560/sim560.c:17646 mpf_mfs_readrecn handle 1
equal,mfs_file,/home/chukyu/t-sim/src/sim560/sim560.c,505,mpf_mfs_readrecn,1,READREC,&sim560_fcb,3403,3403,"{""EXACT"": 1}",&sim560_fcb; SIM_KEN_LST,3403,"{""ADDED"": 1, ""OK_MACRO"": 1}",False,t-sim/src/sim560/sim560.c:17452 mpf_mfs_open arg 3 > t-sim/src/sim560/sim560.c:17703 mpf_mfs_readrecn handle 1
equal,mfs_file,/home/chukyu/t-sim/src/sim560/sim560.c,535,mpf_mfs_readrecn,1,READREC,&fcb,3432,3432,"{""EXACT"": 1}",&fcb; SIM_TEJUN_SAVE,3432,"{""ADDED"": 1, ""OK_MACRO"": 1}",False,t-sim/src/sim560/sim560.c:18423 mpf_mfs_open arg 3 > t-sim/src/sim560/sim560.c:18686 mpf_mfs_readrecn handle 1
equal,mfs_file,/home/chukyu/t-sim/src/sim560/sim560.c,536,mpf_mfs_readrecn,1,READREC,&fcb,3432,3432,"{""EXACT"": 1}",&fcb; SIM_TEJUN_SAVE,3432,"{""ADDED"": 1, ""OK_MACRO"": 1}",False,t-sim/src/sim560/sim560.c:18423 mpf_mfs_open arg 3 > t-sim/src/sim560/sim560.c:18736 mpf_mfs_readrecn handle 1
equal,mfs_file,/home/chukyu/t-sim/src/sim560/sim560.c,567,mpf_mfs_writerecn,1,WRITEREC,&fcb,3432,3432,"{""EXACT"": 1}",&fcb; SIM_TEJUN_SAVE,3432,"{""ADDED"": 1, ""OK_MACRO"": 1}",False,t-sim/src/sim560/sim560.c:19505 mpf_mfs_open arg 3 > t-sim/src/sim560/sim560.c:19761 mpf_mfs_writerecn handle 1
equal,mfs_file,/home/chukyu/t-sim/src/sim560/sim560.c,569,mpf_mfs_writerecn,1,WRITEREC,&fcb,3432,3432,"{""EXACT"": 1}",&fcb; SIM_TEJUN_SAVE,3432,"{""ADDED"": 1, ""OK_MACRO"": 1}",False,t-sim/src/sim560/sim560.c:19505 mpf_mfs_open arg 3 > t-sim/src/sim560/sim560.c:19849 mpf_mfs_writerecn handle 1
equal,mfs_file,/home/chukyu/t-sim/src/sim560/sim560.c,954,mpf_mfs_readrecn,1,READREC,&fcb,3439,3439,"{""EXACT"": 1}",&fcb; SIM_ODO_TIME,3439,"{""ADDED"": 1, ""OK_MACRO"": 1}",False,t-sim/src/sim560/sim560.c:33483 mpf_mfs_openm arg 3 > t-sim/src/sim560/sim560.c:33646 mpf_mfs_readrecn handle 1
equal,mfs_file,/home/chukyu/t-sim/src/sim560/sim560.c,987,mpf_mfs_writerecn,1,WRITEREC,&fcb,3439,3439,"{""EXACT"": 1}",&fcb; SIM_ODO_TIME,3439,"{""ADDED"": 1, ""OK_MACRO"": 1}",False,t-sim/src/sim560/sim560.c:33483 mpf_mfs_openm arg 3 > t-sim/src/sim560/sim560.c:34963 mpf_mfs_writerecn handle 1
both_unresolved,mfs_file,/home/chukyu/t-sim/src/sim570d/Sim570dEvt.c,323,mpf_mfs_writerec,1,WRITEREC,&fcb,,,"{""UNREACHABLE"": 1}",,,{},False,
both_unresolved,mfs_file,/home/chukyu/t-sim/src/sim570d/Sim570dEvt.c,365,mpf_mfs_readrecn,1,READREC,&fcb_shoki,,,"{""UNREACHABLE"": 1}",,,{},False,
both_unresolved,mfs_file,/home/chukyu/t-sim/src/sim570d/Sim570dEvt.c,377,mpf_mfs_writerecn,1,WRITEREC,&fcb,,,"{""UNREACHABLE"": 1}",,,{},False,
both_unresolved,mfs_file,/home/chukyu/t-sim/src/sim570d/Sim570dEvt.c,701,mpf_mfs_getrecm,1,GETREC,&fcb,,,"{""UNREACHABLE"": 1}",,,{},False,
both_unresolved,mfs_file,/home/chukyu/t-sim/src/sim570d/Sim570dEvt.c,775,mpf_mfs_getrecm,1,GETREC,&fcb,,,"{""UNREACHABLE"": 1}",,,{},False,
both_unresolved,mfs_file,/home/chukyu/t-sim/src/sim570d/Sim570dEvt.c,2281,mpf_mfs_readrecn,1,READREC,&fcb,,,"{""UNREACHABLE"": 1}",,,{},False,
both_unresolved,mfs_file,/home/chukyu/t-sim/src/sim570d/SimDevFailS.c,62,mpf_mfs_readrecm,1,READREC,&fcb,,,"{""UNREACHABLE"": 1}",,,{},False,
both_unresolved,mfs_file,/home/chukyu/t-sim/src/sim570d/SimStat0Ch.c,54,mpf_mfs_readrecm,1,READREC,&fcb,,,"{""UNREACHABLE"": 1}",,,{},False,
legacy_resolved_only,mfs_file,/home/chukyu/t-sim/src/sim730/sim730.c,682,mpf_mfs_open,3,READ,,,,{},fno,3403,"{""OK_MACRO"": 1}",False,t-sim/src/sim730/sim730.c:26806 sim730_FileOpen arg 1 > [t-sim/src/sim730/sim730.c]sim730_FileOpen.param1(fno) > t-sim/src/sim730/sim730.c:23241 mpf_mfs_open arg 3
legacy_resolved_only,mfs_file,/home/chukyu/t-sim/src/sim730/sim730.c,697,mpf_mfs_open,3,READ,,,,{},fno,3403,"{""OK_MACRO"": 1}",False,t-sim/src/sim730/sim730.c:26806 sim730_FileOpen arg 1 > [t-sim/src/sim730/sim730.c]sim730_FileOpen.param1(fno) > t-sim/src/sim730/sim730.c:23700 mpf_mfs_open arg 3
legacy_resolved_only,mfs_file,/home/chukyu/t-sim/src/sim730/sim730.c,704,mpf_mfs_open,3,READ,,,,{},fno,3403,"{""OK_MACRO"": 1}",False,t-sim/src/sim730/sim730.c:26806 sim730_FileOpen arg 1 > [t-sim/src/sim730/sim730.c]sim730_FileOpen.param1(fno) > t-sim/src/sim730/sim730.c:23995 mpf_mfs_open arg 3
both_unresolved,mfs_file,/home/chukyu/t-sim/src/sim730/sim730.c,747,mpf_mfs_readrecn,1,READREC,rfcb,,,"{""UNRESOLVED"": 1}",rfcb,,"{""OK_CONST"": 1}",True,t-sim/src/sim730/sim730.c:26987 sim730_FileRead handle 4 > t-sim/src/sim730/sim730.c:25345 mpf_mfs_readrecn handle 1
both_unresolved,mfs_file,/home/chukyu/t-sim/src/sim730/sim730.c,772,mpf_mfs_writerecn,1,WRITEREC,wfcb,,,"{""UNREACHABLE"": 1}",,,{},False,
legacy_resolved_only,mfs_file,/home/chukyu/t-sim/src/sim735/sim735.c,1133,mpf_mfs_open,3,READ,,,,{},fno,3404; 3405,"{""OK_MACRO"": 2}",False,t-sim/src/sim735/tejun.c:52248 sim735_FileOpen arg 1 > [t-sim/src/sim735/sim735.c]sim735_FileOpen.param1(fno) > t-sim/src/sim735/sim735.c:39039 mpf_mfs_open arg 3 || t-sim/src/sim735/tejun.c:62964 sim735_FileOpen arg 1 > [t-sim/src/sim735/sim735.c]sim735_FileOpen.param1(fno) > t-sim/src/sim735/sim735.c:39039 mpf_mfs_open arg 3
legacy_resolved_only,mfs_file,/home/chukyu/t-sim/src/sim735/sim735.c,1145,mpf_mfs_open,3,READ,,,,{},fno,3404; 3405,"{""OK_MACRO"": 2}",False,t-sim/src/sim735/tejun.c:52248 sim735_FileOpen arg 1 > [t-sim/src/sim735/sim735.c]sim735_FileOpen.param1(fno) > t-sim/src/sim735/sim735.c:39495 mpf_mfs_open arg 3 || t-sim/src/sim735/tejun.c:62964 sim735_FileOpen arg 1 > [t-sim/src/sim735/sim735.c]sim735_FileOpen.param1(fno) > t-sim/src/sim735/sim735.c:39495 mpf_mfs_open arg 3
legacy_resolved_only,mfs_file,/home/chukyu/t-sim/src/sim735/sim735.c,1152,mpf_mfs_open,3,READ,,,,{},fno,3404; 3405,"{""OK_MACRO"": 2}",False,t-sim/src/sim735/tejun.c:52248 sim735_FileOpen arg 1 > [t-sim/src/sim735/sim735.c]sim735_FileOpen.param1(fno) > t-sim/src/sim735/sim735.c:39790 mpf_mfs_open arg 3 || t-sim/src/sim735/tejun.c:62964 sim735_FileOpen arg 1 > [t-sim/src/sim735/sim735.c]sim735_FileOpen.param1(fno) > t-sim/src/sim735/sim735.c:39790 mpf_mfs_open arg 3
legacy_resolved_only,mfs_file,/home/chukyu/t-sim/src/sim735/sim735.c,1198,mpf_mfs_readrecn,1,READREC,rfcb,,,"{""UNRESOLVED"": 2}",SIM_KEN_DB; SIM_TEJUN; rfcb,3404; 3405,"{""ADDED"": 2, ""OK_CONST"": 2}",True,t-sim/src/sim735/tejun.c:52493 sim735_FileRead handle 4 > t-sim/src/sim735/sim735.c:41195 mpf_mfs_readrecn handle 1 || t-sim/src/sim735/tejun.c:63162 sim735_FileRead handle 4 > t-sim/src/sim735/sim735.c:41195 mpf_mfs_readrecn handle 1
legacy_resolved_only,mfs_file,/home/chukyu/t-sim/src/sim735/sim735.c,1222,mpf_mfs_writerecn,1,WRITEREC,wfcb,,,"{""UNRESOLVED"": 1}",SIM_KEN_DB; wfcb,3405,"{""ADDED"": 1, ""OK_CONST"": 1}",True,t-sim/src/sim735/tejun.c:53244 sim735_FileWrite handle 4 > t-sim/src/sim735/sim735.c:41941 mpf_mfs_writerecn handle 1
legacy_resolved_only,mfs_file,/home/chukyu/t-sim/src/sim740/sim740.c,371,mpf_mfs_open,3,READ,,,,{},fno,3402,"{""OK_MACRO"": 1}",False,t-sim/src/sim740/sim740.c:15037 sim740_FileOpen arg 1 > [t-sim/src/sim740/sim740.c]sim740_FileOpen.param1(fno) > t-sim/src/sim740/sim740.c:12569 mpf_mfs_open arg 3
legacy_resolved_only,mfs_file,/home/chukyu/t-sim/src/sim740/sim740.c,384,mpf_mfs_open,3,READ,,,,{},fno,3402,"{""OK_MACRO"": 1}",False,t-sim/src/sim740/sim740.c:15037 sim740_FileOpen arg 1 > [t-sim/src/sim740/sim740.c]sim740_FileOpen.param1(fno) > t-sim/src/sim740/sim740.c:12930 mpf_mfs_open arg 3
legacy_resolved_only,mfs_file,/home/chukyu/t-sim/src/sim740/sim740.c,431,mpf_mfs_readrecn,1,READREC,fcb,,,"{""UNRESOLVED"": 1}",SIM_SHOKI_LST; fcb,3402,"{""ADDED"": 1, ""OK_CONST"": 1}",True,t-sim/src/sim740/sim740.c:15269 sim740_FileRead handle 4 > t-sim/src/sim740/sim740.c:14362 mpf_mfs_readrecn handle 1
both_unresolved,mfs_file,/home/chukyu/t-sim/src/sim770/sim770.c,712,mpf_mfs_open,3,OPEN_LOCK,fno,,,"{""UNREACHABLE"": 1}",,,{},False,
both_unresolved,mfs_file,/home/chukyu/t-sim/src/sim770/sim770.c,720,mpf_mfs_open,3,OPEN_LOCK,fno,,,"{""UNREACHABLE"": 1}",,,{},False,
both_unresolved,mfs_file,/home/chukyu/t-sim/src/sim770/sim770.c,767,mpf_mfs_readrecn,1,READREC,fcb,,,"{""UNREACHABLE"": 1}",,,{},False,
both_unresolved,mfs_file,/home/chukyu/t-sim/src/sim780/sim780_cb.c,1023,mpf_mfs_writerec,1,WRITEREC,&fcb,,,"{""UNREACHABLE"": 1}",,,{},False,
both_unresolved,mfs_file,/home/chukyu/t-sim/src/sim780/sim780_cb.c,1331,mpf_mfs_writerec,1,WRITEREC,&fcb,,,"{""UNREACHABLE"": 1}",,,{},False,
legacy_resolved_only,mfs_file,/home/chukyu/t-sim/src/sim780/sim780_dtset.c,82,mpf_mfs_readrec,1,READREC,&fcb,,,"{""UNREACHABLE"": 1}",&fcb; SIM_DB,3401,"{""ADDED"": 1, ""OK_MACRO"": 1}",False,t-sim/src/sim780/sim780_dtset.c:2140 mpf_mfs_open arg 3 > t-sim/src/sim780/sim780_dtset.c:2594 mpf_mfs_readrec handle 1
legacy_resolved_only,mfs_file,/home/chukyu/t-sim/src/sim780/sim780_dtset.c,128,mpf_mfs_readrec,1,READREC,&fcb,,,"{""UNREACHABLE"": 1}",&fcb; SIM_SHOKI_ST,3412,"{""ADDED"": 1, ""OK_MACRO"": 1}",False,t-sim/src/sim780/sim780_dtset.c:3918 mpf_mfs_open arg 3 > t-sim/src/sim780/sim780_dtset.c:4086 mpf_mfs_readrec handle 1
both_unresolved,mfs_file,/home/chukyu/t-sim/src/sim800/sim800CtrlCB.c,157,mpf_mfs_writerecn,1,WRITEREC,&fcb,,,"{""UNREACHABLE"": 1}",,,{},False,
both_unresolved,mfs_file,/home/chukyu/t-sim/src/sim800/sim800DrawCB.c,1008,mpf_mfs_readrecn,1,READREC,&fcb,,,"{""UNREACHABLE"": 1}",,,{},False,
both_unresolved,mfs_file,/home/chukyu/t-sim/src/sim800/sim800Start.c,166,mpf_mfs_readrecn,1,READREC,&fcb,,,"{""UNREACHABLE"": 1}",,,{},False,
both_unresolved,mfs_file,/home/chukyu/t-sim/src/sim801/sim801CtrlCB.c,138,mpf_mfs_writerecn,1,WRITEREC,&fcb,,,"{""UNREACHABLE"": 1}",,,{},False,
both_unresolved,mfs_file,/home/chukyu/t-sim/src/sim801/sim801DrawCB.c,369,mpf_mfs_readrecn,1,READREC,&fcb,,,"{""UNREACHABLE"": 1}",,,{},False,
both_unresolved,mfs_file,/home/chukyu/t-sim/src/sim801/sim801Start.c,139,mpf_mfs_readrecn,1,READREC,&fcb,,,"{""UNREACHABLE"": 1}",,,{},False,
both_unresolved,mfs_file,/home/chukyu/t-sim/src/sim810/sim810Start.c,147,mpf_mfs_writerecn,1,WRITEREC,(MPF_MFS_FCB *)&odo_time_fcb,,,"{""UNREACHABLE"": 1}",,,{},False,
cvisualizer_resolved_only,mfs_file,/home/chukyu/t-sim/src/sim_set_kosho/sim_set_kosho.c,173,mpf_mfs_writerecn,1,WRITEREC,&fcb,3426,3426,"{""EXACT"": 1}",,,{},False,
cvisualizer_resolved_only,mfs_file,/home/chukyu/t-sim/src/sim_set_kosho/sim_set_kosho.c,227,mpf_mfs_writerecn,1,WRITEREC,&fcb,3428,3428,"{""EXACT"": 1}",,,{},False,
cvisualizer_resolved_only,mfs_file,/home/chukyu/t-sim/src/sim_set_kosho/sim_set_kosho.c,279,mpf_mfs_writerecn,1,WRITEREC,&fcb,3427,3427,"{""EXACT"": 1}",,,{},False,
both_unresolved,mfs_file,/home/chukyu/t-sim/src/sim_set_kosho/sim_set_kosho.c,527,mpf_mfs_readrecm,1,READREC,&fcb,,,"{""UNREACHABLE"": 1}",,,{},False,
both_unresolved,mfs_file,/home/chukyu/t-svm/src/libsvmG/SvmUtility.c,891,mpf_mfs_openm_H,2,OPEN_LOCK,file_no,,,"{""UNREACHABLE"": 1}",,,{},False,
both_unresolved,mfs_file,/home/chukyu/t-svm/src/libsvmG/SvmUtility.c,895,mpf_mfs_readrecn,1,READREC,&fcb,,,"{""UNREACHABLE"": 1}",,,{},False,
both_unresolved,mfs_file,/home/chukyu/t-svm/src/libsvmP/SvmCtlCurVer.c,72,mpf_mfs_getrecm,1,GETREC,&SvmCurVerFcb,,,"{""UNREACHABLE"": 1}",,,{},False,
both_unresolved,mfs_file,/home/chukyu/t-svm/src/libsvmP/SvmCtlCurVer.c,125,mpf_mfs_getrecm,1,GETREC,&SvmCurVerFcb,,,"{""UNREACHABLE"": 1}",,,{},False,
both_unresolved,mfs_file,/home/chukyu/t-svm/src/libsvmP/SvmJikoku.c,685,mpf_mfs_openm_H,2,OPEN_LOCK,file_no,,,"{""UNREACHABLE"": 1}",,,{},False,
both_unresolved,mfs_file,/home/chukyu/t-svm/src/libsvmP/SvmJikoku.c,689,mpf_mfs_readrecn,1,READREC,&fcb,,,"{""UNREACHABLE"": 1}",,,{},False,
both_unresolved,mfs_file,/home/chukyu/t-svm/src/libsvmskl_dlg/svmsklDlg02Main.c,176,mpf_mfs_readrecm,1,READREC,&fcb_cbry,,,"{""UNREACHABLE"": 1}",,,{},False,
both_unresolved,mfs_file,/home/chukyu/t-svm/src/libsvmskl_dlg/svmsklDlg03Main.c,208,mpf_mfs_openm_H,2,OPEN_LOCK,SvmSklNrDefNo,,,"{""UNREACHABLE"": 1}",,,{},False,
both_unresolved,mfs_file,/home/chukyu/t-svm/src/libsvmskl_dlg/svmsklDlg03Main.c,215,mpf_mfs_readrecm,1,READREC,&fcb_nr,,,"{""UNREACHABLE"": 1}",,,{},False,
legacy_resolved_only,mfs_file,/home/chukyu/t-svm/src/svm000/SvmBtnInt.c,326,mpf_mfs_getrecm,1,GETREC,&fcb_def,,,"{""UNREACHABLE"": 1}",&fcb_def; SvmRyDosaDefNo,2640,"{""ADDED"": 1, ""OK_MACRO"": 1}",False,t-svm/src/svm000/SvmBtnInt.c:9741 mpf_mfs_openm arg 3 > t-svm/src/svm000/SvmBtnInt.c:10241 mpf_mfs_getrecm handle 1
legacy_resolved_only,mfs_file,/home/chukyu/t-svm/src/svm000/SvmBtnInt.c,327,mpf_mfs_getrecm,1,GETREC,&fcb_res,,,"{""UNREACHABLE"": 1}",&fcb_res; SvmRyDosaResNo,2641,"{""ADDED"": 1, ""OK_MACRO"": 1}",False,t-svm/src/svm000/SvmBtnInt.c:9969 mpf_mfs_openm arg 3 > t-svm/src/svm000/SvmBtnInt.c:10283 mpf_mfs_getrecm handle 1
legacy_resolved_only,mfs_file,/home/chukyu/t-svm/src/svm000/SvmBtnInt.c,361,mpf_mfs_getrecm,1,GETREC,&fcb_def,,,"{""UNREACHABLE"": 1}",&fcb_def; SvmRyDosaDefNo,2640,"{""ADDED"": 1, ""OK_MACRO"": 1}",False,t-svm/src/svm000/SvmBtnInt.c:9741 mpf_mfs_openm arg 3 > t-svm/src/svm000/SvmBtnInt.c:11172 mpf_mfs_getrecm handle 1
legacy_resolved_only,mfs_file,/home/chukyu/t-svm/src/svm000/SvmBtnInt.c,619,mpf_mfs_getrecm,1,GETREC,&fcb_kkkt,,,"{""UNREACHABLE"": 1}",&fcb_kkkt; SvmKKKTBtnDefNo,2670,"{""ADDED"": 1, ""OK_MACRO"": 1}",False,t-svm/src/svm000/SvmBtnInt.c:17823 mpf_mfs_openm arg 3 > t-svm/src/svm000/SvmBtnInt.c:18262 mpf_mfs_getrecm handle 1
both_unresolved,mfs_file,/home/chukyu/t-svm/src/svm000/SvmBtnInt.c,774,mpf_mfs_openm,3,OPEN_LOCK,SvmLSKTBtnDefNo,,,"{""UNREACHABLE"": 1}",,,{},False,
both_unresolved,mfs_file,/home/chukyu/t-svm/src/svm000/SvmBtnInt.c,774,mpf_mfs_openm,3,READ,,,,{},SvmLSKTBtnDefNo,,"{""OK_CONST"": 1}",True,t-svm/src/svm000/SvmBtnInt.c:22442 mpf_mfs_openm arg 3
both_unresolved,mfs_file,/home/chukyu/t-svm/src/svm000/SvmBtnInt.c,782,mpf_mfs_getrecm,1,GETREC,&fcb_lskt,,,"{""UNREACHABLE"": 1}",&fcb_lskt,,"{""OK_CONST"": 1}",True,t-svm/src/svm000/SvmBtnInt.c:22442 mpf_mfs_openm arg 3 > t-svm/src/svm000/SvmBtnInt.c:22686 mpf_mfs_getrecm handle 1
both_unresolved,mfs_file,/home/chukyu/t-svm/src/svm000/SvmBtnInt.c,836,mpf_mfs_openm,3,OPEN_LOCK,SvmRYKTBtnDefNo,,,"{""UNREACHABLE"": 1}",,,{},False,
both_unresolved,mfs_file,/home/chukyu/t-svm/src/svm000/SvmBtnInt.c,836,mpf_mfs_openm,3,READ,,,,{},SvmRYKTBtnDefNo,,"{""OK_CONST"": 1}",True,t-svm/src/svm000/SvmBtnInt.c:24299 mpf_mfs_openm arg 3
both_unresolved,mfs_file,/home/chukyu/t-svm/src/svm000/SvmBtnInt.c,844,mpf_mfs_getrecm,1,GETREC,&fcb_rykt,,,"{""UNREACHABLE"": 1}",&fcb_rykt,,"{""OK_CONST"": 1}",True,t-svm/src/svm000/SvmBtnInt.c:24299 mpf_mfs_openm arg 3 > t-svm/src/svm000/SvmBtnInt.c:24547 mpf_mfs_getrecm handle 1
legacy_resolved_only,mfs_file,/home/chukyu/t-svm/src/svm000/svm000FileInt.c,197,mpf_mfs_getrecm,1,GETREC,&fcb_res,,,"{""UNREACHABLE"": 1}",&fcb_res; SvmRyDosaResNo,2641,"{""ADDED"": 1, ""OK_MACRO"": 1}",False,t-svm/src/svm000/svm000FileInt.c:6427 mpf_mfs_openm arg 3 > t-svm/src/svm000/svm000FileInt.c:6741 mpf_mfs_getrecm handle 1
legacy_resolved_only,mfs_file,/home/chukyu/t-svm/src/svm000/svm000FileInt.c,372,mpf_mfs_getrecm,1,GETREC,&fcb_mng,,,"{""UNREACHABLE"": 1}",&fcb_mng; SvmJikoMngNo,2612,"{""ADDED"": 1, ""OK_MACRO"": 1}",False,t-svm/src/svm000/svm000FileInt.c:10701 mpf_mfs_openm arg 3 > t-svm/src/svm000/svm000FileInt.c:11698 mpf_mfs_getrecm handle 1
legacy_resolved_only,mfs_file,/home/chukyu/t-svm/src/svm000/svm000FileInt.c,377,mpf_mfs_getrecm,1,GETREC,&fcb_list,,,"{""UNREACHABLE"": 1}",&fcb_list; SvmJikoListNo,2613,"{""ADDED"": 1, ""OK_MACRO"": 1}",False,t-svm/src/svm000/svm000FileInt.c:10937 mpf_mfs_openm arg 3 > t-svm/src/svm000/svm000FileInt.c:11982 mpf_mfs_getrecm handle 1
legacy_resolved_only,mfs_file,/home/chukyu/t-svm/src/svm000/svm000FileInt.c,384,mpf_mfs_getrecm,1,GETREC,&fcb_hzidx,,,"{""UNREACHABLE"": 1}",&fcb_hzidx; SvmHozonIdxNo,2651,"{""ADDED"": 1, ""OK_MACRO"": 1}",False,t-svm/src/svm000/svm000FileInt.c:11178 mpf_mfs_openm arg 3 > t-svm/src/svm000/svm000FileInt.c:12307 mpf_mfs_getrecm handle 1
legacy_resolved_only,mfs_file,/home/chukyu/t-svm/src/svm000/svm000FileInt.c,385,mpf_mfs_getrecm,1,GETREC,&fcb_hzn,,,"{""UNREACHABLE"": 1}",&fcb_hzn; SvmCurHozonNo,2652,"{""ADDED"": 1, ""OK_MACRO"": 1}",False,t-svm/src/svm000/svm000FileInt.c:11414 mpf_mfs_openm arg 3 > t-svm/src/svm000/svm000FileInt.c:12353 mpf_mfs_getrecm handle 1
legacy_resolved_only,mfs_file,/home/chukyu/t-svm/src/svm000/svm000FileInt.c,404,mpf_mfs_getrecm,1,GETREC,&fcb_list,,,"{""UNREACHABLE"": 1}",&fcb_list; SvmJikoListNo,2613,"{""ADDED"": 1, ""OK_MACRO"": 1}",False,t-svm/src/svm000/svm000FileInt.c:10937 mpf_mfs_openm arg 3 > t-svm/src/svm000/svm000FileInt.c:13062 mpf_mfs_getrecm handle 1
legacy_resolved_only,mfs_file,/home/chukyu/t-svm/src/svm000/svm000FileInt.c,436,mpf_mfs_getrecm,1,GETREC,&fcb_mng,,,"{""UNREACHABLE"": 1}",&fcb_mng; SvmJikoMngNo,2612,"{""ADDED"": 1, ""OK_MACRO"": 1}",False,t-svm/src/svm000/svm000FileInt.c:10701 mpf_mfs_openm arg 3 > t-svm/src/svm000/svm000FileInt.c:14284 mpf_mfs_getrecm handle 1
legacy_resolved_only,mfs_file,/home/chukyu/t-svm/src/svm000/svm000FileInt.c,451,mpf_mfs_getrecm,1,GETREC,&fcb_mng,,,"{""UNREACHABLE"": 1}",&fcb_mng; SvmJikoMngNo,2612,"{""ADDED"": 1, ""OK_MACRO"": 1}",False,t-svm/src/svm000/svm000FileInt.c:10701 mpf_mfs_openm arg 3 > t-svm/src/svm000/svm000FileInt.c:14711 mpf_mfs_getrecm handle 1
legacy_resolved_only,mfs_file,/home/chukyu/t-svm/src/svm000/svm000FileInt.c,470,mpf_mfs_getrecm,1,GETREC,&fcb_mng,,,"{""UNREACHABLE"": 1}",&fcb_mng; SvmJikoMngNo,2612,"{""ADDED"": 1, ""OK_MACRO"": 1}",False,t-svm/src/svm000/svm000FileInt.c:10701 mpf_mfs_openm arg 3 > t-svm/src/svm000/svm000FileInt.c:15294 mpf_mfs_getrecm handle 1
legacy_resolved_only,mfs_file,/home/chukyu/t-svm/src/svm000/svm000FileInt.c,476,mpf_mfs_getrecm,1,GETREC,&fcb_mng,,,"{""UNREACHABLE"": 1}",&fcb_mng; SvmJikoMngNo,2612,"{""ADDED"": 1, ""OK_MACRO"": 1}",False,t-svm/src/svm000/svm000FileInt.c:10701 mpf_mfs_openm arg 3 > t-svm/src/svm000/svm000FileInt.c:15635 mpf_mfs_getrecm handle 1
cvisualizer_superset,mfs_file,/home/chukyu/t-svm/src/svm000/svm000FileInt.c,895,mpf_mfs_writerecn,1,WRITEREC,&fcb_kansimng,2621; 2622; 2623; 2624; 2625; 2626; 2627; 2628; 2629,2621; 2622; 2623; 2624; 2625; 2626; 2627; 2628; 2629,"{""EXACT"": 9}",&fcb_kansimng; SvmKansiMngNo,2622,"{""ALREADY_PRESENT"": 1, ""OK_CONST"": 1}",True,t-svm/src/svm000/svm000FileInt.c:28280 mpf_mfs_writerecn handle 1
cvisualizer_superset,mfs_file,/home/chukyu/t-svm/src/svm000/svm000FileInt.c,906,mpf_mfs_writerecn,1,WRITEREC,&fcb_kansilist,2621; 2622; 2623; 2624; 2625; 2626; 2627; 2628; 2629,2621; 2622; 2623; 2624; 2625; 2626; 2627; 2628; 2629,"{""EXACT"": 9}",&fcb_kansilist; SvmKansiListNo,2623,"{""ADDED"": 1, ""OK_MACRO"": 1}",False,t-svm/src/svm000/svm000FileInt.c:25301 mpf_mfs_openm arg 3 > t-svm/src/svm000/svm000FileInt.c:28652 mpf_mfs_writerecn handle 1
legacy_resolved_only,mfs_file,/home/chukyu/t-svm/src/svm000/svm000FileInt.c,907,mpf_mfs_writerecm,1,WRITEREC,&fcb_cbrcls,,,"{""UNREACHABLE"": 1}",&fcb_cbrcls; SvmCBRclsKnrNo,2624,"{""ALREADY_PRESENT"": 1, ""OK_CONST"": 1}",True,t-svm/src/svm000/svm000FileInt.c:28728 mpf_mfs_writerecm handle 1
legacy_resolved_only,mfs_file,/home/chukyu/t-svm/src/svm000/svm000FileInt.c,908,mpf_mfs_writerecm,1,WRITEREC,&fcb_soujuyo,,,"{""UNREACHABLE"": 1}",&fcb_soujuyo; SvmSojuyoNo,2628,"{""ADDED"": 1, ""OK_MACRO"": 1}",False,t-svm/src/svm000/svm000FileInt.c:25969 mpf_mfs_openm arg 3 > t-svm/src/svm000/svm000FileInt.c:28782 mpf_mfs_writerecm handle 1
cvisualizer_superset,mfs_file,/home/chukyu/t-svm/src/svm000/svm000FileInt.c,909,mpf_mfs_writerecn,1,WRITEREC,&fcb_jkrcls,2621; 2622; 2623; 2624; 2625; 2626; 2627; 2628; 2629,2621; 2622; 2623; 2624; 2625; 2626; 2627; 2628; 2629,"{""EXACT"": 9}",&fcb_jkrcls; SvmJKRclsKnrNo,2625,"{""ADDED"": 1, ""OK_MACRO"": 1}",False,t-svm/src/svm000/svm000FileInt.c:26352 mpf_mfs_openm arg 3 > t-svm/src/svm000/svm000FileInt.c:28834 mpf_mfs_writerecn handle 1
cvisualizer_superset,mfs_file,/home/chukyu/t-svm/src/svm000/svm000FileInt.c,910,mpf_mfs_writerecn,1,WRITEREC,&fcb_jkjokyo,2621; 2622; 2623; 2624; 2625; 2626; 2627; 2628; 2629,2621; 2622; 2623; 2624; 2625; 2626; 2627; 2628; 2629,"{""EXACT"": 9}",&fcb_jkjokyo; SvmJKJokyoKnrNo,2626,"{""ADDED"": 1, ""OK_MACRO"": 1}",False,t-svm/src/svm000/svm000FileInt.c:26771 mpf_mfs_openm arg 3 > t-svm/src/svm000/svm000FileInt.c:28904 mpf_mfs_writerecn handle 1
legacy_resolved_only,mfs_file,/home/chukyu/t-svm/src/svm000/svm000FileInt.c,911,mpf_mfs_writerecn,1,WRITEREC,&fcb_teiden,,,"{""UNRESOLVED"": 1}",&fcb_teiden; SvmTeidenNo,2627,"{""ALREADY_PRESENT"": 1, ""OK_CONST"": 1}",True,t-svm/src/svm000/svm000FileInt.c:28976 mpf_mfs_writerecn handle 1
equal,mfs_file,/home/chukyu/t-svm/src/svm000/svm000FileInt.c,912,mpf_mfs_writerecn,1,WRITEREC,&fcb_jkhantei,2629,2629,"{""EXACT"": 1}",&fcb_jkhantei; SvmJKHanteiNo,2629,"{""ADDED"": 1, ""OK_MACRO"": 1}",False,t-svm/src/svm000/svm000FileInt.c:27699 mpf_mfs_openm arg 3 > t-svm/src/svm000/svm000FileInt.c:29046 mpf_mfs_writerecn handle 1
legacy_resolved_only,mfs_file,/home/chukyu/t-svm/src/svm000/svm000FileInt.c,920,mpf_mfs_writerecm,1,WRITEREC,&fcb_kansistat,,,"{""UNREACHABLE"": 1}",&fcb_kansistat; SvmKansiStatNo,2621,"{""ALREADY_PRESENT"": 1, ""OK_CONST"": 1}",True,t-svm/src/svm000/svm000FileInt.c:29302 mpf_mfs_writerecm handle 1
cvisualizer_superset,mfs_file,/home/chukyu/t-svm/src/svm000/svm000FileInt.c,924,mpf_mfs_readrecn,1,READREC,&fcb_kansimng,2621; 2622; 2623; 2624; 2625; 2626; 2627; 2628; 2629,2621; 2622; 2623; 2624; 2625; 2626; 2627; 2628; 2629,"{""EXACT"": 9}",&fcb_kansimng; SvmKansiMngNo,2622,"{""ALREADY_PRESENT"": 1, ""OK_CONST"": 1}",True,t-svm/src/svm000/svm000FileInt.c:29433 mpf_mfs_readrecn handle 1
cvisualizer_superset,mfs_file,/home/chukyu/t-svm/src/svm000/svm000FileInt.c,925,mpf_mfs_readrecn,1,READREC,&fcb_kansilist,2621; 2622; 2623; 2624; 2625; 2626; 2627; 2628; 2629,2621; 2622; 2623; 2624; 2625; 2626; 2627; 2628; 2629,"{""EXACT"": 9}",&fcb_kansilist; SvmKansiListNo,2623,"{""ALREADY_PRESENT"": 1, ""OK_CONST"": 1}",True,t-svm/src/svm000/svm000FileInt.c:29504 mpf_mfs_readrecn handle 1
cvisualizer_superset,mfs_file,/home/chukyu/t-svm/src/svm000/svm000FileInt.c,954,mpf_mfs_writerecn,1,WRITEREC,&fcb_kansilist,2621; 2622; 2623; 2624; 2625; 2626; 2627; 2628; 2629,2621; 2622; 2623; 2624; 2625; 2626; 2627; 2628; 2629,"{""EXACT"": 9}",&fcb_kansilist; SvmKansiListNo,2623,"{""ALREADY_PRESENT"": 1, ""OK_CONST"": 1}",True,t-svm/src/svm000/svm000FileInt.c:30315 mpf_mfs_writerecn handle 1
legacy_resolved_only,mfs_file,/home/chukyu/t-svm/src/svm000/svm000JidoMnt.c,92,mpf_mfs_getrecm,1,GETREC,&fcb,,,"{""UNREACHABLE"": 1}",&fcb; SvmJikoKenmeiNo,2611,"{""ADDED"": 1, ""OK_MACRO"": 1}",False,t-svm/src/svm000/svm000JidoMnt.c:3114 mpf_mfs_openm arg 3 > t-svm/src/svm000/svm000JidoMnt.c:3322 mpf_mfs_getrecm handle 1
legacy_resolved_only,mfs_file,/home/chukyu/t-svm/src/svm000/svm000JidoMnt.c,103,mpf_mfs_getrecm,1,GETREC,&fcb,,,"{""UNREACHABLE"": 1}",&fcb; SvmHozonIdxNo,2651,"{""ADDED"": 1, ""OK_MACRO"": 1}",False,t-svm/src/svm000/svm000JidoMnt.c:3525 mpf_mfs_openm arg 3 > t-svm/src/svm000/svm000JidoMnt.c:3749 mpf_mfs_getrecm handle 1
legacy_resolved_only,mfs_file,/home/chukyu/t-svm/src/svm000/svm000JidoMnt.c,115,mpf_mfs_getrecm,1,GETREC,&fcb,,,"{""UNREACHABLE"": 1}",&fcb; SvmCurHozonNo,2652,"{""ADDED"": 1, ""OK_MACRO"": 1}",False,t-svm/src/svm000/svm000JidoMnt.c:4045 mpf_mfs_openm arg 3 > t-svm/src/svm000/svm000JidoMnt.c:4262 mpf_mfs_getrecm handle 1
legacy_resolved_only,mfs_file,/home/chukyu/t-svm/src/svm000/svm000JuteiSet.c,119,mpf_mfs_getrecm,1,GETREC,&fcb,,,"{""UNREACHABLE"": 1}",&fcb; SvmJyuteiZMngNo,2632,"{""ADDED"": 1, ""OK_MACRO"": 1}",False,t-svm/src/svm000/svm000JuteiSet.c:3549 mpf_mfs_openm arg 3 > t-svm/src/svm000/svm000JuteiSet.c:4578 mpf_mfs_getrecm handle 1
legacy_resolved_only,mfs_file,/home/chukyu/t-svm/src/svm000/svm000MentInt.c,124,mpf_mfs_getrecm,1,GETREC,&d_fcb,,,"{""UNREACHABLE"": 1}",&d_fcb; SvmDacJyosuDefNo,2699,"{""ADDED"": 1, ""OK_MACRO"": 1}",False,t-svm/src/svm000/svm000MentInt.c:4795 mpf_mfs_openm arg 3 > t-svm/src/svm000/svm000MentInt.c:4920 mpf_mfs_getrecm handle 1
legacy_resolved_only,mfs_file,/home/chukyu/t-svm/src/svm000/svm000MentInt.c,131,mpf_mfs_getrecm,1,GETREC,&j_fcb,,,"{""UNREACHABLE"": 1}",&j_fcb; SvmJyuteiMngNo,2631,"{""ADDED"": 1, ""OK_MACRO"": 1}",False,t-svm/src/svm000/svm000MentInt.c:5018 mpf_mfs_openm arg 3 > t-svm/src/svm000/svm000MentInt.c:5237 mpf_mfs_getrecm handle 1
legacy_resolved_only,mfs_file,/home/chukyu/t-svm/src/svm000/svm000MentInt.c,226,mpf_mfs_getrecm,1,GETREC,&d_fcb,,,"{""UNREACHABLE"": 1}",&d_fcb; SvmDacJyosuDefNo,2699,"{""ADDED"": 1, ""OK_MACRO"": 1}",False,t-svm/src/svm000/svm000MentInt.c:8807 mpf_mfs_openm arg 3 > t-svm/src/svm000/svm000MentInt.c:8897 mpf_mfs_getrecm handle 1
legacy_resolved_only,mfs_file,/home/chukyu/t-svm/src/svm000/svm000MentInt.c,240,mpf_mfs_getrecm,1,GETREC,&j_fcb,,,"{""UNREACHABLE"": 1}",&j_fcb; SvmJyuteiMngNo,2631,"{""ADDED"": 1, ""OK_MACRO"": 1}",False,t-svm/src/svm000/svm000MentInt.c:9389 mpf_mfs_openm arg 3 > t-svm/src/svm000/svm000MentInt.c:9475 mpf_mfs_getrecm handle 1
both_unresolved,mfs_file,/home/chukyu/t-svm/src/svm000/svm000SendInt.c,149,mpf_mfs_readrecn,1,READREC,&fcb_list,,,"{""UNREACHABLE"": 1}",,,{},False,
both_unresolved,mfs_file,/home/chukyu/t-svm/src/svm000/svm000SendInt.c,199,mpf_mfs_writerecn,1,WRITEREC,&fcb_list,,,"{""UNREACHABLE"": 1}",,,{},False,
both_unresolved,mfs_file,/home/chukyu/t-svm/src/svm000/svm000SendInt.c,228,mpf_mfs_readrecn,1,READREC,&fcb_syun,,,"{""UNREACHABLE"": 1}",,,{},False,
both_unresolved,mfs_file,/home/chukyu/t-svm/src/svm000/svm000SendInt.c,252,mpf_mfs_writerecn,1,WRITEREC,&fcb_syun,,,"{""UNREACHABLE"": 1}",,,{},False,
both_unresolved,mfs_file,/home/chukyu/t-svm/src/svm000/svm000SendInt.c,299,mpf_mfs_openm,3,OPEN_LOCK,SvmJikoStatNo,,,"{""UNREACHABLE"": 1}",,,{},False,
both_unresolved,mfs_file,/home/chukyu/t-svm/src/svm000/svm000SendInt.c,324,mpf_mfs_openm,3,OPEN_LOCK,SvmJikoSfNo,,,"{""UNREACHABLE"": 1}",,,{},False,
both_unresolved,mfs_file,/home/chukyu/t-svm/src/svm000/svm000SendInt.c,338,mpf_mfs_openm,3,OPEN_LOCK,SvmKyoukyuNo,,,"{""UNREACHABLE"": 1}",,,{},False,
both_unresolved,mfs_file,/home/chukyu/t-svm/src/svm000/svm000SendInt.c,353,mpf_mfs_openm,3,OPEN_LOCK,SvmHatudenNo,,,"{""UNREACHABLE"": 1}",,,{},False,
both_unresolved,mfs_file,/home/chukyu/t-svm/src/svm000/svm000SendInt.c,439,mpf_mfs_openm,3,OPEN_LOCK,SvmSyunTeiMngNo,,,"{""UNREACHABLE"": 1}",,,{},False,
both_unresolved,mfs_file,/home/chukyu/t-svm/src/svm000/svm000SendInt.c,450,mpf_mfs_openm,3,OPEN_LOCK,SvmSyunStatNo,,,"{""UNREACHABLE"": 1}",,,{},False,
both_unresolved,mfs_file,/home/chukyu/t-svm/src/svm000/svm000SendInt.c,462,mpf_mfs_openm,3,OPEN_LOCK,SvmSyunTeiNo,,,"{""UNREACHABLE"": 1}",,,{},False,
legacy_resolved_only,mfs_file,/home/chukyu/t-svm/src/svm200d/svm200dMain.c,93,mpf_mfs_getrecm,1,GETREC,&fcb,,,"{""UNREACHABLE"": 1}",&fcb; SvmDacJyosuDefNo,2699,"{""ADDED"": 1, ""OK_MACRO"": 1}",False,t-svm/src/svm200d/svm200dMain.c:3470 mpf_mfs_openm arg 3 > t-svm/src/svm200d/svm200dMain.c:3641 mpf_mfs_getrecm handle 1
legacy_resolved_only,mfs_file,/home/chukyu/t-svm/src/svm200d/svm200dRyHold.c,175,mpf_mfs_getrecm,1,GETREC,&fcb_ryhold,,,"{""UNREACHABLE"": 1}",&fcb_ryhold; SvmRYHoldKanriNo,2601,"{""ALREADY_PRESENT"": 1, ""OK_CONST"": 1}",True,t-svm/src/svm200d/svm200dRyHold.c:6048 mpf_mfs_getrecm handle 1
legacy_resolved_only,mfs_file,/home/chukyu/t-svm/src/svm200d/svm200dRyHold.c,178,mpf_mfs_getrecm,1,GETREC,&fcb_ryfukki,,,"{""UNREACHABLE"": 1}",&fcb_ryfukki; SvmRYFukkiKanriNo,2602,"{""ALREADY_PRESENT"": 1, ""OK_CONST"": 1}",True,t-svm/src/svm200d/svm200dRyHold.c:6150 mpf_mfs_getrecm handle 1
legacy_resolved_only,mfs_file,/home/chukyu/t-svm/src/svm200d/svm200dRyHold.c,319,mpf_mfs_getrecm,1,GETREC,&fcb_ryfukki,,,"{""UNREACHABLE"": 1}",&fcb_ryfukki; SvmRYFukkiKanriNo,2602,"{""ALREADY_PRESENT"": 1, ""OK_CONST"": 1}",True,t-svm/src/svm200d/svm200dRyHold.c:10724 mpf_mfs_getrecm handle 1
legacy_resolved_only,mfs_file,/home/chukyu/t-svm/src/svm200d/svm200dRyHold.c,401,mpf_mfs_getrecm,1,GETREC,&fcb_ryhold,,,"{""UNREACHABLE"": 1}",&fcb_ryhold; SvmRYHoldKanriNo,2601,"{""ALREADY_PRESENT"": 1, ""OK_CONST"": 1}",True,t-svm/src/svm200d/svm200dRyHold.c:13628 mpf_mfs_getrecm handle 1
legacy_resolved_only,mfs_file,/home/chukyu/t-svm/src/svm200d/svm200dRyHold.c,404,mpf_mfs_getrecm,1,GETREC,&fcb_ryfukki,,,"{""UNREACHABLE"": 1}",&fcb_ryfukki; SvmRYFukkiKanriNo,2602,"{""ALREADY_PRESENT"": 1, ""OK_CONST"": 1}",True,t-svm/src/svm200d/svm200dRyHold.c:13729 mpf_mfs_getrecm handle 1
legacy_resolved_only,mfs_file,/home/chukyu/t-svm/src/svm620/svm620Main.c,116,mpf_mfs_getrecm,1,GETREC,&SvmCurVerFcb,,,"{""UNREACHABLE"": 1}",&SvmCurVerFcb; SvmCurVerNo,2650,"{""ADDED"": 1, ""OK_MACRO"": 1}",False,t-svm/src/svm620/svm620Main.c:4167 mpf_mfs_open arg 3 > t-svm/src/svm620/svm620Main.c:4278 mpf_mfs_getrecm handle 1
legacy_resolved_only,mfs_file,/home/chukyu/t-svm/src/svm620/svm620Main.c,184,mpf_mfs_getrecm,1,GETREC,&SvmCurVerFcb,,,"{""UNREACHABLE"": 1}",&SvmCurVerFcb; SvmCurVerNo,2650,"{""ADDED"": 1, ""OK_MACRO"": 1}",False,t-svm/src/svm620/svm620Main.c:6010 mpf_mfs_open arg 3 > t-svm/src/svm620/svm620Main.c:6112 mpf_mfs_getrecm handle 1
both_unresolved,mfs_file,/home/chukyu/t-svm/tool/IWATE/svmcspcdmp/svmcspcdmp.c,104,mpf_mfs_openm,3,OPEN_LOCK,SvmCspcDefNo,,,"{""UNREACHABLE"": 1}",,,{},False,
both_unresolved,mfs_file,/home/chukyu/t-svm/tool/IWATE/svmcspcdmp/svmcspcdmp.c,112,mpf_mfs_getrecm,1,GETREC,&fcb_cspcdef,,,"{""UNREACHABLE"": 1}",,,{},False,
both_unresolved,mfs_file,/home/chukyu/t-svm/tool/IWATE/svmcspcdmp/svmcspcdmp.c,233,mpf_mfs_openm,3,OPEN_LOCK,SvmSyunCyouDefNo,,,"{""UNREACHABLE"": 1}",,,{},False,
both_unresolved,mfs_file,/home/chukyu/t-svm/tool/IWATE/svmcspcdmp/svmcspcdmp.c,241,mpf_mfs_getrecm,1,GETREC,&fcb_cyoudef,,,"{""UNREACHABLE"": 1}",,,{},False,
both_unresolved,mfs_file,/home/chukyu/t-svm/tool/IWATE/svmdmp/svmdmp.c,149,mpf_mfs_getrecm,1,GETREC,&fcb_cbdef,,,"{""UNREACHABLE"": 1}",,,{},False,
both_unresolved,mfs_file,/home/chukyu/t-svm/tool/IWATE/svmdmp/svmdmp.c,150,mpf_mfs_getrecm,1,GETREC,&fcb_cbrydef,,,"{""UNREACHABLE"": 1}",,,{},False,
both_unresolved,mfs_file,/home/chukyu/t-svm/tool/IWATE/svmdmp/svmdmp.c,151,mpf_mfs_getrecm,1,GETREC,&fcb_scbrydef,,,"{""UNREACHABLE"": 1}",,,{},False,
both_unresolved,mfs_file,/home/chukyu/t-svm/tool/IWATE/svmdmp/svmdmp.c,152,mpf_mfs_getrecm,1,GETREC,&fcb_rydef,,,"{""UNREACHABLE"": 1}",,,{},False,
both_unresolved,mfs_file,/home/chukyu/t-svm/tool/IWATE/svmdmp/svmdmp.c,153,mpf_mfs_getrecm,1,GETREC,&fcb_rycbdef,,,"{""UNREACHABLE"": 1}",,,{},False,
both_unresolved,mfs_file,/home/chukyu/t-svm/tool/IWATE/svmdmp/svmdmp.c,154,mpf_mfs_getrecm,1,GETREC,&fcb_srycbdef,,,"{""UNREACHABLE"": 1}",,,{},False,
both_unresolved,mfs_file,/home/chukyu/t-svm/tool/IWATE/svmdmp/svmdmp.c,425,mpf_mfs_openm,3,OPEN_LOCK,SvmKyoSishoTMNo,,,"{""UNREACHABLE"": 1}",,,{},False,
both_unresolved,mfs_file,/home/chukyu/t-svm/tool/IWATE/svmdmp/svmdmp.c,426,mpf_mfs_openm,3,OPEN_LOCK,SvmHatSishoTMNo,,,"{""UNREACHABLE"": 1}",,,{},False,
both_unresolved,mfs_file,/home/chukyu/t-svm/tool/IWATE/svmdmp/svmdmp.c,427,mpf_mfs_getrecm,1,GETREC,&fcb_kyotm,,,"{""UNREACHABLE"": 1}",,,{},False,
both_unresolved,mfs_file,/home/chukyu/t-svm/tool/IWATE/svmdmp/svmdmp.c,428,mpf_mfs_getrecm,1,GETREC,&fcb_hattm,,,"{""UNREACHABLE"": 1}",,,{},False,
both_unresolved,mfs_file,/home/chukyu/t-svm/tool/IWATE/svmdmp/svmdmp.c,642,mpf_mfs_openm,3,OPEN_LOCK,SvmSWKumiDefNo,,,"{""UNREACHABLE"": 1}",,,{},False,
both_unresolved,mfs_file,/home/chukyu/t-svm/tool/IWATE/svmdmp/svmdmp.c,643,mpf_mfs_openm,3,OPEN_LOCK,SvmSWRYDefNo,,,"{""UNREACHABLE"": 1}",,,{},False,
both_unresolved,mfs_file,/home/chukyu/t-svm/tool/IWATE/svmdmp/svmdmp.c,644,mpf_mfs_getrecm,1,GETREC,&fcb_swdef,,,"{""UNREACHABLE"": 1}",,,{},False,
both_unresolved,mfs_file,/home/chukyu/t-svm/tool/IWATE/svmdmp/svmdmp.c,645,mpf_mfs_getrecm,1,GETREC,&fcb_swrydef,,,"{""UNREACHABLE"": 1}",,,{},False,
both_unresolved,mfs_file,/home/chukyu/t-svm/tool/IWATE/svmdmp/svmdmp.c,791,mpf_mfs_openm,3,OPEN_LOCK,SvmCspcDefNo,,,"{""UNREACHABLE"": 1}",,,{},False,
both_unresolved,mfs_file,/home/chukyu/t-svm/tool/IWATE/svmdmp/svmdmp.c,792,mpf_mfs_getrecm,1,GETREC,&fcb_cspc,,,"{""UNREACHABLE"": 1}",,,{},False,
both_unresolved,mfs_file,/home/chukyu/t-svm/tool/IWATE/svmdmp/svmdmp.c,940,mpf_mfs_openm,3,OPEN_LOCK,SvmSyunCyouDefNo,,,"{""UNREACHABLE"": 1}",,,{},False,
both_unresolved,mfs_file,/home/chukyu/t-svm/tool/IWATE/svmdmp/svmdmp.c,941,mpf_mfs_getrecm,1,GETREC,&fcb_syun,,,"{""UNREACHABLE"": 1}",,,{},False,
both_unresolved,mfs_file,/home/chukyu/t-svm/tool/IWATE/svmjimset/svmjimset.c,114,mpf_mfs_readrecm,1,READREC,&fcb_kmng,,,"{""UNREACHABLE"": 1}",,,{},False,
both_unresolved,mfs_file,/home/chukyu/t-svm/tool/IWATE/svmjimset/svmjimset.c,119,mpf_mfs_readrecm,1,READREC,&fcb_list,,,"{""UNREACHABLE"": 1}",,,{},False,
both_unresolved,mfs_file,/home/chukyu/t-svm/tool/IWATE/svmjimset/svmjimset.c,133,mpf_mfs_writerecm,1,WRITEREC,&fcb_list,,,"{""UNREACHABLE"": 1}",,,{},False,
both_unresolved,mfs_file,/home/chukyu/t-svm/tool/IWATE/svmjimset/svmjimset.c,168,mpf_mfs_openm,3,OPEN_LOCK,SvmJikoStatNo,,,"{""UNREACHABLE"": 1}",,,{},False,
both_unresolved,mfs_file,/home/chukyu/t-svm/tool/IWATE/svmjimset/svmjimset.c,184,mpf_mfs_openm,3,OPEN_LOCK,SvmJikoSfNo,,,"{""UNREACHABLE"": 1}",,,{},False,
both_unresolved,mfs_file,/home/chukyu/t-svm/tool/IWATE/svmjimset/svmjimset.c,192,mpf_mfs_openm,3,OPEN_LOCK,SvmKyoukyuNo,,,"{""UNREACHABLE"": 1}",,,{},False,
both_unresolved,mfs_file,/home/chukyu/t-svm/tool/IWATE/svmjimset/svmjimset.c,200,mpf_mfs_openm,3,OPEN_LOCK,SvmHatudenNo,,,"{""UNREACHABLE"": 1}",,,{},False,
both_unresolved,mfs_file,/home/chukyu/t-svm/tool/IWATE/svmrecdmp/svmrecdmp.c,108,mpf_mfs_readrecm,1,READREC,&fcb_kmng,,,"{""UNREACHABLE"": 1}",,,{},False,
both_unresolved,mfs_file,/home/chukyu/t-svm/tool/IWATE/svmrecdmp/svmrecdmp.c,117,mpf_mfs_readrecm,1,READREC,&fcb_sf,,,"{""UNREACHABLE"": 1}",,,{},False,
both_unresolved,mfs_file,/home/chukyu/t-svm/tool/IWATE/svmrecdmp/svmrecdmp.c,328,mpf_mfs_openm,3,OPEN_LOCK,SvmJikoStatNo,,,"{""UNREACHABLE"": 1}",,,{},False,
both_unresolved,mfs_file,/home/chukyu/t-svm/tool/IWATE/svmrecdmp/svmrecdmp.c,344,mpf_mfs_openm,3,OPEN_LOCK,SvmJikoSfNo,,,"{""UNREACHABLE"": 1}",,,{},False,
both_unresolved,mfs_file,/home/chukyu/t-svm/tool/IWATE/svmrecdmp/svmrecdmp.c,352,mpf_mfs_openm,3,OPEN_LOCK,SvmKyoukyuNo,,,"{""UNREACHABLE"": 1}",,,{},False,
both_unresolved,mfs_file,/home/chukyu/t-svm/tool/IWATE/svmrecdmp/svmrecdmp.c,360,mpf_mfs_openm,3,OPEN_LOCK,SvmHatudenNo,,,"{""UNREACHABLE"": 1}",,,{},False,
both_unresolved,mfs_file,/home/chukyu/t-svm/tool/IWATE/svmtool/svmfile.c,63,mpf_mfs_readrecm,1,READREC,&fcb,,,"{""UNREACHABLE"": 1}",,,{},False,
both_unresolved,mfs_file,/home/chukyu/t-svm/tool/IWATE/svmtool/svmfile.c,79,mpf_mfs_readrecm,1,READREC,&fcb,,,"{""UNREACHABLE"": 1}",,,{},False,
both_unresolved,mfs_file,/home/chukyu/t-svm/tool/IWATE/svmtool/svmfile.c,110,mpf_mfs_readrecm,1,READREC,&fcb,,,"{""UNREACHABLE"": 1}",,,{},False,
both_unresolved,mfs_file,/home/chukyu/t-svm/tool/IWATE/svmtool/svmfile.c,196,mpf_mfs_readrecm,1,READREC,&fcb,,,"{""UNREACHABLE"": 1}",,,{},False,
both_unresolved,mfs_file,/home/chukyu/t-svm/tool/IWATE/svmtool/svmfile.c,212,mpf_mfs_readrecm,1,READREC,&fcb,,,"{""UNREACHABLE"": 1}",,,{},False,
both_unresolved,mfs_file,/home/chukyu/t-svm/tool/IWATE/svmtool/svmfile.c,243,mpf_mfs_readrecm,1,READREC,&fcb,,,"{""UNREACHABLE"": 1}",,,{},False,
cvisualizer_resolved_only,mfs_file,/home/chukyu/t-svm/tool/IWATE/svmtool/svmfile.c,328,mpf_mfs_readrecn,1,READREC,&fcb,2612,2612,"{""EXACT"": 1}",,,{},False,
cvisualizer_resolved_only,mfs_file,/home/chukyu/t-svm/tool/IWATE/svmtool/svmfile.c,504,mpf_mfs_readrecn,1,READREC,&fcb,2613,2613,"{""EXACT"": 1}",,,{},False,
both_unresolved,mfs_file,/home/chukyu/t-svm/tool/IWATE/svmtool/svmfile.c,674,mpf_mfs_openm,3,OPEN_LOCK,SvmJikoSfNo,,,"{""UNREACHABLE"": 1}",,,{},False,
both_unresolved,mfs_file,/home/chukyu/t-svm/tool/IWATE/svmtool/svmfile.c,679,mpf_mfs_readrecn,1,READREC,&fcb,,,"{""EXTERNAL"": 1}",,,{},False,
both_unresolved,mfs_file,/home/chukyu/t-svm/tool/IWATE/svmtool/svmfile.c,775,mpf_mfs_openm,3,OPEN_LOCK,SvmKyoukyuNo,,,"{""UNREACHABLE"": 1}",,,{},False,
both_unresolved,mfs_file,/home/chukyu/t-svm/tool/IWATE/svmtool/svmfile.c,780,mpf_mfs_readrecn,1,READREC,&fcb,,,"{""EXTERNAL"": 1}",,,{},False,
both_unresolved,mfs_file,/home/chukyu/t-svm/tool/IWATE/svmtool/svmfile.c,900,mpf_mfs_openm,3,OPEN_LOCK,SvmHatudenNo,,,"{""UNREACHABLE"": 1}",,,{},False,
both_unresolved,mfs_file,/home/chukyu/t-svm/tool/IWATE/svmtool/svmfile.c,905,mpf_mfs_readrecn,1,READREC,&fcb,,,"{""EXTERNAL"": 1}",,,{},False,
both_unresolved,mfs_file,/home/chukyu/t-svm/tool/IWATE/svmtool/svmfile.c,1025,mpf_mfs_openm,3,OPEN_LOCK,SvmSyunTeiMngNo,,,"{""UNREACHABLE"": 1}",,,{},False,
both_unresolved,mfs_file,/home/chukyu/t-svm/tool/IWATE/svmtool/svmfile.c,1030,mpf_mfs_readrecn,1,READREC,&fcb,,,"{""EXTERNAL"": 1}",,,{},False,
both_unresolved,mfs_file,/home/chukyu/t-svm/tool/IWATE/svmtool/svmfile.c,1135,mpf_mfs_openm,3,OPEN_LOCK,SvmSyunTeiNo,,,"{""UNREACHABLE"": 1}",,,{},False,
both_unresolved,mfs_file,/home/chukyu/t-svm/tool/IWATE/svmtool/svmfile.c,1140,mpf_mfs_readrecn,1,READREC,&fcb,,,"{""EXTERNAL"": 1}",,,{},False,
both_unresolved,mfs_file,/home/chukyu/t-svm/tool/IWATE/svmtool/svmfile.c,1252,mpf_mfs_openm,3,OPEN_LOCK,SvmJikoStatNo,,,"{""UNREACHABLE"": 1}",,,{},False,
both_unresolved,mfs_file,/home/chukyu/t-svm/tool/IWATE/svmtool/svmfile.c,1257,mpf_mfs_readrecn,1,READREC,&fcb,,,"{""EXTERNAL"": 1}",,,{},False,
both_unresolved,mfs_file,/home/chukyu/t-svm/tool/IWATE/svmtool/svmfile.c,1291,mpf_mfs_openm,3,OPEN_LOCK,SvmSyunStatNo,,,"{""UNREACHABLE"": 1}",,,{},False,
both_unresolved,mfs_file,/home/chukyu/t-svm/tool/IWATE/svmtool/svmfile.c,1296,mpf_mfs_readrecn,1,READREC,&fcb,,,"{""EXTERNAL"": 1}",,,{},False,
both_unresolved,mfs_file,/home/chukyu/t-svm/tool/IWATE/svmtool/svmkojin.c,33,mpf_mfs_openm,3,OPEN_LOCK,SvmJikoATMngNo,,,"{""UNREACHABLE"": 1}",,,{},False,
both_unresolved,mfs_file,/home/chukyu/t-svm/tool/IWATE/svmtool/svmkojin.c,39,mpf_mfs_readrecm,1,READREC,&fcb,,,"{""UNREACHABLE"": 1}",,,{},False,
both_unresolved,mfs_file,/home/chukyu/t-svm/tool/IWATE/svmtool/svmkojin.c,57,mpf_mfs_readrecm,1,READREC,&fcb,,,"{""UNREACHABLE"": 1}",,,{},False,
both_unresolved,mfs_file,/home/chukyu/t-svm/tool/IWATE/svmtool/svmkojin.c,125,mpf_mfs_openm,3,OPEN_LOCK,SvmJimATMngNo,,,"{""UNREACHABLE"": 1}",,,{},False,
both_unresolved,mfs_file,/home/chukyu/t-svm/tool/IWATE/svmtool/svmkojin.c,131,mpf_mfs_readrecm,1,READREC,&fcb,,,"{""UNREACHABLE"": 1}",,,{},False,
both_unresolved,mfs_file,/home/chukyu/t-svm/tool/IWATE/svmtool/svmkojin.c,149,mpf_mfs_readrecm,1,READREC,&fcb,,,"{""UNREACHABLE"": 1}",,,{},False,
both_unresolved,mfs_file,/home/chukyu/t-svm/tool/IWATE/svmtool/svmkojin.c,217,mpf_mfs_openm,3,OPEN_LOCK,SvmChoATMngNo,,,"{""UNREACHABLE"": 1}",,,{},False,
both_unresolved,mfs_file,/home/chukyu/t-svm/tool/IWATE/svmtool/svmkojin.c,223,mpf_mfs_readrecm,1,READREC,&fcb,,,"{""UNREACHABLE"": 1}",,,{},False,
both_unresolved,mfs_file,/home/chukyu/t-svm/tool/IWATE/svmtool/svmkojin.c,241,mpf_mfs_readrecm,1,READREC,&fcb,,,"{""UNREACHABLE"": 1}",,,{},False,
both_unresolved,mfs_file,/home/chukyu/t-svm/tool/IWATE/svmtool/svmkojin.c,309,mpf_mfs_openm,3,OPEN_LOCK,SvmSyunATMngNo,,,"{""UNREACHABLE"": 1}",,,{},False,
both_unresolved,mfs_file,/home/chukyu/t-svm/tool/IWATE/svmtool/svmkojin.c,315,mpf_mfs_readrecm,1,READREC,&fcb,,,"{""UNREACHABLE"": 1}",,,{},False,
both_unresolved,mfs_file,/home/chukyu/t-svm/tool/IWATE/svmtool/svmkojin.c,333,mpf_mfs_readrecm,1,READREC,&fcb,,,"{""UNREACHABLE"": 1}",,,{},False,
both_unresolved,mfs_file,/home/chukyu/t-svm/tool/SetFile/SetFile.c,23,mpf_mfs_openm,3,OPEN_LOCK,file_no,,,"{""UNREACHABLE"": 1}",,,{},False,
both_unresolved,mfs_file,/home/chukyu/t-svm/tool/SetFile/SetFile.c,53,mpf_mfs_getrecm,1,GETREC,fcb,,,"{""UNREACHABLE"": 1}",,,{},False,
both_unresolved,mfs_file,/home/chukyu/t-svm/tool/apitop_test/topOnJohen.c,81,mpf_mfs_openm,3,OPEN_LOCK,(int)API_TOP_JOHEN_FILE,,,"{""UNREACHABLE"": 1}",,,{},False,
both_unresolved,mfs_file,/home/chukyu/t-svm/tool/apitop_test/topOnJohen.c,93,mpf_mfs_getrec,1,GETREC,&API_TOP_johen_file,,,"{""UNREACHABLE"": 1}",,,{},False,
both_unresolved,mfs_file,/home/chukyu/t-svm/tool/apitop_test/topOnJohen.c,96,mpf_mfs_getrec,1,GETREC,&API_TOP_johen_file,,,"{""UNREACHABLE"": 1}",,,{},False,
both_unresolved,mfs_file,/home/chukyu/t-svm/tool/apitop_test/topOnJohen.c,99,mpf_mfs_getrec,1,GETREC,&API_TOP_johen_file,,,"{""UNREACHABLE"": 1}",,,{},False,
both_unresolved,mfs_file,/home/chukyu/t-svm/tool/apitop_test/topOnJohen.c,102,mpf_mfs_getrec,1,GETREC,&API_TOP_johen_file,,,"{""UNREACHABLE"": 1}",,,{},False,
both_unresolved,mfs_file,/home/chukyu/t-svm/tool/apitop_test/topOnJohen.c,105,mpf_mfs_getrec,1,GETREC,&API_TOP_johen_file,,,"{""UNREACHABLE"": 1}",,,{},False,
both_unresolved,mfs_file,/home/chukyu/t-svm/tool/apitop_test/topOnJohen.c,175,mpf_mfs_openm,3,OPEN_LOCK,API_TOP_JOHEN_FILE,,,"{""UNREACHABLE"": 1}",,,{},False,
cvisualizer_resolved_only,mfs_file,/home/chukyu/t-svm/tool/svmclr/svmclr.c,56,mpf_mfs_writerecn,1,WRITEREC,&fcb,2651,2651,"{""EXACT"": 1}",,,{},False,
cvisualizer_resolved_only,mfs_file,/home/chukyu/t-svm/tool/svmclr/svmclr.c,79,mpf_mfs_writerecn,1,WRITEREC,&fcb,2650,2650,"{""EXACT"": 1}",,,{},False,
both_unresolved,mfs_file,/home/chukyu/t-svm/tool/test/setfile/setfile.c,34,mpf_mfs_openm,3,OPEN_LOCK,file_no,,,"{""UNREACHABLE"": 1}",,,{},False,
both_unresolved,mfs_file,/home/chukyu/t-svm/tool/test/setfile/setfile.c,69,mpf_mfs_getrecm,1,GETREC,fcb,,,"{""UNREACHABLE"": 1}",,,{},False,
both_unresolved,mfs_file,/home/chukyu/t-svm/tool/test/setfile/setfile.c,136,mpf_mfs_getrecm,1,GETREC,fcb,,,"{""UNREACHABLE"": 1}",,,{},False,
both_unresolved,mfs_file,/home/chukyu/t-tmm/src/libtmm/TmmBSUnTypeChk.c,87,mpf_mfs_readrecm,1,READREC,&sFcb,,,"{""UNREACHABLE"": 1}",,,{},False,
both_unresolved,mfs_file,/home/chukyu/t-tmm/src/libtmm/TmmBSUnTypeChk.c,107,mpf_mfs_readrecm,1,READREC,&sFcb,,,"{""UNREACHABLE"": 1}",,,{},False,
both_unresolved,mfs_file,/home/chukyu/t-tmm/src/libtmm/TmmFile.c,141,mpf_mfs_openm_H,2,OPEN_LOCK,tmm_flist[tmm_fnum].fno,,,"{""UNREACHABLE"": 1}",,,{},False,
both_unresolved,mfs_file,/home/chukyu/t-tmm/src/libtmm/TmmFile.c,146,mpf_mfs_openm,3,OPEN_LOCK,tmm_flist[tmm_fnum].fno,,,"{""UNREACHABLE"": 1}",,,{},False,
both_unresolved,mfs_file,/home/chukyu/t-tmm/src/libtmm/TmmFile.c,238,mpf_mfs_readrecn,1,READREC,&tmm_flist[i].fcb,,,"{""UNREACHABLE"": 1}",,,{},False,
both_unresolved,mfs_file,/home/chukyu/t-tmm/src/libtmm/TmmFile.c,275,mpf_mfs_writerecn,1,WRITEREC,&tmm_flist[i].fcb,,,"{""UNREACHABLE"": 1}",,,{},False,
both_unresolved,mfs_file,/home/chukyu/t-tmm/src/libtmm/TmmGetComSet.c,139,mpf_mfs_readrecm,1,READREC,&fcb,,,"{""UNREACHABLE"": 1}",,,{},False,
both_unresolved,mfs_file,/home/chukyu/t-tmm/src/libtmm/TmmGetConst.c,45,mpf_mfs_readrecm,1,READREC,&fcb,,,"{""UNREACHABLE"": 1}",,,{},False,
both_unresolved,mfs_file,/home/chukyu/t-tmm/src/libtmm/TmmGetDef.c,45,mpf_mfs_readrecm,1,READREC,&fcb,,,"{""UNREACHABLE"": 1}",,,{},False,
both_unresolved,mfs_file,/home/chukyu/t-tmm/src/libtmm/TmmGetExConst.c,45,mpf_mfs_readrecm,1,READREC,&fcb,,,"{""UNREACHABLE"": 1}",,,{},False,
both_unresolved,mfs_file,/home/chukyu/t-tmm/src/libtmm/TmmGetSaveTM.c,50,mpf_mfs_readrecm,1,READREC,&save_fcb,,,"{""UNREACHABLE"": 1}",,,{},False,
both_unresolved,mfs_file,/home/chukyu/t-tmm/src/libtmmp/TmmBandCheck_GNP.c,106,mpf_mfs_readrecm,1,READREC,&gndef_fcb,,,"{""UNREACHABLE"": 1}",,,{},False,
both_unresolved,mfs_file,/home/chukyu/t-tmm/src/libtmmp/TmmBandCheck_GNP.c,109,mpf_mfs_readrecm,1,READREC,&gnset_fcb,,,"{""UNREACHABLE"": 1}",,,{},False,
both_unresolved,mfs_file,/home/chukyu/t-tmm/src/libtmmp/TmmGNQSetInit.c,89,mpf_mfs_getrecm,1,GETREC,&def_fcb,,,"{""UNREACHABLE"": 1}",,,{},False,
both_unresolved,mfs_file,/home/chukyu/t-tmm/src/libtmmp/TmmGNQSetInit.c,98,mpf_mfs_getrecm,1,GETREC,&fcb,,,"{""UNREACHABLE"": 1}",,,{},False,
both_unresolved,mfs_file,/home/chukyu/t-tmm/src/libtmmp/TmmGNQSetInit.c,171,mpf_mfs_readrecm,1,READREC,&gt_fcb,,,"{""UNREACHABLE"": 1}",,,{},False,
both_unresolved,mfs_file,/home/chukyu/t-tmm/src/libtmmp/TmmGNQSetInit.c,184,mpf_mfs_getrecm,1,GETREC,&fcb,,,"{""UNREACHABLE"": 1}",,,{},False,
both_unresolved,mfs_file,/home/chukyu/t-tmm/src/libtmmp/TmmGNQSetInit.c,199,mpf_mfs_getrecm,1,GETREC,&fcb,,,"{""UNREACHABLE"": 1}",,,{},False,
both_unresolved,mfs_file,/home/chukyu/t-tmm/src/libtmmp/TmmGetSklNo.c,45,mpf_mfs_readrecm,1,READREC,&fcb,,,"{""UNREACHABLE"": 1}",,,{},False,
both_unresolved,mfs_file,/home/chukyu/t-tmm/src/libtmmp/TmmLocalInit.c,59,mpf_mfs_getrecm,1,GETREC,&fcb,,,"{""UNREACHABLE"": 1}",,,{},False,
both_unresolved,mfs_file,/home/chukyu/t-tmm/src/libtmmp/TmmLocalInit.c,85,mpf_mfs_getrecm,1,GETREC,&def_fcb,,,"{""UNREACHABLE"": 1}",,,{},False,
both_unresolved,mfs_file,/home/chukyu/t-tmm/src/libtmmp/TmmLocalInit.c,169,mpf_mfs_getrecm,1,GETREC,&fcb,,,"{""UNREACHABLE"": 1}",,,{},False,
both_unresolved,mfs_file,/home/chukyu/t-tmm/src/libtmmp/TmmLocalInit.c,209,mpf_mfs_getrecm,1,GETREC,&fcb,,,"{""UNREACHABLE"": 1}",,,{},False,
both_unresolved,mfs_file,/home/chukyu/t-tmm/src/libtmmp/TmmLocalInit.c,264,mpf_mfs_getrecm,1,GETREC,&fcb,,,"{""UNREACHABLE"": 1}",,,{},False,
both_unresolved,mfs_file,/home/chukyu/t-tmm/src/libtmmp/TmmLocalInit.c,331,mpf_mfs_getrecm,1,GETREC,&fcb,,,"{""UNREACHABLE"": 1}",,,{},False,
both_unresolved,mfs_file,/home/chukyu/t-tmm/src/libtmmp/TmmLocalInit.c,384,mpf_mfs_getrecm,1,GETREC,&fcb,,,"{""UNREACHABLE"": 1}",,,{},False,
both_unresolved,mfs_file,/home/chukyu/t-tmm/src/libtmmp/TmmRTCheck.c,116,mpf_mfs_readrecm,1,READREC,&def_fcb,,,"{""UNREACHABLE"": 1}",,,{},False,
both_unresolved,mfs_file,/home/chukyu/t-tmm/src/libtmmp/TmmSysInit.c,159,mpf_mfs_readrecm,1,READREC,&gen_fcb,,,"{""UNREACHABLE"": 1}",,,{},False,
both_unresolved,mfs_file,/home/chukyu/t-tmm/src/libtmmp/TmmSysInit.c,163,mpf_mfs_readrecm,1,READREC,&stat_fcb,,,"{""UNREACHABLE"": 1}",,,{},False,
both_unresolved,mfs_file,/home/chukyu/t-tmm/src/libtmmp/TmmSysInit.c,252,mpf_mfs_readrecm,1,READREC,&stat_fcb2,,,"{""UNREACHABLE"": 1}",,,{},False,
both_unresolved,mfs_file,/home/chukyu/t-tmm/src/libtmmp/TmmSysInit.c,379,mpf_mfs_readrecm,1,READREC,&gen_fcb,,,"{""UNREACHABLE"": 1}",,,{},False,
both_unresolved,mfs_file,/home/chukyu/t-tmm/src/libtmmp/TmmSysInit.c,383,mpf_mfs_readrecm,1,READREC,&stat_fcb,,,"{""UNREACHABLE"": 1}",,,{},False,
both_unresolved,mfs_file,/home/chukyu/t-tmm/src/libtmmp/TmmSysInit.c,511,mpf_mfs_readrecm,1,READREC,&gen_fcb,,,"{""UNREACHABLE"": 1}",,,{},False,
both_unresolved,mfs_file,/home/chukyu/t-tmm/src/libtmmp/TmmSysInit.c,520,mpf_mfs_readrecm,1,READREC,&stat_fcb,,,"{""UNREACHABLE"": 1}",,,{},False,
both_unresolved,mfs_file,/home/chukyu/t-tmm/src/libtmmp/TmmSysInit.c,528,mpf_mfs_readrecm,1,READREC,&stat_fcb,,,"{""UNREACHABLE"": 1}",,,{},False,
both_unresolved,mfs_file,/home/chukyu/t-tmm/src/libtmmp/TmmSysInit.c,623,mpf_mfs_readrecm,1,READREC,&gen_fcb,,,"{""UNREACHABLE"": 1}",,,{},False,
both_unresolved,mfs_file,/home/chukyu/t-tmm/src/libtmmp/TmmSysInit.c,632,mpf_mfs_readrecm,1,READREC,&stat_fcb,,,"{""UNREACHABLE"": 1}",,,{},False,
both_unresolved,mfs_file,/home/chukyu/t-tmm/src/libtmmp/TmmSysInit.c,640,mpf_mfs_readrecm,1,READREC,&stat_fcb,,,"{""UNREACHABLE"": 1}",,,{},False,
both_unresolved,mfs_file,/home/chukyu/t-tmm/src/libtmmp/TmmSysInit.c,795,mpf_mfs_readrecm,1,READREC,&gen_fcb,,,"{""UNREACHABLE"": 1}",,,{},False,
both_unresolved,mfs_file,/home/chukyu/t-tmm/src/libtmmp/TmmSysInit.c,804,mpf_mfs_readrecm,1,READREC,&stat_fcb,,,"{""UNREACHABLE"": 1}",,,{},False,
both_unresolved,mfs_file,/home/chukyu/t-tmm/src/libtmmp/TmmSysInit.c,812,mpf_mfs_readrecm,1,READREC,&stat_fcb,,,"{""UNREACHABLE"": 1}",,,{},False,
both_unresolved,mfs_file,/home/chukyu/t-tmm/src/libtmmp/TmmSysInit.c,907,mpf_mfs_readrecm,1,READREC,&gen_fcb2,,,"{""UNREACHABLE"": 1}",,,{},False,
both_unresolved,mfs_file,/home/chukyu/t-tmm/src/libtmmp/TmmSysInit.c,911,mpf_mfs_readrecm,1,READREC,&stat_fcb2,,,"{""UNREACHABLE"": 1}",,,{},False,
both_unresolved,mfs_file,/home/chukyu/t-tmm/src/libtmmp/TmmTRCheck.c,95,mpf_mfs_readrecm,1,READREC,&trdef_fcb,,,"{""UNREACHABLE"": 1}",,,{},False,
both_unresolved,mfs_file,/home/chukyu/t-tmm/src/libtmmp/TmmVoltCheck.c,156,mpf_mfs_readrecm,1,READREC,&stat_fcb,,,"{""UNREACHABLE"": 1}",,,{},False,
both_unresolved,mfs_file,/home/chukyu/t-tmm/src/libtmmp/TmmVoltCheck.c,169,mpf_mfs_readrecm,1,READREC,&stat_fcb,,,"{""UNREACHABLE"": 1}",,,{},False,
both_unresolved,mfs_file,/home/chukyu/t-tmm/src/libtmmp/TmmVolt_LV2PickUp.c,111,mpf_mfs_readrecm,1,READREC,&vdef_fcb,,,"{""UNREACHABLE"": 1}",,,{},False,
both_unresolved,mfs_file,/home/chukyu/t-tmm/src/libtmmp/TmmVolt_LV2PickUp.c,171,mpf_mfs_readrecm,1,READREC,&vset_fcb,,,"{""UNREACHABLE"": 1}",,,{},False,
both_unresolved,mfs_file,/home/chukyu/t-tmm/src/libtmmp/TmmVolt_LV2PickUp.c,199,mpf_mfs_readrecm,1,READREC,&vset_fcb,,,"{""UNREACHABLE"": 1}",,,{},False,
both_unresolved,mfs_file,/home/chukyu/t-tmm/src/libtmmp/TmmVolt_LV2PickUp.c,226,mpf_mfs_readrecm,1,READREC,&vdef_fcb,,,"{""UNREACHABLE"": 1}",,,{},False,
both_unresolved,mfs_file,/home/chukyu/t-tmm/src/libtmmp/TmmVolt_LV2PickUp.c,287,mpf_mfs_readrecm,1,READREC,&vset_fcb,,,"{""UNREACHABLE"": 1}",,,{},False,
both_unresolved,mfs_file,/home/chukyu/t-tmm/src/libtmmp/TmmVolt_LV2PickUp.c,315,mpf_mfs_readrecm,1,READREC,&vset_fcb,,,"{""UNREACHABLE"": 1}",,,{},False,
both_unresolved,mfs_file,/home/chukyu/t-tmm/src/libtmmp/TmmVolt_LV2PickUp.c,353,mpf_mfs_readrecm,1,READREC,&vdef_fcb,,,"{""UNREACHABLE"": 1}",,,{},False,
both_unresolved,mfs_file,/home/chukyu/t-tmm/src/libtmmp/TmmVolt_LV2PickUp.c,437,mpf_mfs_readrecm,1,READREC,&vset_fcb,,,"{""UNREACHABLE"": 1}",,,{},False,
both_unresolved,mfs_file,/home/chukyu/t-tmm/src/libtmmp/TmmVolt_LV2PickUp.c,465,mpf_mfs_readrecm,1,READREC,&vset_fcb,,,"{""UNREACHABLE"": 1}",,,{},False,
both_unresolved,mfs_file,/home/chukyu/t-tmm/src/libtmmp/TmmVolt_LV2PickUp.c,532,mpf_mfs_readrecm,1,READREC,&vset_fcb,,,"{""UNREACHABLE"": 1}",,,{},False,
both_unresolved,mfs_file,/home/chukyu/t-tmm/src/libtmmp/TmmVolt_LV2PickUp.c,558,mpf_mfs_readrecm,1,READREC,&vset_fcb,,,"{""UNREACHABLE"": 1}",,,{},False,
both_unresolved,mfs_file,/home/chukyu/t-tmm/src/tmm000/tmm000_cdbinit.c,163,mpf_mfs_copyrec_H,2,COPYREC_FROM,KDCCURFNo,,,"{""UNREACHABLE"": 1}",,,{},False,
both_unresolved,mfs_file,/home/chukyu/t-tmm/src/tmm000/tmm000_cdbinit.c,163,mpf_mfs_copyrec_H,8,COPYREC_TO,API_GENZAIDB,,,"{""UNREACHABLE"": 1}",,,{},False,
both_unresolved,mfs_file,/home/chukyu/t-tmm/src/tmm000/tmm000_cdbinit.c,170,mpf_mfs_copyrec_H,2,COPYREC_FROM,KDCCURFNo,,,"{""UNREACHABLE"": 1}",,,{},False,
both_unresolved,mfs_file,/home/chukyu/t-tmm/src/tmm000/tmm000_cdbinit.c,170,mpf_mfs_copyrec_H,8,COPYREC_TO,API_GENZAIDB,,,"{""UNREACHABLE"": 1}",,,{},False,
both_unresolved,mfs_file,/home/chukyu/t-tmm/src/tmm000/tmm000_cdbinit.c,180,mpf_mfs_copyrec_H,2,COPYREC_FROM,KDCCURFNo,,,"{""UNREACHABLE"": 1}",,,{},False,
both_unresolved,mfs_file,/home/chukyu/t-tmm/src/tmm000/tmm000_cdbinit.c,180,mpf_mfs_copyrec_H,8,COPYREC_TO,API_GENZAIDB,,,"{""UNREACHABLE"": 1}",,,{},False,
both_unresolved,mfs_file,/home/chukyu/t-tmm/src/tmm000/tmm000_cdbinit.c,190,mpf_mfs_copyrec_H,2,COPYREC_FROM,KDCCURFNo,,,"{""UNREACHABLE"": 1}",,,{},False,
both_unresolved,mfs_file,/home/chukyu/t-tmm/src/tmm000/tmm000_cdbinit.c,190,mpf_mfs_copyrec_H,8,COPYREC_TO,API_GENZAIDB,,,"{""UNREACHABLE"": 1}",,,{},False,
both_unresolved,mfs_file,/home/chukyu/t-tmm/src/tmm000/tmm000_cdbinit.c,205,mpf_mfs_copyrec_H,2,COPYREC_FROM,KDCCURFNo,,,"{""UNREACHABLE"": 1}",,,{},False,
both_unresolved,mfs_file,/home/chukyu/t-tmm/src/tmm000/tmm000_cdbinit.c,205,mpf_mfs_copyrec_H,8,COPYREC_TO,API_GENZAIDB,,,"{""UNREACHABLE"": 1}",,,{},False,
both_unresolved,mfs_file,/home/chukyu/t-tmm/src/tmm000/tmm000_cdbinit.c,214,mpf_mfs_copyrec_H,2,COPYREC_FROM,KDCCURFNo,,,"{""UNREACHABLE"": 1}",,,{},False,
both_unresolved,mfs_file,/home/chukyu/t-tmm/src/tmm000/tmm000_cdbinit.c,214,mpf_mfs_copyrec_H,8,COPYREC_TO,API_GENZAIDB,,,"{""UNREACHABLE"": 1}",,,{},False,
both_unresolved,mfs_file,/home/chukyu/t-tmm/src/tmm000/tmm000_cdbinit.c,247,mpf_mfs_copyrec_H,2,COPYREC_FROM,API_GENZAIDB,,,"{""UNREACHABLE"": 1}",,,{},False,
both_unresolved,mfs_file,/home/chukyu/t-tmm/src/tmm000/tmm000_cdbinit.c,247,mpf_mfs_copyrec_H,8,COPYREC_TO,KDCCURFNo,,,"{""UNREACHABLE"": 1}",,,{},False,
both_unresolved,mfs_file,/home/chukyu/t-tmm/src/tmm000/tmm000_cdbinit.c,264,mpf_mfs_copyrec_H,2,COPYREC_FROM,API_GENZAIDB,,,"{""UNREACHABLE"": 1}",,,{},False,
both_unresolved,mfs_file,/home/chukyu/t-tmm/src/tmm000/tmm000_cdbinit.c,264,mpf_mfs_copyrec_H,8,COPYREC_TO,KDCCURFNo,,,"{""UNREACHABLE"": 1}",,,{},False,
both_unresolved,mfs_file,/home/chukyu/t-tmm/src/tmm000/tmm000_cdbinit.c,282,mpf_mfs_copyrec_H,2,COPYREC_FROM,API_GENZAIDB,,,"{""UNREACHABLE"": 1}",,,{},False,
both_unresolved,mfs_file,/home/chukyu/t-tmm/src/tmm000/tmm000_cdbinit.c,282,mpf_mfs_copyrec_H,8,COPYREC_TO,KDCCURFNo,,,"{""UNREACHABLE"": 1}",,,{},False,
both_unresolved,mfs_file,/home/chukyu/t-tmm/src/tmm000/tmm000_cdbinit.c,300,mpf_mfs_copyrec_H,2,COPYREC_FROM,API_GENZAIDB,,,"{""UNREACHABLE"": 1}",,,{},False,
both_unresolved,mfs_file,/home/chukyu/t-tmm/src/tmm000/tmm000_cdbinit.c,300,mpf_mfs_copyrec_H,8,COPYREC_TO,KDCCURFNo,,,"{""UNREACHABLE"": 1}",,,{},False,
both_unresolved,mfs_file,/home/chukyu/t-tmm/src/tmm000/tmm000_cdbinit.c,327,mpf_mfs_copyrec_H,2,COPYREC_FROM,API_GENZAIDB,,,"{""UNREACHABLE"": 1}",,,{},False,
both_unresolved,mfs_file,/home/chukyu/t-tmm/src/tmm000/tmm000_cdbinit.c,327,mpf_mfs_copyrec_H,8,COPYREC_TO,KDCCURFNo,,,"{""UNREACHABLE"": 1}",,,{},False,
both_unresolved,mfs_file,/home/chukyu/t-tmm/src/tmm000/tmm000_cdbinit.c,344,mpf_mfs_copyrec_H,2,COPYREC_FROM,API_GENZAIDB,,,"{""UNREACHABLE"": 1}",,,{},False,
both_unresolved,mfs_file,/home/chukyu/t-tmm/src/tmm000/tmm000_cdbinit.c,344,mpf_mfs_copyrec_H,8,COPYREC_TO,KDCCURFNo,,,"{""UNREACHABLE"": 1}",,,{},False,
legacy_resolved_only,mfs_file,/home/chukyu/t-tmm/src/tmm200d/tmm200d_chstatus.c,118,mpf_mfs_getrecm,1,GETREC,&fcb,,,"{""UNREACHABLE"": 1}",&fcb; TMM_TMBITGEN_FNO,2720,"{""ADDED"": 1, ""OK_MACRO"": 1}",False,t-tmm/src/tmm200d/tmm200d_chstatus.c:3675 mpf_mfs_open arg 3 > t-tmm/src/tmm200d/tmm200d_chstatus.c:4018 mpf_mfs_getrecm handle 1
equal,mfs_file,/home/chukyu/t-tmm/src/tmm200d/tmm200d_gen.c,48,mpf_mfs_readrecn,1,READREC,&fcb1,2701,2701,"{""EXACT"": 1}",&fcb1; TMM_TMMIXGEN_FNO,2701,"{""ADDED"": 1, ""OK_MACRO"": 1}",False,t-tmm/src/tmm200d/tmm200d_gen.c:1420 mpf_mfs_openm arg 3 > t-tmm/src/tmm200d/tmm200d_gen.c:1763 mpf_mfs_readrecn handle 1
equal,mfs_file,/home/chukyu/t-tmm/src/tmm200d/tmm200d_gen.c,59,mpf_mfs_readrecn,1,READREC,&fcb2,2737,2737,"{""EXACT"": 1}",&fcb2; TMM_TMSYKGEN_FNO,2737,"{""ADDED"": 1, ""OK_MACRO"": 1}",False,t-tmm/src/tmm200d/tmm200d_gen.c:1911 mpf_mfs_openm arg 3 > t-tmm/src/tmm200d/tmm200d_gen.c:2254 mpf_mfs_readrecn handle 1
equal,mfs_file,/home/chukyu/t-tmm/src/tmm200d/tmm200d_gen.c,75,mpf_mfs_readrecn,1,READREC,&fcb3,2728,2728,"{""EXACT"": 1}",&fcb3; TMM_VUNYOTOKU_FNO,2728,"{""ADDED"": 1, ""OK_MACRO"": 1}",False,t-tmm/src/tmm200d/tmm200d_gen.c:2401 mpf_mfs_openm_H arg 2 > t-tmm/src/tmm200d/tmm200d_gen.c:2846 mpf_mfs_readrecn handle 1
equal,mfs_file,/home/chukyu/t-tmm/src/tmm200d/tmm200d_gen.c,91,mpf_mfs_readrecn,1,READREC,&fcb3,2735,2735,"{""EXACT"": 1}",&fcb3; TMM_VLIMITDEF_FNO,2735,"{""ADDED"": 1, ""OK_MACRO"": 1}",False,t-tmm/src/tmm200d/tmm200d_gen.c:3002 mpf_mfs_openm_H arg 2 > t-tmm/src/tmm200d/tmm200d_gen.c:3443 mpf_mfs_readrecn handle 1
legacy_resolved_only,mfs_file,/home/chukyu/t-tmm/src/tmm200d/tmm200d_status.c,145,mpf_mfs_readrecm,1,READREC,&fcb_mixsyk,,,"{""UNREACHABLE"": 1}",&fcb_mixsyk; TMM_TMMIXSYKGEN_FNO,2718,"{""ADDED"": 1, ""OK_MACRO"": 1}",False,t-tmm/src/tmm200d/tmm200d_status.c:4112 mpf_mfs_openm arg 3 > t-tmm/src/tmm200d/tmm200d_status.c:4475 mpf_mfs_readrecm handle 1
legacy_resolved_only,mfs_file,/home/chukyu/t-tmm/src/tmm200d/tmm200d_value.c,225,mpf_mfs_getrecm,1,GETREC,&save_fcb,,,"{""UNREACHABLE"": 1}",&save_fcb; TMM_TMSAVE_FNO,2722,"{""ADDED"": 1, ""OK_MACRO"": 1}",False,t-tmm/src/tmm200d/tmm200d_value.c:7700 mpf_mfs_openm arg 3 > t-tmm/src/tmm200d/tmm200d_value.c:7964 mpf_mfs_getrecm handle 1
legacy_resolved_only,mfs_file,/home/chukyu/t-tmm/src/tmm210d/tmm210d_gen.c,46,mpf_mfs_readrecm,1,READREC,&fcb1,,,"{""UNREACHABLE"": 1}",&fcb1; TMM_TMMIXGEN_FNO,2701,"{""ADDED"": 1, ""OK_MACRO"": 1}",False,t-tmm/src/tmm210d/tmm210d_gen.c:1291 mpf_mfs_openm arg 3 > t-tmm/src/tmm210d/tmm210d_gen.c:1618 mpf_mfs_readrecm handle 1
legacy_resolved_only,mfs_file,/home/chukyu/t-tmm/src/tmm210d/tmm210d_gen.c,57,mpf_mfs_readrecm,1,READREC,&fcb2,,,"{""UNREACHABLE"": 1}",&fcb2; TMM_TMSYKGEN_FNO,2737,"{""ADDED"": 1, ""OK_MACRO"": 1}",False,t-tmm/src/tmm210d/tmm210d_gen.c:1760 mpf_mfs_openm arg 3 > t-tmm/src/tmm210d/tmm210d_gen.c:2101 mpf_mfs_readrecm handle 1
legacy_resolved_only,mfs_file,/home/chukyu/t-tmm/src/tmm210d/tmm210d_reqcb.c,143,mpf_mfs_getrecm,1,GETREC,&fcb,,,"{""UNREACHABLE"": 1}",&fcb; TMM_TMBITGEN_FNO,2720,"{""ADDED"": 1, ""OK_MACRO"": 1}",False,t-tmm/src/tmm210d/tmm210d_reqcb.c:4683 mpf_mfs_open arg 3 > t-tmm/src/tmm210d/tmm210d_reqcb.c:5061 mpf_mfs_getrecm handle 1
legacy_resolved_only,mfs_file,/home/chukyu/t-tmm/src/tmm210d/tmm210d_reqcb.c,808,mpf_mfs_getrecm,1,GETREC,&fcb1,,,"{""UNREACHABLE"": 1}",&fcb1; TMM_SCDEF_FNO,2734,"{""ADDED"": 1, ""OK_MACRO"": 1}",False,t-tmm/src/tmm210d/tmm210d_reqcb.c:25594 mpf_mfs_open arg 3 > t-tmm/src/tmm210d/tmm210d_reqcb.c:26073 mpf_mfs_getrecm handle 1
legacy_resolved_only,mfs_file,/home/chukyu/t-tmm/src/tmm210d/tmm210d_reqcb.c,817,mpf_mfs_getrecm,1,GETREC,&fcb2,,,"{""UNREACHABLE"": 1}",&fcb2; TMM_SSVOLTSTAT_FNO,2713,"{""ADDED"": 1, ""OK_MACRO"": 1}",False,t-tmm/src/tmm210d/tmm210d_reqcb.c:25840 mpf_mfs_open arg 3 > t-tmm/src/tmm210d/tmm210d_reqcb.c:26471 mpf_mfs_getrecm handle 1
equal,mfs_file,/home/chukyu/t-tmm/src/tmm900/tmm900_VUnyoToku.c,267,mpf_mfs_writerecn,1,WRITEREC,&sFcb,2728,2728,"{""EXACT"": 1}",&sFcb; TMM_VUNYOTOKU_FNO,2728,"{""ADDED"": 1, ""OK_MACRO"": 1}",False,t-tmm/src/tmm900/tmm900_VUnyoToku.c:9088 mpf_mfs_openm_H arg 2 > t-tmm/src/tmm900/tmm900_VUnyoToku.c:9337 mpf_mfs_writerecn handle 1
legacy_resolved_only,mfs_file,/home/chukyu/t-tmm/src/tmm900/tmm900_bittm.c,98,mpf_mfs_getrecm,1,GETREC,&fcb,,,"{""UNREACHABLE"": 1}",&fcb; TMM_TMBITGEN_FNO,2720,"{""ADDED"": 1, ""OK_MACRO"": 1}",False,t-tmm/src/tmm900/tmm900_bittm.c:1883 mpf_mfs_open arg 3 > t-tmm/src/tmm900/tmm900_bittm.c:3588 mpf_mfs_getrecm handle 1
legacy_resolved_only,mfs_file,/home/chukyu/t-tmm/src/tmm900/tmm900_bittm.c,146,mpf_mfs_getrecm,1,GETREC,&fcb,,,"{""UNREACHABLE"": 1}",&fcb; TMM_TMBITGEN_FNO,2720,"{""ALREADY_PRESENT"": 1, ""OK_CONST"": 1}",True,t-tmm/src/tmm900/tmm900_bittm.c:5297 mpf_mfs_getrecm handle 1
equal,mfs_file,/home/chukyu/t-tmm/src/tmm900/tmm900_cdttmgen.c,287,mpf_mfs_writerecn,1,WRITEREC,&fcb_cdttm,2739,2739,"{""EXACT"": 1}",&fcb_cdttm; TMM_CDTTMGEN_FNO,2739,"{""ADDED"": 1, ""OK_MACRO"": 1}",False,t-tmm/src/tmm900/tmm900_cdttmgen.c:10988 mpf_mfs_openm arg 3 > t-tmm/src/tmm900/tmm900_cdttmgen.c:11368 mpf_mfs_writerecn handle 1
legacy_resolved_only,mfs_file,/home/chukyu/t-tmm/src/tmm900/tmm900_defgen.c,89,mpf_mfs_getrecm,1,GETREC,&fcb,,,"{""UNREACHABLE"": 1}",&fcb; TMM_DEF_FNO,2703,"{""ADDED"": 1, ""OK_MACRO"": 1}",False,t-tmm/src/tmm900/tmm900_defgen.c:2754 mpf_mfs_open arg 3 > t-tmm/src/tmm900/tmm900_defgen.c:3151 mpf_mfs_getrecm handle 1
both_unresolved,mfs_file,/home/chukyu/t-tmm/src/tmm900/tmm900_defgen.c,191,mpf_mfs_getrecm,1,GETREC,&fcb,,,"{""UNREACHABLE"": 1}",,,{},False,
legacy_resolved_only,mfs_file,/home/chukyu/t-tmm/src/tmm900/tmm900_defgen.c,438,mpf_mfs_getrecm,1,GETREC,&fcb,,,"{""UNREACHABLE"": 1}",&fcb; TMM_RTDEF_FNO,2705,"{""ADDED"": 1, ""OK_MACRO"": 1}",False,t-tmm/src/tmm900/tmm900_defgen.c:13720 mpf_mfs_open arg 3 > t-tmm/src/tmm900/tmm900_defgen.c:14170 mpf_mfs_getrecm handle 1
legacy_resolved_only,mfs_file,/home/chukyu/t-tmm/src/tmm900/tmm900_defgen.c,522,mpf_mfs_getrecm,1,GETREC,&fcb,,,"{""UNREACHABLE"": 1}",&fcb; TMM_TRDEF_FNO,2709,"{""ADDED"": 1, ""OK_MACRO"": 1}",False,t-tmm/src/tmm900/tmm900_defgen.c:16415 mpf_mfs_open arg 3 > t-tmm/src/tmm900/tmm900_defgen.c:16865 mpf_mfs_getrecm handle 1
legacy_resolved_only,mfs_file,/home/chukyu/t-tmm/src/tmm900/tmm900_defgen.c,719,mpf_mfs_getrecm,1,GETREC,&fcb,,,"{""UNREACHABLE"": 1}",&fcb; TMM_VOLTDEF_FNO,2711,"{""ADDED"": 1, ""OK_MACRO"": 1}",False,t-tmm/src/tmm900/tmm900_defgen.c:23113 mpf_mfs_open arg 3 > t-tmm/src/tmm900/tmm900_defgen.c:23559 mpf_mfs_getrecm handle 1
legacy_resolved_only,mfs_file,/home/chukyu/t-tmm/src/tmm900/tmm900_defgen.c,1162,mpf_mfs_getrecm,1,GETREC,&fcb,,,"{""UNREACHABLE"": 1}",&fcb; TMM_VOLTDEF_FNO,2711,"{""ADDED"": 1, ""OK_MACRO"": 1}",False,t-tmm/src/tmm900/tmm900_defgen.c:39352 mpf_mfs_open arg 3 > t-tmm/src/tmm900/tmm900_defgen.c:39798 mpf_mfs_getrecm handle 1
legacy_resolved_only,mfs_file,/home/chukyu/t-tmm/src/tmm900/tmm900_defgen.c,1352,mpf_mfs_getrecm,1,GETREC,&fcb,,,"{""UNREACHABLE"": 1}",&fcb; TMM_GNQDEF_FNO,2715,"{""ADDED"": 1, ""OK_MACRO"": 1}",False,t-tmm/src/tmm900/tmm900_defgen.c:45884 mpf_mfs_open arg 3 > t-tmm/src/tmm900/tmm900_defgen.c:46346 mpf_mfs_getrecm handle 1
legacy_resolved_only,mfs_file,/home/chukyu/t-tmm/src/tmm900/tmm900_defgen.c,1480,mpf_mfs_getrecm,1,GETREC,&v_fcb,,,"{""UNREACHABLE"": 1}",&v_fcb; TMM_VOLTDEF_FNO,2711,"{""ADDED"": 1, ""OK_MACRO"": 1}",False,t-tmm/src/tmm900/tmm900_defgen.c:47893 mpf_mfs_open arg 3 > t-tmm/src/tmm900/tmm900_defgen.c:51204 mpf_mfs_getrecm handle 1
legacy_resolved_only,mfs_file,/home/chukyu/t-tmm/src/tmm900/tmm900_defgen.c,1511,mpf_mfs_getrecm,1,GETREC,&v_fcb,,,"{""UNREACHABLE"": 1}",&v_fcb; TMM_VOLTDEF_FNO,2711,"{""ADDED"": 1, ""OK_MACRO"": 1}",False,t-tmm/src/tmm900/tmm900_defgen.c:47893 mpf_mfs_open arg 3 > t-tmm/src/tmm900/tmm900_defgen.c:52570 mpf_mfs_getrecm handle 1
legacy_resolved_only,mfs_file,/home/chukyu/t-tmm/src/tmm900/tmm900_gngen.c,110,mpf_mfs_getrecm,1,GETREC,&fcb,,,"{""UNREACHABLE"": 1}",&fcb; TMM_GNQDEF_FNO,2715,"{""ADDED"": 1, ""OK_MACRO"": 1}",False,t-tmm/src/tmm900/tmm900_gngen.c:3968 mpf_mfs_open arg 3 > t-tmm/src/tmm900/tmm900_gngen.c:4541 mpf_mfs_getrecm handle 1
legacy_resolved_only,mfs_file,/home/chukyu/t-tmm/src/tmm900/tmm900_gngen.c,158,mpf_mfs_getrecm,1,GETREC,&fcb,,,"{""UNREACHABLE"": 1}",&fcb; TMM_GNQDEF_FNO,2715,"{""ALREADY_PRESENT"": 1, ""OK_CONST"": 1}",True,t-tmm/src/tmm900/tmm900_gngen.c:6124 mpf_mfs_getrecm handle 1
legacy_resolved_only,mfs_file,/home/chukyu/t-tmm/src/tmm900/tmm900_gngen.c,265,mpf_mfs_getrecm,1,GETREC,&fcb,,,"{""UNREACHABLE"": 1}",&fcb; TMM_GNQDEF_FNO,2715,"{""ALREADY_PRESENT"": 1, ""OK_CONST"": 1}",True,t-tmm/src/tmm900/tmm900_gngen.c:9918 mpf_mfs_getrecm handle 1
legacy_resolved_only,mfs_file,/home/chukyu/t-tmm/src/tmm900/tmm900_gngen.c,515,mpf_mfs_getrecm,1,GETREC,&fcb,,,"{""UNREACHABLE"": 1}",&fcb; TMM_GNQDEF_FNO,2715,"{""ALREADY_PRESENT"": 1, ""OK_CONST"": 1}",True,t-tmm/src/tmm900/tmm900_gngen.c:19290 mpf_mfs_getrecm handle 1
equal,mfs_file,/home/chukyu/t-tmm/src/tmm900/tmm900_mixtm.c,124,mpf_mfs_writerecn,1,WRITEREC,&fcb_mix,2701,2701,"{""EXACT"": 1}",&fcb_mix; TMM_TMMIXGEN_FNO,2701,"{""ADDED"": 1, ""OK_MACRO"": 1}",False,t-tmm/src/tmm900/tmm900_mixtm.c:4410 mpf_mfs_openm arg 3 > t-tmm/src/tmm900/tmm900_mixtm.c:4764 mpf_mfs_writerecn handle 1
equal,mfs_file,/home/chukyu/t-tmm/src/tmm900/tmm900_mixtm.c,138,mpf_mfs_writerecn,1,WRITEREC,&fcb_mixkob,2737,2737,"{""EXACT"": 1}",&fcb_mixkob; TMM_TMSYKGEN_FNO,2737,"{""ADDED"": 1, ""OK_MACRO"": 1}",False,t-tmm/src/tmm900/tmm900_mixtm.c:5018 mpf_mfs_openm arg 3 > t-tmm/src/tmm900/tmm900_mixtm.c:5376 mpf_mfs_writerecn handle 1
equal,mfs_file,/home/chukyu/t-tmm/src/tmm900/tmm900_mixtm.c,152,mpf_mfs_writerecn,1,WRITEREC,&fcb_mixsyk,2718,2718,"{""EXACT"": 1}",&fcb_mixsyk; TMM_TMMIXSYKGEN_FNO,2718,"{""ADDED"": 1, ""OK_MACRO"": 1}",False,t-tmm/src/tmm900/tmm900_mixtm.c:5624 mpf_mfs_openm arg 3 > t-tmm/src/tmm900/tmm900_mixtm.c:5991 mpf_mfs_writerecn handle 1
legacy_resolved_only,mfs_file,/home/chukyu/t-tmm/src/tmm900/tmm900_rtgen.c,120,mpf_mfs_getrecm,1,GETREC,&fcb,,,"{""UNREACHABLE"": 1}",&fcb; TMM_RTDEF_FNO,2705,"{""ADDED"": 1, ""OK_MACRO"": 1}",False,t-tmm/src/tmm900/tmm900_rtgen.c:4284 mpf_mfs_open arg 3 > t-tmm/src/tmm900/tmm900_rtgen.c:5099 mpf_mfs_getrecm handle 1
legacy_resolved_only,mfs_file,/home/chukyu/t-tmm/src/tmm900/tmm900_rtgen.c,179,mpf_mfs_getrecm,1,GETREC,&fcb,,,"{""UNREACHABLE"": 1}",&fcb; TMM_RTDEF_FNO,2705,"{""ALREADY_PRESENT"": 1, ""OK_CONST"": 1}",True,t-tmm/src/tmm900/tmm900_rtgen.c:6897 mpf_mfs_getrecm handle 1
legacy_resolved_only,mfs_file,/home/chukyu/t-tmm/src/tmm900/tmm900_rtgen.c,474,mpf_mfs_getrecm,1,GETREC,&fcb,,,"{""UNREACHABLE"": 1}",&fcb; TMM_RTDEF_FNO,2705,"{""ALREADY_PRESENT"": 1, ""OK_CONST"": 1}",True,t-tmm/src/tmm900/tmm900_rtgen.c:18025 mpf_mfs_getrecm handle 1
legacy_resolved_only,mfs_file,/home/chukyu/t-tmm/src/tmm900/tmm900_scgen.c,75,mpf_mfs_getrecm,1,GETREC,&fcb1,,,"{""UNREACHABLE"": 1}",&fcb1; TMM_SCDEF_FNO,2734,"{""ADDED"": 1, ""OK_MACRO"": 1}",False,t-tmm/src/tmm900/tmm900_scgen.c:2337 mpf_mfs_open arg 3 > t-tmm/src/tmm900/tmm900_scgen.c:2708 mpf_mfs_getrecm handle 1
legacy_resolved_only,mfs_file,/home/chukyu/t-tmm/src/tmm900/tmm900_scgen.c,114,mpf_mfs_getrecm,1,GETREC,&fcb,,,"{""UNREACHABLE"": 1}",&fcb; TMM_VOLTDEF_FNO,2711,"{""ADDED"": 1, ""OK_MACRO"": 1}",False,t-tmm/src/tmm900/tmm900_scgen.c:1968 mpf_mfs_open arg 3 > t-tmm/src/tmm900/tmm900_scgen.c:4117 mpf_mfs_getrecm handle 1
both_unresolved,mfs_file,/home/chukyu/t-tmm/src/tmm900/tmm900_sklgen.c,73,mpf_mfs_getrecm,1,GETREC,&fcb,,,"{""UNREACHABLE"": 1}",,,{},False,
both_unresolved,mfs_file,/home/chukyu/t-tmm/src/tmm900/tmm900_sklgen.c,237,mpf_mfs_getrecm,1,GETREC,&gen_fcb,,,"{""UNREACHABLE"": 1}",,,{},False,
both_unresolved,mfs_file,/home/chukyu/t-tmm/src/tmm900/tmm900_sklgen.c,284,mpf_mfs_getrecm,1,GETREC,&gen_fcb,,,"{""UNREACHABLE"": 1}",,,{},False,
both_unresolved,mfs_file,/home/chukyu/t-tmm/src/tmm900/tmm900_sklgen.c,335,mpf_mfs_getrecm,1,GETREC,&gen_fcb,,,"{""UNREACHABLE"": 1}",,,{},False,
both_unresolved,mfs_file,/home/chukyu/t-tmm/src/tmm900/tmm900_sklgen.c,356,mpf_mfs_getrecm,1,GETREC,&gen_fcb,,,"{""UNREACHABLE"": 1}",,,{},False,
both_unresolved,mfs_file,/home/chukyu/t-tmm/src/tmm900/tmm900_sklgen.c,403,mpf_mfs_getrecm,1,GETREC,&gen_fcb,,,"{""UNREACHABLE"": 1}",,,{},False,
legacy_resolved_only,mfs_file,/home/chukyu/t-tmm/src/tmm900/tmm900_trgen.c,136,mpf_mfs_getrecm,1,GETREC,&fcb,,,"{""UNREACHABLE"": 1}",&fcb; TMM_TRDEF_FNO,2709,"{""ADDED"": 1, ""OK_MACRO"": 1}",False,t-tmm/src/tmm900/tmm900_trgen.c:5314 mpf_mfs_open arg 3 > t-tmm/src/tmm900/tmm900_trgen.c:5875 mpf_mfs_getrecm handle 1
legacy_resolved_only,mfs_file,/home/chukyu/t-tmm/src/tmm900/tmm900_trgen.c,188,mpf_mfs_getrecm,1,GETREC,&fcb,,,"{""UNREACHABLE"": 1}",&fcb; TMM_TRDEF_FNO,2709,"{""ALREADY_PRESENT"": 1, ""OK_CONST"": 1}",True,t-tmm/src/tmm900/tmm900_trgen.c:7616 mpf_mfs_getrecm handle 1
legacy_resolved_only,mfs_file,/home/chukyu/t-tmm/src/tmm900/tmm900_trgen.c,315,mpf_mfs_getrecm,1,GETREC,&fcb,,,"{""UNREACHABLE"": 1}",&fcb; TMM_TRDEF_FNO,2709,"{""ALREADY_PRESENT"": 1, ""OK_CONST"": 1}",True,t-tmm/src/tmm900/tmm900_trgen.c:12659 mpf_mfs_getrecm handle 1
legacy_resolved_only,mfs_file,/home/chukyu/t-tmm/src/tmm900/tmm900_trgen.c,351,mpf_mfs_writerecm,1,WRITEREC,&fcb,,,"{""UNREACHABLE"": 1}",&fcb; TMM_BNAME_FNO,2736,"{""ADDED"": 1, ""OK_MACRO"": 1}",False,t-tmm/src/tmm900/tmm900_trgen.c:13591 mpf_mfs_open arg 3 > t-tmm/src/tmm900/tmm900_trgen.c:13974 mpf_mfs_writerecm handle 1
equal,mfs_file,/home/chukyu/t-tmm/src/tmm900/tmm900_trgen.c,940,mpf_mfs_writerecn,1,WRITEREC,&fcb,2738,2738,"{""EXACT"": 1}",&fcb; TMM_GNNAME_FNO,2738,"{""ADDED"": 1, ""OK_MACRO"": 1}",False,t-tmm/src/tmm900/tmm900_trgen.c:36502 mpf_mfs_open_H arg 2 > t-tmm/src/tmm900/tmm900_trgen.c:36782 mpf_mfs_writerecn handle 1
both_unresolved,mfs_file,/home/chukyu/t-tmm/src/tmm900/tmm900_voltgen.c,106,mpf_mfs_getrecm,1,GETREC,&fcb,,,"{""UNREACHABLE"": 1}",,,{},False,
both_unresolved,mfs_file,/home/chukyu/t-tmm/src/tmm900/tmm900_voltgen.c,231,mpf_mfs_getrecm,1,GETREC,&fcb,,,"{""UNREACHABLE"": 1}",,,{},False,
both_unresolved,mfs_file,/home/chukyu/t-tmm/src/tmm900/tmm900_voltgen.c,458,mpf_mfs_getrecm,1,GETREC,&fcb,,,"{""UNREACHABLE"": 1}",,,{},False,
legacy_resolved_only,mfs_file,/home/chukyu/t-tmm/src/tmm910/tmm910_gnqmnt.c,103,mpf_mfs_getrecm,1,GETREC,&gen_fcb,,,"{""UNREACHABLE"": 1}",&gen_fcb; TMM_GNQDEF_FNO,2715,"{""ALREADY_PRESENT"": 1, ""OK_CONST"": 1}",True,t-tmm/src/tmm910/tmm910_gnqmnt.c:4039 mpf_mfs_getrecm handle 1
legacy_resolved_only,mfs_file,/home/chukyu/t-tmm/src/tmm910/tmm910_gnqmnt.c,112,mpf_mfs_getrecm,1,GETREC,&set_fcb,,,"{""UNREACHABLE"": 1}",&set_fcb; TMM_GNQSET_FNO,2716,"{""ALREADY_PRESENT"": 1, ""OK_CONST"": 1}",True,t-tmm/src/tmm910/tmm910_gnqmnt.c:4317 mpf_mfs_getrecm handle 1
legacy_resolved_only,mfs_file,/home/chukyu/t-tmm/src/tmm910/tmm910_gnqmnt.c,119,mpf_mfs_getrecm,1,GETREC,&stat_fcb,,,"{""UNREACHABLE"": 1}",&stat_fcb; TMM_GNQSTAT_FNO,2717,"{""ADDED"": 1, ""OK_MACRO"": 1}",False,t-tmm/src/tmm910/tmm910_gnqmnt.c:3613 mpf_mfs_open arg 3 > t-tmm/src/tmm910/tmm910_gnqmnt.c:4536 mpf_mfs_getrecm handle 1
legacy_resolved_only,mfs_file,/home/chukyu/t-tmm/src/tmm910/tmm910_gnqmnt.c,224,mpf_mfs_getrecm,1,GETREC,&gen_fcb,,,"{""UNREACHABLE"": 1}",&gen_fcb; TMM_GNQDEF_FNO,2715,"{""ALREADY_PRESENT"": 1, ""OK_CONST"": 1}",True,t-tmm/src/tmm910/tmm910_gnqmnt.c:8120 mpf_mfs_getrecm handle 1
legacy_resolved_only,mfs_file,/home/chukyu/t-tmm/src/tmm910/tmm910_gnqmnt.c,233,mpf_mfs_getrecm,1,GETREC,&set_fcb,,,"{""UNREACHABLE"": 1}",&set_fcb; TMM_GNQSET_FNO,2716,"{""ALREADY_PRESENT"": 1, ""OK_CONST"": 1}",True,t-tmm/src/tmm910/tmm910_gnqmnt.c:8400 mpf_mfs_getrecm handle 1
legacy_resolved_only,mfs_file,/home/chukyu/t-tmm/src/tmm910/tmm910_gnqmnt.c,435,mpf_mfs_getrecm,1,GETREC,&def_fcb,,,"{""UNREACHABLE"": 1}",&def_fcb; TMM_GNQDEF_FNO,2715,"{""ADDED"": 1, ""OK_MACRO"": 1}",False,t-tmm/src/tmm910/tmm910_gnqmnt.c:16257 mpf_mfs_openm_H arg 2 > t-tmm/src/tmm910/tmm910_gnqmnt.c:16545 mpf_mfs_getrecm handle 1
legacy_resolved_only,mfs_file,/home/chukyu/t-tmm/src/tmm910/tmm910_gnqmnt.c,512,mpf_mfs_readrecm,1,READREC,&gt_fcb,,,"{""UNREACHABLE"": 1}",&gt_fcb; TMM_DBGT_FNO,2723,"{""ADDED"": 1, ""OK_MACRO"": 1}",False,t-tmm/src/tmm910/tmm910_gnqmnt.c:19465 mpf_mfs_openm_H arg 2 > t-tmm/src/tmm910/tmm910_gnqmnt.c:19706 mpf_mfs_readrecm handle 1
legacy_resolved_only,mfs_file,/home/chukyu/t-tmm/src/tmm910/tmm910_gnqmnt.c,617,mpf_mfs_readrecm,1,READREC,&gt_fcb,,,"{""UNREACHABLE"": 1}",&gt_fcb; TMM_DBGT_FNO,2723,"{""ADDED"": 1, ""OK_MACRO"": 1}",False,t-tmm/src/tmm910/tmm910_gnqmnt.c:24627 mpf_mfs_openm_H arg 2 > t-tmm/src/tmm910/tmm910_gnqmnt.c:24848 mpf_mfs_readrecm handle 1
legacy_resolved_only,mfs_file,/home/chukyu/t-tmm/src/tmm910/tmm910_gnqmnt.c,636,mpf_mfs_getrecm,1,GETREC,set_fcb,,,"{""UNREACHABLE"": 1}",TMM_GNQSET_FNO; set_fcb,2716,"{""ADDED"": 1, ""ALREADY_PRESENT"": 1, ""OK_CONST"": 2}",True,t-tmm/src/tmm910/tmm910_gnqmnt.c:10595 tmm910_gnqset handle 9 > t-tmm/src/tmm910/tmm910_gnqmnt.c:25519 mpf_mfs_getrecm handle 1 || t-tmm/src/tmm910/tmm910_gnqmnt.c:11529 tmm910_gnqset handle 9 > t-tmm/src/tmm910/tmm910_gnqmnt.c:25519 mpf_mfs_getrecm handle 1
both_unresolved,mfs_file,/home/chukyu/t-tmm/src/tmm910/tmm910_main.c,58,mpf_mfs_open,3,READ,,,,{},FfeMntInfoFileNo,,"{""OK_CONST"": 1}",True,t-tmm/src/tmm910/tmm910_main.c:1878 mpf_mfs_open arg 3
both_unresolved,mfs_file,/home/chukyu/t-tmm/src/tmm910/tmm910_main.c,66,mpf_mfs_readrec,1,READREC,&ffe_fcb,,,"{""UNREACHABLE"": 1}",&ffe_fcb,,"{""OK_CONST"": 1}",True,t-tmm/src/tmm910/tmm910_main.c:2206 mpf_mfs_readrec handle 1
legacy_resolved_only,mfs_file,/home/chukyu/t-tmm/src/tmm910/tmm910_rtmnt.c,143,mpf_mfs_getrecm,1,GETREC,&com_fcb,,,"{""UNREACHABLE"": 1}",&com_fcb; TMM_COMMONSET2_FNO,2727,"{""ALREADY_PRESENT"": 1, ""OK_CONST"": 1}",True,t-tmm/src/tmm910/tmm910_rtmnt.c:5252 mpf_mfs_getrecm handle 1
legacy_resolved_only,mfs_file,/home/chukyu/t-tmm/src/tmm910/tmm910_rtmnt.c,157,mpf_mfs_getrecm,1,GETREC,&gen_fcb,,,"{""UNREACHABLE"": 1}",&gen_fcb; TMM_RTDEF_FNO,2705,"{""ALREADY_PRESENT"": 1, ""OK_CONST"": 1}",True,t-tmm/src/tmm910/tmm910_rtmnt.c:5710 mpf_mfs_getrecm handle 1
legacy_resolved_only,mfs_file,/home/chukyu/t-tmm/src/tmm910/tmm910_rtmnt.c,166,mpf_mfs_getrecm,1,GETREC,&set_fcb,,,"{""UNREACHABLE"": 1}",&set_fcb; TMM_RTSET_FNO,2706,"{""ALREADY_PRESENT"": 1, ""OK_CONST"": 1}",True,t-tmm/src/tmm910/tmm910_rtmnt.c:5938 mpf_mfs_getrecm handle 1
legacy_resolved_only,mfs_file,/home/chukyu/t-tmm/src/tmm910/tmm910_rtmnt.c,173,mpf_mfs_getrecm,1,GETREC,&stat_fcb,,,"{""UNREACHABLE"": 1}",&stat_fcb; TMM_RTSTAT_FNO,2707,"{""ALREADY_PRESENT"": 1, ""OK_CONST"": 1}",True,t-tmm/src/tmm910/tmm910_rtmnt.c:6152 mpf_mfs_getrecm handle 1
legacy_resolved_only,mfs_file,/home/chukyu/t-tmm/src/tmm910/tmm910_rtmnt.c,181,mpf_mfs_getrecm,1,GETREC,&qstat_fcb,,,"{""UNREACHABLE"": 1}",&qstat_fcb; TMM_RTQSTAT_FNO,2708,"{""ALREADY_PRESENT"": 1, ""OK_CONST"": 1}",True,t-tmm/src/tmm910/tmm910_rtmnt.c:6412 mpf_mfs_getrecm handle 1
both_unresolved,mfs_file,/home/chukyu/t-tmm/src/tmm910/tmm910_tmmnt.c,137,mpf_mfs_readrecn,1,READREC,&fcb1,,,"{""UNREACHABLE"": 1}",,,{},False,
both_unresolved,mfs_file,/home/chukyu/t-tmm/src/tmm910/tmm910_tmmnt.c,148,mpf_mfs_readrecn,1,READREC,&fcb2,,,"{""UNREACHABLE"": 1}",,,{},False,
legacy_resolved_only,mfs_file,/home/chukyu/t-tmm/src/tmm910/tmm910_trmnt.c,66,mpf_mfs_getrecm,1,GETREC,&gen_fcb,,,"{""UNREACHABLE"": 1}",&gen_fcb; TMM_TRDEF_FNO,2709,"{""ALREADY_PRESENT"": 1, ""OK_CONST"": 1}",True,t-tmm/src/tmm910/tmm910_trmnt.c:2395 mpf_mfs_getrecm handle 1
legacy_resolved_only,mfs_file,/home/chukyu/t-tmm/src/tmm910/tmm910_trmnt.c,75,mpf_mfs_getrecm,1,GETREC,&stat_fcb,,,"{""UNREACHABLE"": 1}",&stat_fcb; TMM_TRSTAT_FNO,2710,"{""ADDED"": 1, ""OK_MACRO"": 1}",False,t-tmm/src/tmm910/tmm910_trmnt.c:2007 mpf_mfs_open arg 3 > t-tmm/src/tmm910/tmm910_trmnt.c:2631 mpf_mfs_getrecm handle 1
legacy_resolved_only,mfs_file,/home/chukyu/t-tmm/src/tmm910/tmm910_voltmnt.c,109,mpf_mfs_getrecm,1,GETREC,&gen_fcb,,,"{""UNREACHABLE"": 1}",&gen_fcb; TMM_VOLTDEF_FNO,2711,"{""ALREADY_PRESENT"": 1, ""OK_CONST"": 1}",True,t-tmm/src/tmm910/tmm910_voltmnt.c:3990 mpf_mfs_getrecm handle 1
legacy_resolved_only,mfs_file,/home/chukyu/t-tmm/src/tmm910/tmm910_voltmnt.c,119,mpf_mfs_getrecm,1,GETREC,&set_fcb,,,"{""UNREACHABLE"": 1}",&set_fcb; TMM_VOLTSET_FNO,2712,"{""ALREADY_PRESENT"": 1, ""OK_CONST"": 1}",True,t-tmm/src/tmm910/tmm910_voltmnt.c:4273 mpf_mfs_getrecm handle 1
legacy_resolved_only,mfs_file,/home/chukyu/t-tmm/src/tmm910/tmm910_voltmnt.c,126,mpf_mfs_getrecm,1,GETREC,&sstat_fcb,,,"{""UNREACHABLE"": 1}",&sstat_fcb; TMM_SSVOLTSTAT_FNO,2713,"{""ALREADY_PRESENT"": 1, ""OK_CONST"": 1}",True,t-tmm/src/tmm910/tmm910_voltmnt.c:4507 mpf_mfs_getrecm handle 1
legacy_resolved_only,mfs_file,/home/chukyu/t-tmm/src/tmm910/tmm910_voltmnt.c,133,mpf_mfs_getrecm,1,GETREC,&pstat_fcb,,,"{""UNREACHABLE"": 1}",&pstat_fcb; TMM_PSVOLTSTAT_FNO,2714,"{""ADDED"": 1, ""OK_MACRO"": 1}",False,t-tmm/src/tmm910/tmm910_voltmnt.c:3546 mpf_mfs_open arg 3 > t-tmm/src/tmm910/tmm910_voltmnt.c:4759 mpf_mfs_getrecm handle 1
legacy_resolved_only,mfs_file,/home/chukyu/t-tmm/src/tmm910/tmm910_voltmnt.c,279,mpf_mfs_getrecm,1,GETREC,&set_fcb,,,"{""UNREACHABLE"": 1}",&set_fcb; TMM_VOLTSET_FNO,2712,"{""ALREADY_PRESENT"": 1, ""OK_CONST"": 1}",True,t-tmm/src/tmm910/tmm910_voltmnt.c:10122 mpf_mfs_getrecm handle 1
legacy_resolved_only,mfs_file,/home/chukyu/t-tmm/src/tmm910/tmm910_voltmnt.c,285,mpf_mfs_getrecm,1,GETREC,&sstat_fcb,,,"{""UNREACHABLE"": 1}",&sstat_fcb; TMM_SSVOLTSTAT_FNO,2713,"{""ALREADY_PRESENT"": 1, ""OK_CONST"": 1}",True,t-tmm/src/tmm910/tmm910_voltmnt.c:10391 mpf_mfs_getrecm handle 1
legacy_resolved_only,mfs_file,/home/chukyu/t-tmm/src/tmm910/tmm910_voltmnt.c,292,mpf_mfs_getrecm,1,GETREC,&pstat_fcb,,,"{""UNREACHABLE"": 1}",&pstat_fcb; TMM_PSVOLTSTAT_FNO,2714,"{""ADDED"": 1, ""OK_MACRO"": 1}",False,t-tmm/src/tmm910/tmm910_voltmnt.c:3546 mpf_mfs_open arg 3 > t-tmm/src/tmm910/tmm910_voltmnt.c:10697 mpf_mfs_getrecm handle 1
both_unresolved,mfs_file,/home/chukyu/t-tmm/tool/opmtool/tmmtool.c,69,mpf_mfs_readrecn,1,READREC,&fcb,,,"{""UNREACHABLE"": 1}",,,{},False,
both_unresolved,mfs_file,/home/chukyu/t-tmm/tool/opmtool/tmmtool.c,76,mpf_mfs_readrecn,1,READREC,&fcb,,,"{""UNREACHABLE"": 1}",,,{},False,
legacy_resolved_only,mfs_queue,/home/chukyu/t-dif/src/dif110d/dif110dMain.c,150,mpf_mfs_delque,2,DELQUE,DifSVInputQNo,,,"{""UNREACHABLE"": 1}",DifSVInputQNo,935,"{""ADDED"": 1, ""OK_MACRO"": 1}",False,t-dif/src/dif110d/dif110dMain.c:7415 mpf_mfs_delque arg 2
legacy_resolved_only,mfs_queue,/home/chukyu/t-dif/src/dif111d/dif111dMain.c,118,mpf_mfs_delque,2,DELQUE,DifTMInputQNo,,,"{""UNREACHABLE"": 1}",DifTMInputQNo,936,"{""ADDED"": 1, ""OK_MACRO"": 1}",False,t-dif/src/dif111d/dif111dMain.c:5944 mpf_mfs_delque arg 2
legacy_resolved_only,mfs_queue,/home/chukyu/t-dif/src/dif112d/dif112dMain.c,200,mpf_mfs_delque,2,DELQUE,DifKoshoInputQNo,,,"{""UNREACHABLE"": 1}",DifKoshoInputQNo,937,"{""ADDED"": 1, ""OK_MACRO"": 1}",False,t-dif/src/dif112d/dif112dMain.c:10360 mpf_mfs_delque arg 2
legacy_resolved_only,mfs_queue,/home/chukyu/t-dif/src/dif112d/dif112dMain.c,546,mpf_mfs_delque,2,DELQUE,DifDvInfRcvQNo,,,"{""UNREACHABLE"": 1}",DifDvInfRcvQNo,938,"{""ADDED"": 1, ""OK_MACRO"": 1}",False,t-dif/src/dif112d/dif112dMain.c:26109 mpf_mfs_delque arg 2
legacy_resolved_only,mfs_queue,/home/chukyu/t-dif/src/dif120d/dif120dMain.c,157,mpf_mfs_delque,2,DELQUE,DifSVJohenQNo,,,"{""UNREACHABLE"": 1}",DifSVJohenQNo,939,"{""ADDED"": 1, ""OK_MACRO"": 1}",False,t-dif/src/dif120d/dif120dMain.c:7778 mpf_mfs_delque arg 2
legacy_resolved_only,mfs_queue,/home/chukyu/t-dif/src/dif121d/dif121dMain.c,143,mpf_mfs_delque,2,DELQUE,DifTMJohenQNo,,,"{""UNREACHABLE"": 1}",DifTMJohenQNo,940,"{""ADDED"": 1, ""OK_MACRO"": 1}",False,t-dif/src/dif121d/dif121dMain.c:6218 mpf_mfs_delque arg 2
legacy_resolved_only,mfs_queue,/home/chukyu/t-dif/src/dif122d/dif122dMain.c,326,mpf_mfs_delque,2,DELQUE,DifKoshoJohenQNo,,,"{""UNREACHABLE"": 1}",DifKoshoJohenQNo,941,"{""ADDED"": 1, ""OK_MACRO"": 1}",False,t-dif/src/dif122d/dif122dMain.c:14041 mpf_mfs_delque arg 2
both_unresolved,mfs_queue,/home/chukyu/t-dif/src/dif130d/dif130Deque.c,139,mpf_mfs_delque,2,DELQUE,DifFuteiInputQNo,,,"{""UNREACHABLE"": 1}",,,{},False,
both_unresolved,mfs_queue,/home/chukyu/t-dif/src/dif130d/dif130Deque.c,380,mpf_mfs_delque,2,DELQUE,DifFuteiInfoQNo,,,"{""UNREACHABLE"": 1}",,,{},False,
legacy_resolved_only,mfs_queue,/home/chukyu/t-dif/src/dif200d/dif200dMain.c,175,mpf_mfs_delque,2,DELQUE,DifKoshoInfoQNo,,,"{""UNREACHABLE"": 1}",DifKoshoInfoQNo,942,"{""ADDED"": 1, ""OK_MACRO"": 1}",False,t-dif/src/dif200d/dif200dMain.c:7794 mpf_mfs_delque arg 2
both_unresolved,mfs_queue,/home/chukyu/t-dif/src/dif210d/dif210Deque.c,70,mpf_mfs_delque,2,DELQUE,DifOpSetteiQNo,,,"{""UNREACHABLE"": 1}",,,{},False,
legacy_resolved_only,mfs_queue,/home/chukyu/t-dif/src/dif400d/dif400Deque.c,65,mpf_mfs_delque,2,DELQUE,DifTakeiSendQNo,,,"{""UNREACHABLE"": 1}",DifTakeiSendQNo,932,"{""ADDED"": 1, ""OK_MACRO"": 1}",False,t-dif/src/dif400d/dif400Deque.c:2988 mpf_mfs_delque arg 2
both_unresolved,mfs_queue,/home/chukyu/t-dif/src/libdifP/difItcRtn.c,135,mpf_mfs_addque,2,ADDQUE,DifDllInfQNo,,,"{""UNREACHABLE"": 1}",,,{},False,
both_unresolved,mfs_queue,/home/chukyu/t-dxi/src/dxi000d/dxi000d_inf.c,354,mpf_mfs_addque,2,ADDQUE,Dxi_RepfailInfoG[i].qno,,,"{""DYNAMIC"": 1}",Dxi_RepfailInfoG[i].qno,,"{""UNRESOLVED"": 1}",True,t-dxi/src/dxi000d/dxi000d_inf.c:12001 mpf_mfs_addque arg 2
both_unresolved,mfs_queue,/home/chukyu/t-dxi/src/dxi000d/dxi000d_inf.c,417,mpf_mfs_addque,2,ADDQUE,Dxi_RepfailInfoG[i].qno,,,"{""DYNAMIC"": 1}",Dxi_RepfailInfoG[i].qno,,"{""UNRESOLVED"": 1}",True,t-dxi/src/dxi000d/dxi000d_inf.c:14141 mpf_mfs_addque arg 2
both_unresolved,mfs_queue,/home/chukyu/t-dxi/src/dxi000d_31174/dxi000d_inf.c,354,mpf_mfs_addque,2,ADDQUE,Dxi_RepfailInfoG[i].qno,,,"{""DYNAMIC"": 1}",Dxi_RepfailInfoG[i].qno,,"{""UNRESOLVED"": 1}",True,t-dxi/src/dxi000d_31174/dxi000d_inf.c:12001 mpf_mfs_addque arg 2
both_unresolved,mfs_queue,/home/chukyu/t-dxi/src/dxi000d_31174/dxi000d_inf.c,417,mpf_mfs_addque,2,ADDQUE,Dxi_RepfailInfoG[i].qno,,,"{""DYNAMIC"": 1}",Dxi_RepfailInfoG[i].qno,,"{""UNRESOLVED"": 1}",True,t-dxi/src/dxi000d_31174/dxi000d_inf.c:14141 mpf_mfs_addque arg 2
both_unresolved,mfs_queue,/home/chukyu/t-dxi/src/dxi110d/dxi110d_child.c,866,mpf_mfs_addque,2,ADDQUE,qno,,,"{""EXTERNAL"": 1}",qno,,"{""UNRESOLVED"": 1}",True,t-dxi/src/dxi110d/dxi110d_child.c:33078 mpf_mfs_addque arg 2
legacy_resolved_only,mfs_queue,/home/chukyu/t-dxi/src/dxi110d/dxi110d_parent.c,2298,mpf_mfs_delque,2,DELQUE,DXI_QNO_DATABUFF,,,"{""UNREACHABLE"": 1}",DXI_QNO_DATABUFF,707,"{""ADDED"": 1, ""OK_MACRO"": 1}",False,t-dxi/src/dxi110d/dxi110d_parent.c:92825 mpf_mfs_delque arg 2
legacy_resolved_only,mfs_queue,/home/chukyu/t-dxi/src/dxi110d/dxi110d_parent.c,2316,mpf_mfs_addque,2,ADDQUE,,,,{},DXI_QNO_DATABUFF,707,"{""ADDED"": 1, ""OK_MACRO"": 1}",False,t-dxi/src/dxi110d/dxi110d_parent.c:93703 mpf_mfs_addque arg 2
legacy_resolved_only,mfs_queue,/home/chukyu/t-dxi/src/dxi110d/dxi_buffqread.c,63,mpf_mfs_delque,2,DELQUE,DXI_QNO_DATABUFF,,,"{""UNREACHABLE"": 1}",DXI_QNO_DATABUFF,707,"{""ADDED"": 1, ""OK_MACRO"": 1}",False,t-dxi/src/dxi110d/dxi_buffqread.c:2890 mpf_mfs_delque arg 2
both_unresolved,mfs_queue,/home/chukyu/t-dxi/src/dxi110d/dxi_dnqread.c,71,mpf_mfs_delque,2,DELQUE,filenum[(myshu*2)+itc_kind-1],,,"{""UNREACHABLE"": 1}",filenum[(myshu*2)+itc_kind-1],,"{""UNRESOLVED"": 1}",True,t-dxi/src/dxi110d/dxi_dnqread.c:3379 mpf_mfs_delque arg 2
legacy_resolved_only,mfs_queue,/home/chukyu/t-dxi/src/dxi150d/dxiG150d_child.c,936,mpf_mfs_addque,2,ADDQUE,,,,{},DXI_QNO_GRCVDATA,731,"{""ADDED"": 1, ""OK_MACRO"": 1}",False,t-dxi/src/dxi150d/dxiG150d_child.c:33408 mpf_mfs_addque arg 2
legacy_resolved_only,mfs_queue,/home/chukyu/t-dxi/src/dxi150d/dxiG150d_parent.c,2411,mpf_mfs_delque,2,DELQUE,DXI_QNO_DATABUFF,,,"{""UNREACHABLE"": 1}",DXI_QNO_DATABUFF,707,"{""ADDED"": 1, ""OK_MACRO"": 1}",False,t-dxi/src/dxi150d/dxiG150d_parent.c:93098 mpf_mfs_delque arg 2
legacy_resolved_only,mfs_queue,/home/chukyu/t-dxi/src/dxi150d/dxiG150d_parent.c,2431,mpf_mfs_addque,2,ADDQUE,DXI_QNO_DATABUFF,,,"{""UNREACHABLE"": 1}",DXI_QNO_DATABUFF,707,"{""ADDED"": 1, ""OK_MACRO"": 1}",False,t-dxi/src/dxi150d/dxiG150d_parent.c:94010 mpf_mfs_addque arg 2
legacy_resolved_only,mfs_queue,/home/chukyu/t-dxi/src/dxi150d/dxiG_buffqread.c,58,mpf_mfs_delque,2,DELQUE,DXI_QNO_DATABUFF,,,"{""UNREACHABLE"": 1}",DXI_QNO_DATABUFF,707,"{""ADDED"": 1, ""OK_MACRO"": 1}",False,t-dxi/src/dxi150d/dxiG_buffqread.c:2729 mpf_mfs_delque arg 2
both_unresolved,mfs_queue,/home/chukyu/t-dxi/src/dxi150d/dxiG_dnqread.c,69,mpf_mfs_delque,2,DELQUE,filenum[itc_kind-1],,,"{""UNREACHABLE"": 1}",filenum[itc_kind-1],,"{""UNRESOLVED"": 1}",True,t-dxi/src/dxi150d/dxiG_dnqread.c:3028 mpf_mfs_delque arg 2
both_unresolved,mfs_queue,/home/chukyu/t-dxi/src/dxi300d/dxi300d_apdiv.c,317,mpf_mfs_addque,2,ADDQUE,Dxi_ApdivInfoG[i].qno,,,"{""DYNAMIC"": 1}",Dxi_ApdivInfoG[i].qno,,"{""UNRESOLVED"": 1}",True,t-dxi/src/dxi300d/dxi300d_apdiv.c:11295 mpf_mfs_addque arg 2
both_unresolved,mfs_queue,/home/chukyu/t-dxi/src/dxi300d/dxi_upqread.c,75,mpf_mfs_delque,2,DELQUE,qno,,,"{""UNREACHABLE"": 1}",,,{},False,
both_unresolved,mfs_queue,/home/chukyu/t-dxi/src/dxi310d/dxiG310d_apdiv.c,224,mpf_mfs_addque,2,ADDQUE,Dxi_ApdivInfoG[i].qno,,,"{""DYNAMIC"": 1}",,,{},False,
both_unresolved,mfs_queue,/home/chukyu/t-dxi/src/dxi310d/dxiG_upqread.c,52,mpf_mfs_delque,2,DELQUE,DXI_QNO_GRCVDATA,,,"{""UNREACHABLE"": 1}",,,{},False,
both_unresolved,mfs_queue,/home/chukyu/t-dxi/src/dxi350d/dxi_tstqread.c,55,mpf_mfs_delque,2,DELQUE,DXI_QNO_RCVTST,,,"{""UNREACHABLE"": 1}",,,{},False,
both_unresolved,mfs_queue,/home/chukyu/t-dxi/src/dxi360d/dxi_tstqread.c,55,mpf_mfs_delque,2,DELQUE,DXI_QNO_RCVTST,,,"{""UNREACHABLE"": 1}",,,{},False,
both_unresolved,mfs_queue,/home/chukyu/t-dxi/src/dxi400d/dxi400d_main.c,249,mpf_mfs_delque,2,DELQUE,qno,,,"{""UNREACHABLE"": 1}",qno,,"{""UNRESOLVED"": 1}",True,t-dxi/src/dxi400d/dxi400d_main.c:9557 mpf_mfs_delque arg 2
both_unresolved,mfs_queue,/home/chukyu/t-dxi/src/dxi500d/dxi500d_main.c,282,mpf_mfs_addque,2,ADDQUE,qno,,,"{""EXTERNAL"": 1}",qno,,"{""UNRESOLVED"": 1}",True,t-dxi/src/dxi500d/dxi500d_main.c:10584 mpf_mfs_addque arg 2
both_unresolved,mfs_queue,/home/chukyu/t-dxi/src/dxi510d/dxi510d_main.c,403,mpf_mfs_addque,2,ADDQUE,qno,,,"{""EXTERNAL"": 1}",qno,,"{""UNRESOLVED"": 1}",True,t-dxi/src/dxi510d/dxi510d_main.c:14726 mpf_mfs_addque arg 2
both_unresolved,mfs_queue,/home/chukyu/t-dxi/src/dxi800d/dxi_trcqread.c,57,mpf_mfs_delque,2,DELQUE,DXI_QNO_TRACE,,,"{""UNREACHABLE"": 1}",,,{},False,
both_unresolved,mfs_queue,/home/chukyu/t-dxi/src/libdxi/DxiItcReq2.c,711,mpf_mfs_addque,2,ADDQUE,filenum,,,"{""UNREACHABLE"": 1}",,,{},False,
cvisualizer_resolved_only,mfs_queue,/home/chukyu/t-dxi/src/libdxi/DxiQWrtEvn.c,72,mpf_mfs_addque,2,ADDQUE,filenum,708,708,"{""EXACT"": 1, ""EXTERNAL"": 10, ""UNREACHABLE"": 1}",,,{},False,
both_unresolved,mfs_queue,/home/chukyu/t-dxi/src/libdxi/DxiSimReq.c,739,mpf_mfs_addque,2,ADDQUE,DXI_QNO_RCVDATA,,,"{""UNREACHABLE"": 1}",,,{},False,
cvisualizer_resolved_only,mfs_queue,/home/chukyu/t-dxi/src/libdxi/DxiSndSim.c,146,mpf_mfs_addque,2,ADDQUE,DXI_QNO_SIMRCVQ,1101,1101,"{""EXACT"": 1, ""UNREACHABLE"": 1}",,,{},False,
cvisualizer_resolved_only,mfs_queue,/home/chukyu/t-dxi/src/libdxi/DxiWtrace.c,215,mpf_mfs_addque,2,ADDQUE,DXI_QNO_TRACE,704,704,"{""EXACT"": 1, ""UNREACHABLE"": 1}",,,{},False,
both_unresolved,mfs_queue,/home/chukyu/t-rep/src/libmsg/MsgEnqSem.c,127,mpf_mfs_addque,2,ADDQUE,quename,,,"{""UNREACHABLE"": 1}",,,{},False,
both_unresolved,mfs_queue,/home/chukyu/t-rep/src/msg200d/msg200dDeq.c,62,mpf_mfs_delque,2,DELQUE,MsgBackUpQNo,,,"{""UNREACHABLE"": 1}",,,{},False,
both_unresolved,mfs_queue,/home/chukyu/t-rep/src/msg200d/msg200dMain.c,102,mpf_mfs_delque_H,1,DELQUE,MsgBackUpQNo,,,"{""UNREACHABLE"": 1}",,,{},False,
legacy_resolved_only,mfs_queue,/home/chukyu/t-rep/src/msg230d/msg230d.c,161,mpf_mfs_delque,2,DELQUE,MsgBackUpQNo,,,"{""UNREACHABLE"": 1}",MsgBackUpQNo,1055,"{""ADDED"": 1, ""OK_MACRO"": 1}",False,t-rep/src/msg230d/msg230d.c:6147 mpf_mfs_delque arg 2
legacy_resolved_only,mfs_queue,/home/chukyu/t-rep/src/msg400d/msg400dDeq.c,63,mpf_mfs_delque,2,DELQUE,MsgGetQNo,,,"{""UNREACHABLE"": 1}",MsgGetQNo,1051,"{""ADDED"": 1, ""OK_MACRO"": 1}",False,t-rep/src/msg400d/msg400dDeq.c:2635 mpf_mfs_delque arg 2
legacy_resolved_only,mfs_queue,/home/chukyu/t-rep/src/msg400d/msg400dDeq.c,82,mpf_mfs_delque,2,DELQUE,MsgGetQNo,,,"{""UNREACHABLE"": 1}",MsgGetQNo,1051,"{""ADDED"": 1, ""OK_MACRO"": 1}",False,t-rep/src/msg400d/msg400dDeq.c:3310 mpf_mfs_delque arg 2
cvisualizer_resolved_only,mfs_queue,/home/chukyu/t-sim/src/libsim_kun/libsimk_SimEnqueSem.c,48,mpf_mfs_addque,2,ADDQUE,fno,1103; 1104; 1106; 1107,1103; 1104; 1106; 1107,"{""EXACT"": 4, ""UNREACHABLE"": 1}",,,{},False,
both_unresolved,mfs_queue,/home/chukyu/t-sim/src/libsimutil/SimAddSemCB.c,96,mpf_mfs_delque,2,DELQUE,fno,,,"{""UNREACHABLE"": 1}",,,{},False,
both_unresolved,mfs_queue,/home/chukyu/t-sim/src/sim430d/sim430d.c,836,mpf_mfs_delque,2,DELQUE,q_no,,,"{""UNREACHABLE"": 1}",,,{},False,
both_unresolved,mfs_queue,/home/chukyu/t-sim/src/sim570d/SimSoeQue.c,67,mpf_mfs_delque,2,DELQUE,SIM_SOEQUENO,,,"{""UNREACHABLE"": 1}",,,{},False,
both_unresolved,mfs_queue,/home/chukyu/t-sim/src/sim570d/SimSoeQue.c,75,mpf_mfs_addque,2,ADDQUE,SIM_SOEQUENO,,,"{""UNREACHABLE"": 1}",,,{},False,
both_unresolved,mfs_queue,/home/chukyu/t-svm/src/libDac/Dac_DelQue.c,85,mpf_mfs_delque,2,DELQUE,filenum,,,"{""UNREACHABLE"": 1}",,,{},False,
both_unresolved,mfs_queue,/home/chukyu/t-svm/src/libDac/Dac_DelQue.c,94,mpf_mfs_delque,2,DELQUE,filenum,,,"{""UNREACHABLE"": 1}",,,{},False,
both_unresolved,mfs_queue,/home/chukyu/t-svm/src/libDac/Dac_EnqFork.c,122,mpf_mfs_addque,2,ADDQUE,quename,,,"{""UNREACHABLE"": 1}",,,{},False,
cvisualizer_resolved_only,mfs_queue,/home/chukyu/t-svm/src/libDac/Dac_EnqSem.c,115,mpf_mfs_addque,2,ADDQUE,fileno,845,845,"{""EXACT"": 1, ""UNREACHABLE"": 1}",,,{},False,
both_unresolved,mfs_queue,/home/chukyu/t-svm/src/libDac/Dac_EnqSem2.c,115,mpf_mfs_addque,2,ADDQUE,fileno,,,"{""EXTERNAL"": 1, ""UNREACHABLE"": 1}",,,{},False,
both_unresolved,mfs_queue,/home/chukyu/t-svm/src/libsvmP/SvmEnqFork.c,121,mpf_mfs_addque,2,ADDQUE,quename,,,"{""UNREACHABLE"": 1}",,,{},False,
both_unresolved,mfs_queue,/home/chukyu/t-svm/src/libsvmP/SvmJyuteiden.c,207,mpf_mfs_addque,2,ADDQUE,SvmJyuteiQNo,,,"{""UNREACHABLE"": 1}",,,{},False,
legacy_resolved_only,mfs_queue,/home/chukyu/t-svm/src/svm000/svm000MentInt.c,138,mpf_mfs_addque,2,ADDQUE,,,,{},SvmJyuteiQNo,830,"{""ADDED"": 1, ""OK_MACRO"": 1}",False,t-svm/src/svm000/svm000MentInt.c:5472 mpf_mfs_addque arg 2
legacy_resolved_only,mfs_queue,/home/chukyu/t-svm/src/svm000/svm000MentInt.c,253,mpf_mfs_addque,2,ADDQUE,,,,{},SvmJyuteiQNo,830,"{""ADDED"": 1, ""OK_MACRO"": 1}",False,t-svm/src/svm000/svm000MentInt.c:9972 mpf_mfs_addque arg 2
legacy_resolved_only,mfs_queue,/home/chukyu/t-svm/src/svm100d/svm100dMain.c,1078,mpf_mfs_addque,2,ADDQUE,,,,{},SvmInitialMPQNo,866,"{""ADDED"": 1, ""OK_MACRO"": 1}",False,t-svm/src/svm100d/svm100dMain.c:36049 mpf_mfs_addque arg 2
both_unresolved,mfs_queue,/home/chukyu/t-svm/src/svm101d/svm101dMain.c,872,mpf_mfs_addque,2,ADDQUE,SvmInitialMPQNo,,,"{""UNREACHABLE"": 1}",,,{},False,
legacy_resolved_only,mfs_queue,/home/chukyu/t-svm/src/svm200d/svm200dJyohen.c,147,mpf_mfs_delque,2,DELQUE,SvmSVRcvQNo,,,"{""UNREACHABLE"": 1}",SvmSVRcvQNo,801,"{""ADDED"": 1, ""OK_MACRO"": 1}",False,t-svm/src/svm200d/svm200dJyohen.c:5069 mpf_mfs_delque arg 2
legacy_resolved_only,mfs_queue,/home/chukyu/t-svm/src/svm200d/svm200dRyHold.c,238,mpf_mfs_addque,2,ADDQUE,,,,{},SvmRYHoldQNo,803,"{""ADDED"": 1, ""OK_MACRO"": 1}",False,t-svm/src/svm200d/svm200dRyHold.c:8079 mpf_mfs_addque arg 2
legacy_resolved_only,mfs_queue,/home/chukyu/t-svm/src/svm200d/svm200dRyHold.c,292,mpf_mfs_addque,2,ADDQUE,,,,{},SvmRYHoldQNo,803,"{""ADDED"": 1, ""OK_MACRO"": 1}",False,t-svm/src/svm200d/svm200dRyHold.c:9702 mpf_mfs_addque arg 2
legacy_resolved_only,mfs_queue,/home/chukyu/t-svm/src/svm200d/svm200dRyHold.c,564,mpf_mfs_addque,2,ADDQUE,,,,{},SvmRYTienQNo,804,"{""ADDED"": 1, ""OK_MACRO"": 1}",False,t-svm/src/svm200d/svm200dRyHold.c:19440 mpf_mfs_addque arg 2
legacy_resolved_only,mfs_queue,/home/chukyu/t-svm/src/svm500d/svm500Main.c,180,mpf_mfs_delque,2,DELQUE,SvmTakeiSendQNo,,,"{""UNREACHABLE"": 1}",SvmTakeiSendQNo,845,"{""ADDED"": 1, ""OK_MACRO"": 1}",False,t-svm/src/svm500d/svm500Main.c:6174 mpf_mfs_delque arg 2
both_unresolved,mfs_queue,/home/chukyu/t-svm/tool/svmsetq/svmsetq.c,118,mpf_mfs_addque_H,1,ADDQUE,file_no,,,"{""UNREACHABLE"": 1}",,,{},False,
both_unresolved,mfs_queue,/home/chukyu/t-svm/tool/svmsetq/svmsetq.c,130,mpf_mfs_addque_H,1,ADDQUE,file_no,,,"{""UNREACHABLE"": 1}",,,{},False,
both_unresolved,mfs_queue,/home/chukyu/t-tmm/src/libtmmp/TmmDeque.c,51,mpf_mfs_delque,2,DELQUE,file_no,,,"{""UNREACHABLE"": 1}",,,{},False,
both_unresolved,mfs_queue,/home/chukyu/t-tmm/src/libtmmp/TmmEnque.c,72,mpf_mfs_addque,2,ADDQUE,queno,,,"{""UNREACHABLE"": 1}",,,{},False,
both_unresolved,mfs_queue,/home/chukyu/t-tmm/src/libtmmp/TmmEnque.c,110,mpf_mfs_addque,2,ADDQUE,queno,,,"{""UNREACHABLE"": 1}",,,{},False,
